srcStateName,srcDistrictName,District and Taluk Court Case type,Pending cases for a period of 0 to 1 Years,Pending cases for a period of 1 to 3 Years,Pending cases for a period of 3 to 5 Years,Pending cases for a period of 5 to 10 Years,Pending cases for a period of 10 to 20 Years,Pending cases for a period of 20 to 30 Years,Pending cases over 30 Years,Pending cases,Original pending cases,Pending Appeal cases,Pending Application cases,Pending Execution cases,Cases pending at Appearance or Service-Related stage,Cases pending at Compliance or Steps or stay stage,Cases pending at Evidence or Argument or Judgement stage,Cases pending at Pleadings or Issues or Charge stage,Cases instituted in last month,Cases disposed in last month,Cases filed by Senior Citizens,Cases filed by women,Cases delayed in disposal,,,Delay_Ratio,Old_Pending_Percentage,Pending_Case_Growth,Case_Disposal_Rate,Pending_to_Disposed_Ratio,Normalized_Case_Disposal_Rate,Normalized_Delay_Ratio,Normalized_Old_Pending_Percentage,Normalized_Pending_Case_Growth,Normalized_Pending_to_Disposed_Ratio,Court_Efficiency_Index_PCA_Absolute
Haryana,Karnal,Civil,10649,8733,4810,2208,38,0,0,26438,20241,2311,1454,2432,9899,1545,12841,2151,116,4,3667,2728,2258,,,0.085404138,0.084950263,0.999810885,0.000151292,5287.6,0.000216131,0.059545699,0.129882957,0.999829143,0.096556006,0.524092934
Haryana,Karnal,Criminal,18889,16880,7438,3447,43,0,0,46697,42333,2245,2119,0,22737,394,20701,2831,4003,1405,964,1563,2512,,,0.053792454,0.074735535,0.969891644,0.030086942,33.21266003,0.042981345,0.037505317,0.114265359,0.969909355,0.000606491,0.557177336
Haryana,Karnal,Total,29538,25613,12248,5655,81,0,0,73135,62574,4556,3573,2432,32636,1939,33542,4982,4119,1409,4631,4291,4770,,,0.065220958,0.078429228,0.980720849,0.019265478,51.86879433,0.027522111,0.045473529,0.119912755,0.980738758,0.000947168,0.548376713
Haryana,Sirsa,Civil,6246,4778,2012,691,27,1,1,13756,10778,1137,598,1243,4017,1347,6865,1527,82,19,2669,1597,6171,,,0.448571636,0.052336992,0.998546195,0.001381115,687.8,0.001973022,0.312754302,0.080019568,0.998564429,0.012559804,0.484927292
Haryana,Sirsa,Criminal,12162,8776,5046,1459,26,1,1,27471,23902,1056,2513,0,10723,468,14793,1486,2474,1884,743,1917,15167,,,0.5520894,0.054127839,0.931384683,0.068578917,14.5734748,0.097969881,0.384929231,0.082757646,0.93140169,0.000266124,0.502191636
Haryana,Sirsa,Total,18408,13554,7058,2150,53,2,2,41227,34680,2193,3111,1243,14740,1815,21658,3013,2556,1903,3412,3514,21338,,,0.517560881,0.05353158,0.953817794,0.046157951,21.65283613,0.06593993,0.360855166,0.081846009,0.953835211,0.000395399,0.496789428
Haryana,Ambala,Civil,8279,6986,3868,2574,50,0,0,21757,15479,1642,1163,3473,8648,1816,8965,2328,90,4,4932,3018,10272,,,0.472102215,0.12059932,0.999770199,0.00018384,4351.4,0.000262629,0.329160355,0.184387849,0.999788456,0.07946021,0.448130425
Haryana,Ambala,Criminal,16459,16092,6606,3045,24,1,0,42227,37766,1324,3137,0,24784,362,15522,1479,1804,983,1251,2256,18943,,,0.448588614,0.072700578,0.976697926,0.023278393,42.91361789,0.033254848,0.31276614,0.111154053,0.976715761,0.000783639,0.489258678
Haryana,Ambala,Total,24738,23078,10474,5619,74,1,0,63984,53245,2966,4300,3473,33432,2178,24487,3807,1894,987,6183,5274,29215,,,0.456591389,0.088989607,0.984558881,0.01542549,64.7611336,0.022036415,0.318345855,0.136058829,0.98457686,0.001182593,0.477695218
Haryana,Bhiwani,Civil,12018,9438,5804,3154,35,0,0,30449,20929,2736,2065,4719,11783,2325,12994,3344,138,5,6015,4241,10000,,,0.328407225,0.104729064,0.999802956,0.000164204,5074.833333,0.000234577,0.228972954,0.160123348,0.999821213,0.092670708,0.476724506
Haryana,Bhiwani,Criminal,13122,11404,7343,3378,14,0,0,35261,30407,1771,3083,0,11923,702,20199,2410,1377,1223,834,2365,11284,,,0.320004537,0.096194203,0.965288412,0.034683228,28.80800654,0.049547469,0.22311441,0.147074149,0.965306039,0.000526058,0.507296966
Haryana,Bhiwani,Total,25140,20842,13147,6532,49,0,0,65710,51336,4507,5148,4719,23706,3027,33193,5754,1515,1228,6849,6606,21284,,,0.323903152,0.10015066,0.981296891,0.018687891,53.46623271,0.026696987,0.225832612,0.153123291,0.98131481,0.000976338,0.497016138
Haryana,Faridabad,Civil,13250,11409,6648,3890,53,3,2,35255,24531,1544,2351,6829,17553,1803,11256,4643,145,10,4147,4565,17060,,,0.483889267,0.111980939,0.999687996,0.00028364,3205,0.0004052,0.337378554,0.171210954,0.999706252,0.058525985,0.45145668
Haryana,Faridabad,Criminal,35538,29816,16118,6390,269,6,0,88137,80711,1875,5551,0,55575,761,25439,6357,3174,3122,1689,4578,45526,,,0.516530895,0.07562005,0.964566929,0.035421725,28.22190202,0.050602464,0.360137036,0.115617721,0.964584543,0.000515356,0.483066786
Haryana,Faridabad,Total,48788,41225,22766,10280,322,9,2,123392,105242,3419,7902,6829,73128,2564,36695,11000,3319,3132,5836,9143,62586,,,0.507208675,0.086009741,0.974609581,0.025382315,39.38461538,0.03626045,0.353637373,0.131502825,0.974627378,0.000719196,0.475540134
Haryana,Gurugram,Civil,16619,13384,8990,6235,1447,3,0,46678,32263,3212,3105,8098,19790,4753,16570,5560,127,18,4243,2988,26380,,,0.565136357,0.164635061,0.999592965,0.000385612,2456.736842,0.000550875,0.394025865,0.25171539,0.999611218,0.044862073,0.419177506
Haryana,Gurugram,Criminal,130743,90321,62077,19974,387,0,0,303502,292923,4488,6091,0,207411,3482,54259,38221,8735,14070,1801,1639,216902,,,0.714661799,0.067086652,0.95363802,0.046358685,21.56932698,0.066226693,0.498278389,0.102570756,0.953655434,0.000393874,0.459123378
Haryana,Gurugram,Total,147362,103705,71067,26209,1834,3,0,350180,325186,7700,9196,8098,227201,8235,70829,43781,8862,14088,6044,4627,243282,,,0.694732153,0.080090011,0.959766521,0.040230624,24.8548513,0.057472319,0.484382988,0.122451974,0.959784047,0.00045387,0.454337977
Haryana,Hisar,Civil,10083,8131,4229,2144,28,1,0,24616,18345,1638,896,3736,9140,2176,10106,3194,14,7,4480,4995,8528,,,0.346427266,0.088272332,0.999675021,0.000284356,3077,0.000406223,0.241536934,0.134962167,0.999693276,0.056188598,0.48346966
Haryana,Hisar,Criminal,20418,17674,8177,3167,23,0,0,49459,45143,2133,2181,2,21583,520,24703,2633,7262,3074,968,3677,16862,,,0.340921957,0.064496563,0.937828548,0.062151233,16.08422764,0.088787476,0.237698508,0.098610693,0.937845674,0.000293711,0.52986705
Haryana,Hisar,Total,30501,25805,12406,5311,51,1,0,74075,63488,3771,3077,3738,30723,2696,34809,5827,7276,3081,5448,8672,25390,,,0.342756088,0.072398618,0.958394082,0.041592419,24.03471772,0.059417741,0.238977306,0.110692377,0.958411583,0.000438894,0.516141761
Haryana,Jhajjar,Civil,6201,5024,3383,2307,14,0,1,16930,12471,809,1133,2517,6458,1605,6419,2065,51,1,3824,2594,7850,,,0.463646565,0.137144882,0.999881873,5.91E-05,8465,8.44E-05,0.323264884,0.209684847,0.999900132,0.154577992,0.436214999
Haryana,Jhajjar,Criminal,10141,7817,4565,2663,11,0,0,25197,21753,880,2215,349,10666,834,11232,2402,2838,900,565,1879,11253,,,0.446583062,0.106119533,0.964243194,0.03571712,27.96559378,0.051024458,0.311367823,0.162249278,0.964260802,0.000510675,0.483104409
Haryana,Jhajjar,Total,16342,12841,7948,4970,25,0,1,42127,34224,1689,3348,2866,17124,2439,17651,4467,2889,901,4389,4473,19103,,,0.453451386,0.118590961,0.978589062,0.021387201,46.70399113,0.030553144,0.316156574,0.18131721,0.978606932,0.000852854,0.469922862
Haryana,Jind,Civil,6584,4387,2456,1395,15,0,0,14837,10612,1552,593,2080,4927,924,6313,2673,40,6,2742,2178,5740,,,0.386844588,0.095026284,0.999528238,0.000404367,2119.571429,0.000577667,0.269716807,0.145288482,0.999546491,0.03870515,0.47588095
Haryana,Jind,Criminal,8602,7621,4600,1926,18,1,0,22768,20051,1214,1503,0,8389,292,12038,2047,631,359,626,1734,9797,,,0.43027801,0.085423163,0.984189029,0.015767052,63.24444444,0.02252436,0.299999571,0.130605988,0.984207001,0.001154897,0.483590648
Haryana,Jind,Total,15186,12008,7056,3321,33,1,0,37605,30663,2766,2096,2080,13316,1216,18351,4720,671,365,3368,3912,15537,,,0.413152157,0.089214487,0.990267511,0.009705898,102.7459016,0.013865569,0.288059039,0.136402655,0.990285594,0.001876226,0.481838175
Haryana,Kurukshetra,Civil,7468,5343,3198,1479,82,3,1,17574,12085,1772,959,2758,6735,957,7912,1970,90,5,2980,3080,5911,,,0.336330014,0.089046942,0.999658606,0.000284495,2929,0.000406421,0.234496902,0.13614649,0.999676861,0.053485994,0.485094328
Haryana,Kurukshetra,Criminal,10304,9421,4857,1592,19,0,0,26193,22501,1660,2032,0,10255,320,14030,1581,1070,810,1069,1923,9364,,,0.357486447,0.061502634,0.969038711,0.030923112,32.297164,0.044175875,0.249247646,0.094033188,0.969056407,0.000589773,0.512483224
Haryana,Kurukshetra,Total,17772,14764,8055,3071,101,3,1,43767,34586,3432,2991,2758,16990,1277,21942,3551,1160,815,4049,5003,15275,,,0.348999269,0.072564431,0.981356242,0.01862091,53.63602941,0.0266013,0.243330193,0.110945894,0.981374162,0.000979439,0.503398765
Haryana,Narnaul,Civil,7498,6769,4656,2735,26,1,0,21685,15496,2130,1617,2442,7684,2012,8384,3605,43,2,5407,3373,9291,,,0.42843309,0.127363276,0.999861662,9.22E-05,7228.333333,0.000131751,0.298713252,0.194729461,0.99987992,0.131995423,0.447873109
Haryana,Narnaul,Criminal,9518,7543,4593,1583,28,0,0,23265,20932,1081,1045,205,10027,521,9686,2981,415,249,946,1872,8481,,,0.364523339,0.069242672,0.989254706,0.010702312,93.06,0.015289018,0.254153926,0.105867159,0.989272771,0.001699354,0.498044613
Haryana,Narnaul,Total,17016,14312,9249,4318,54,1,0,44950,36428,3211,2662,2647,17711,2533,18070,6586,458,251,6353,5245,17772,,,0.395363841,0.097283709,0.994393896,0.005583858,178.3730159,0.00797694,0.275656622,0.148739926,0.994412054,0.003257241,0.479478583
Haryana,Rohtak,Civil,6160,4847,2707,1132,33,0,0,14879,11169,726,1159,1825,7981,373,5088,1437,56,7,2688,2624,6194,,,0.416263441,0.078293011,0.999462366,0.00047043,1859.875,0.000672043,0.290228297,0.119704488,0.999480617,0.033962876,0.477896191
Haryana,Rohtak,Criminal,16984,12293,7467,2998,24,2,0,39768,35604,638,3002,524,21682,248,14845,2979,2426,2171,920,2349,15687,,,0.394452966,0.076039126,0.945384596,0.054590259,18.30939227,0.077986084,0.27502154,0.116258458,0.94540186,0.000334345,0.512780285
Haryana,Rohtak,Total,23144,17140,10174,4130,57,2,0,54647,46773,1364,4161,2349,29663,621,19933,4416,2482,2178,3608,4973,21881,,,0.400398917,0.076654223,0.960126629,0.039855072,25.07893529,0.056935818,0.279167191,0.117198898,0.960144161,0.000457962,0.504108312
Haryana,Sonepat,Civil,9955,7996,4692,3967,75,0,0,26685,19753,1140,1705,4087,11348,2272,10046,3019,102,3,5653,4090,11386,,,0.426665667,0.151465188,0.999850109,0.000112418,6671.25,0.000160598,0.297480965,0.231579583,0.999868367,0.121822614,0.439881974
Haryana,Sonepat,Criminal,14065,12017,7305,4464,23,0,0,37874,34474,1009,2357,34,15806,514,18526,3027,1556,1169,1270,2744,15689,,,0.414231023,0.118468647,0.969108911,0.030864686,32.37094017,0.044092409,0.288811249,0.181130201,0.969126608,0.00059112,0.481261841
Haryana,Sonepat,Total,24020,20013,11997,8431,98,0,0,64559,54227,2149,4062,4121,27154,2786,28572,6046,1658,1172,6923,6834,27075,,,0.419377323,0.132109665,0.981830855,0.018153656,55.03751066,0.025933794,0.292399366,0.201986356,0.981848784,0.001005031,0.468729072
Haryana,Panchkula,Civil,4229,3196,1849,1344,140,1,0,10759,7205,609,724,2221,4491,350,3772,2127,44,1,2289,1658,4384,,,0.407434944,0.138011152,0.999814126,9.29E-05,5379.5,0.000132767,0.284072869,0.211009313,0.999832384,0.098234177,0.450386227
Haryana,Panchkula,Criminal,8204,5313,3182,1047,23,1,0,17770,15604,664,1502,0,9030,209,6666,1855,722,545,817,1319,6701,,,0.37707501,0.060266727,0.969275786,0.030667942,32.54578755,0.043811346,0.262905235,0.092143572,0.969293486,0.000594313,0.509594006
Haryana,Panchkula,Total,12433,8509,5031,2391,163,2,0,28529,22809,1273,2226,2221,13521,559,10438,3982,766,546,3106,2977,11085,,,0.388538381,0.089589905,0.980827199,0.01913775,52.15539305,0.027339642,0.270897757,0.136976643,0.98084511,0.000952401,0.490611922
Haryana,Fatehabad,Civil,5319,3033,1696,668,17,1,0,10734,7753,1410,409,1162,3598,859,5155,1121,90,4,1886,2019,284,,,0.026455519,0.063903121,0.999534234,0.000372613,2146.8,0.000532304,0.018445387,0.097703362,0.999552486,0.039202367,0.547299279
Haryana,Fatehabad,Criminal,7514,5741,3517,1082,3,0,0,17857,15365,1405,1087,0,6271,323,10071,1191,3934,546,510,1358,266,,,0.014895285,0.060757084,0.96936947,0.030574532,32.64533821,0.043677903,0.01038533,0.092893293,0.969387172,0.000596131,0.569212529
Haryana,Fatehabad,Total,12833,8774,5213,1750,20,1,0,28591,23118,2815,1496,1162,9869,1182,15226,2312,4024,550,2396,3377,550,,,0.01923615,0.061940403,0.980728875,0.01923615,51.8892922,0.027480214,0.013411879,0.094702505,0.980746784,0.000947542,0.562279411
Haryana,Kaithal,Civil,6347,5029,3276,1819,56,0,2,16529,12538,1230,835,1926,5432,1512,8098,1487,103,6,2711,1492,5603,,,0.338959468,0.113551119,0.999576528,0.000362976,2361.285714,0.000518538,0.236330216,0.173611648,0.999594781,0.043119055,0.476272588
Haryana,Kaithal,Criminal,8278,8593,5175,1371,13,0,0,23430,21334,924,1172,0,10435,424,10871,1698,439,218,484,1094,5792,,,0.247193888,0.059067048,0.990653408,0.009303914,106.9863014,0.013291305,0.172349176,0.090309348,0.990671498,0.001953659,0.520600898
Haryana,Kaithal,Total,14625,13622,8451,3190,69,0,2,39959,33872,2154,2007,1926,15867,1936,18969,3185,542,224,3195,2586,11395,,,0.28516016,0.081606607,0.994369369,0.005605606,177.5955556,0.008008008,0.198820121,0.124770743,0.994387527,0.003243044,0.503706266
Haryana,Rewari,Civil,7818,6414,4134,3481,41,1,1,21890,16738,1638,1577,1937,8054,482,9340,3886,79,5,4894,4103,8987,,,0.410534009,0.160979398,0.999725915,0.000228404,3648.333333,0.000326292,0.286233607,0.246126139,0.999744171,0.066621623,0.444048912
Haryana,Rewari,Criminal,10654,9968,6686,2586,19,0,0,29913,26701,738,2474,0,11668,261,12816,2593,1837,1463,1021,2608,12085,,,0.403991442,0.087082971,0.951059704,0.048906866,20.43237705,0.069866952,0.281671981,0.133143718,0.951077072,0.000373112,0.504103716
Haryana,Rewari,Total,18472,16382,10820,6067,60,1,1,51803,43439,2376,4051,1937,19722,743,22156,6479,1916,1468,5915,6711,21072,,,0.406763956,0.118311327,0.971643116,0.02833758,35.26412526,0.040482257,0.283605041,0.18088967,0.971660859,0.000643952,0.481273501
Haryana,Panipat,Civil,7528,5404,2462,905,41,0,0,16340,12872,771,1165,1531,6154,1461,6292,2433,49,2,2498,3095,5472,,,0.334863227,0.057891194,0.999816413,0.000122392,5446.666667,0.000174845,0.233474225,0.08851155,0.99983467,0.099460697,0.492951121
Haryana,Panipat,Criminal,20083,11450,5652,2574,43,1,1,39804,36158,1060,2586,0,20721,493,15219,3368,2842,938,676,2938,13632,,,0.342469539,0.065795754,0.976409999,0.023564879,42.38977636,0.033664113,0.238777517,0.100597065,0.976427829,0.000774073,0.509585511
Haryana,Panipat,Total,27611,16854,8114,3479,84,1,1,56144,49030,1831,3751,1531,26875,1954,21511,5801,2891,940,3174,6033,19104,,,0.340261822,0.063496304,0.983239825,0.016742364,59.66418704,0.023917662,0.237238247,0.097081368,0.98325778,0.001089518,0.507354895
Haryana,Nuh,Civil,5052,4527,3372,1187,30,1,0,14169,11415,523,971,1260,6130,901,5354,1782,69,12,2276,984,5233,,,0.369301341,0.085956246,0.999082569,0.00084686,1089.923077,0.001209799,0.257485257,0.131421034,0.999100813,0.019902909,0.484208606
Haryana,Nuh,Criminal,7386,6455,4686,2677,12,2,0,21218,18656,467,2083,12,9117,515,9394,2128,1009,1053,319,704,7951,,,0.374711344,0.126820303,0.950327537,0.049625336,20.13092979,0.070893337,0.261257234,0.193899293,0.95034489,0.000367608,0.494094004
Haryana,Nuh,Total,12438,10982,8058,3864,42,3,0,35387,30071,990,3054,1272,15247,1416,14748,3910,1078,1065,2595,1688,13184,,,0.372555669,0.110461173,0.969876794,0.030094947,33.19606004,0.042992782,0.259754248,0.168887339,0.969894505,0.000606188,0.490825376
Haryana,Yamunanagar,Civil,10466,8235,5303,2025,57,1,1,26088,20448,1986,1220,2434,9929,1321,11721,3117,157,10,4923,3507,11324,,,0.434052666,0.079880409,0.999578366,0.000383303,2371.636364,0.000547576,0.302631347,0.122131509,0.999596619,0.043308067,0.473437509
Haryana,Yamunanagar,Criminal,15600,10754,5874,1907,37,0,0,34172,30578,1347,2247,0,16096,237,15982,1855,2292,735,1010,2662,10804,,,0.31615603,0.056887016,0.978462529,0.021508208,46.42934783,0.030726012,0.220431143,0.086976233,0.978480396,0.000847839,0.516300671
Haryana,Yamunanagar,Total,26066,18989,11177,3932,94,1,1,60260,51026,3333,3467,2434,26025,1558,27703,4972,2449,745,5933,6169,22128,,,0.367202668,0.066842568,0.987620517,0.012362888,80.77747989,0.017661269,0.256022015,0.10219757,0.987638552,0.001475064,0.499374112
Haryana,Palwal,Civil,7316,5956,4111,1234,29,2,1,18649,15006,817,1066,1760,9417,638,6832,1761,59,2,2777,1935,3220,,,0.172654155,0.067882038,0.999839142,0.000107239,6216.333333,0.000153198,0.120378387,0.103786845,0.9998574,0.113515455,0.514628708
Haryana,Palwal,Criminal,9289,7277,5468,2950,28,1,0,25013,22583,751,1679,0,9782,269,13844,1114,3284,800,592,1523,5199,,,0.207843608,0.119093308,0.967977932,0.03198209,31.22721598,0.0456887,0.14491327,0.182085263,0.967995608,0.000570235,0.515699382
Haryana,Palwal,Total,16605,13233,9579,4184,57,3,1,43662,37589,1568,2745,1760,19199,907,20676,2875,3343,802,3369,3458,8419,,,0.192817718,0.097221904,0.981609143,0.018367955,54.373599,0.026239935,0.134436879,0.148645431,0.981627068,0.000992907,0.519639275
Mizoram,Aizawl,Civil,112,1072,466,393,58,0,0,2101,1424,1,51,232,103,179,837,656,2,4,165,351,12,,,0.005708849,0.214557564,0.997621313,0.00190295,420.2,0.002718499,0.003980339,0.328043375,0.99763953,0.007673204,0.496805985
Mizoram,Aizawl,Criminal,140,1317,612,386,10,0,0,2465,2106,9,115,0,223,327,1279,285,13,0,10,103,7,,,0.002838605,0.160583942,0.999594485,0,2465,0,0.00197914,0.245521515,0.999612738,0.045012965,0.513530852
Mizoram,Aizawl,Total,252,2389,1078,779,68,0,0,4566,3530,10,166,232,326,506,2116,941,15,4,175,454,19,,,0.00416028,0.185460915,0.998905189,0.000875848,913.2,0.001251212,0.002900642,0.283556652,0.99892343,0.016675797,0.506797585
Mizoram,Lunglei,Civil,104,96,29,5,0,0,0,234,0,0,0,0,0,0,0,0,1,0,16,55,7,,,0.029787234,0.021276596,0.995744681,0,234,0,0.020768334,0.032530413,0.995762864,0.004273036,0.567027543
Mizoram,Lunglei,Criminal,147,51,23,4,0,0,0,225,0,0,0,0,0,0,0,0,3,3,1,17,18,,,0.079646018,0.017699115,0.982300885,0.013274336,56.25,0.018963338,0.055531007,0.027060698,0.982318823,0.001027172,0.567197645
Mizoram,Lunglei,Total,251,147,52,9,0,0,0,459,0,0,0,0,0,0,0,0,4,3,17,72,25,,,0.054347826,0.019565217,0.991304348,0.006521739,114.75,0.00931677,0.037892535,0.029913837,0.99132245,0.002095431,0.566653113
Mizoram,Champhai,Civil,22,56,13,2,0,0,0,93,0,0,0,0,0,0,0,0,0,0,17,17,0,,,0,0.021276596,0.989361702,0,93,0,0,0.032530413,0.989379769,0.001698258,0.573612309
Mizoram,Champhai,Criminal,44,151,83,8,0,0,0,286,0,0,0,0,0,0,0,0,0,0,1,4,0,,,0,0.027874564,0.996515679,0,286,0,0,0.042618242,0.996533877,0.0052226,0.569164319
Mizoram,Champhai,Total,66,207,96,10,0,0,0,379,0,0,0,0,0,0,0,0,0,0,18,21,0,,,0,0.026315789,0.997368421,0,379,0,0,0.040234985,0.997386634,0.006920858,0.569414381
Punjab,Ludhiana,Civil,25811,14972,7767,4530,487,12,2,53581,37350,5350,3674,7207,18021,6692,18091,7205,337,6,6476,5163,19819,,,0.369881677,0.093893472,0.999869359,0.000111978,7654.428571,0.000159968,0.257889881,0.143556492,0.999887618,0.139776279,0.469651745
Punjab,Ludhiana,Criminal,46078,24989,12423,4691,288,6,0,88475,75889,4227,8450,0,48282,3556,29830,6508,2175,1238,1652,4713,29941,,,0.338408156,0.056342963,0.985996202,0.013992495,71.40839387,0.019989279,0.235945829,0.086144414,0.986014207,0.001303977,0.508990331
Punjab,Ludhiana,Total,71889,39961,20190,9221,775,18,2,142056,113239,9577,12124,7207,66303,10248,47921,13713,2512,1244,8128,9876,49760,,,0.350281929,0.070506909,0.991235912,0.008757048,114.1012048,0.012510069,0.244224493,0.107800089,0.991254013,0.002083584,0.498888362
Punjab,Jalandhar,Civil,16393,10106,4776,2395,119,6,0,33795,23551,2612,2441,5191,12466,3264,13216,4849,180,5,8221,6838,1309,,,0.038732394,0.074565037,0.999822464,0.000147947,5632.5,0.000211352,0.027005102,0.11400468,0.999840722,0.102854169,0.535198726
Punjab,Jalandhar,Criminal,23877,9162,5255,2535,84,3,0,40916,32345,1684,6887,0,13786,1518,21980,3631,2429,1686,1960,4468,1113,,,0.027201408,0.064080944,0.958770193,0.041205367,24.2537048,0.05886481,0.018965437,0.097975242,0.958787701,0.000442893,0.571281549
Punjab,Jalandhar,Total,40270,19268,10031,4930,203,9,0,74711,55896,4296,9328,5191,26252,4782,35196,8480,2609,1691,10181,11306,2422,,,0.032417818,0.068824285,0.977353036,0.02263358,44.15543735,0.032333685,0.022602437,0.105227475,0.977370883,0.000806315,0.559189073
Punjab,Rupnagar,Civil,6943,4309,2113,577,30,0,0,13972,8968,1180,1253,2571,4810,1587,5415,2159,115,0,3897,2189,4685,,,0.335289487,0.043440922,0.999928433,0,13972,0,0.233771422,0.066418104,0.999946693,0.255140426,0.484017372
Punjab,Rupnagar,Criminal,5129,3052,1424,350,25,0,0,9980,6989,1096,1895,0,3443,319,5369,848,478,317,649,1868,3012,,,0.301773369,0.037571386,0.968139465,0.031760345,31.3836478,0.045371921,0.210403226,0.057443997,0.968157144,0.000573092,0.53129147
Punjab,Rupnagar,Total,12072,7361,3537,927,55,0,0,23952,15957,2276,3148,2571,8253,1906,10784,3007,593,317,4546,4057,7697,,,0.32133762,0.040996952,0.986724001,0.01323425,75.32075472,0.018906072,0.224043865,0.062681447,0.98674202,0.00137542,0.51730451
Punjab,Fatehgarh Sahib,Civil,4889,3103,1275,434,55,1,0,9757,7158,680,1008,911,2934,902,4175,1746,145,1,1989,1129,3320,,,0.340233654,0.050215208,0.99979504,0.00010248,4878.5,0.0001464,0.237218608,0.076775509,0.999813297,0.089085497,0.495957261
Punjab,Fatehgarh Sahib,Criminal,4399,2865,1523,385,17,1,0,9190,7111,576,1503,0,3317,335,4681,854,456,395,528,862,3237,,,0.352192362,0.043847242,0.956914373,0.042976825,23.20707071,0.061395465,0.24555649,0.067039339,0.956931847,0.000423781,0.526236036
Punjab,Fatehgarh Sahib,Total,9288,5968,2798,819,72,2,0,18947,14269,1256,2511,911,6251,1237,8856,2600,601,396,2517,1991,6557,,,0.346052354,0.047128985,0.979047921,0.020899303,47.72544081,0.029856148,0.241275537,0.072056892,0.979065799,0.000871507,0.514791827
Punjab,Patiala,Civil,17468,11512,4985,2188,154,7,1,36315,25134,2426,2504,6251,1819,3995,24899,5595,263,4,5537,3524,16211,,,0.446387267,0.06470977,0.99986232,0.000110144,7263,0.000157349,0.311231311,0.098936672,0.999880578,0.132628465,0.468841822
Punjab,Patiala,Criminal,18367,11337,5750,1948,53,2,0,37457,30918,2169,4370,0,1978,1332,31373,2750,1519,971,1713,3287,15237,,,0.406775589,0.053473223,0.974050937,0.025922366,38.53600823,0.037031952,0.283613151,0.081756785,0.974068724,0.0007037,0.504873763
Punjab,Patiala,Total,35835,22849,10735,4136,207,9,1,73772,56052,4595,6874,6251,3797,5327,56272,8345,1782,975,7250,6811,31448,,,0.426280618,0.059005327,0.986770228,0.013216217,75.58606557,0.01888031,0.297212499,0.090214981,0.986788247,0.001380265,0.493050655
Punjab,Ferozepur,Civil,7635,3537,1494,332,19,2,0,13019,8424,597,969,3029,6819,701,4132,1365,90,3,2083,1337,4641,,,0.356451613,0.027112135,0.99969278,0.000230415,3254.75,0.000329164,0.248526136,0.041452541,0.999711036,0.059434462,0.504912405
Punjab,Ferozepur,Criminal,8200,3555,1260,268,8,0,0,13291,10393,711,2187,0,6569,154,5722,839,767,635,637,1375,4322,,,0.32515799,0.02076437,0.95215167,0.047773097,20.89779874,0.068247281,0.226707513,0.031747256,0.952169057,0.000381611,0.541960249
Punjab,Ferozepur,Total,15835,7092,2754,600,27,2,0,26310,18817,1308,3156,3029,13388,855,9854,2204,857,638,2720,2712,8963,,,0.340655999,0.023906351,0.97571358,0.024248413,41.17370892,0.03464059,0.237513077,0.036551124,0.975731397,0.000751866,0.526274211
Punjab,Amritsar,Civil,14486,8829,4763,1932,132,1,0,30143,22575,2028,2700,2840,12186,2560,10949,4439,177,6,4700,2249,9643,,,0.319897824,0.068504512,0.999767781,0.000199045,4306.142857,0.000284349,0.223040006,0.104738564,0.999786038,0.078633776,0.493311012
Punjab,Amritsar,Criminal,24915,13559,7659,2351,103,1,0,48588,39078,2031,7479,0,21821,919,22729,3084,2041,1723,1050,2484,20015,,,0.41192451,0.050525839,0.964518718,0.035460701,28.18329466,0.050658144,0.287203096,0.077250443,0.964536331,0.000514651,0.509984049
Punjab,Amritsar,Total,39401,22388,12422,4283,235,2,0,78731,61653,4059,10179,2840,34007,3479,33678,7523,2218,1729,5750,4733,29658,,,0.376695626,0.057409948,0.978026724,0.021960575,45.50924855,0.03137225,0.26264072,0.087775759,0.978044583,0.000831037,0.506321983
Punjab,Faridkot,Civil,4499,1839,707,199,32,0,1,7277,5053,356,575,1293,2827,904,2481,1065,52,1,1628,1201,1992,,,0.273701566,0.031876889,0.999725199,0.0001374,3638.5,0.000196286,0.19083093,0.048737514,0.999743455,0.066442058,0.516084506
Punjab,Faridkot,Criminal,5302,2636,1103,149,11,0,0,9201,6790,609,1802,0,3252,449,4877,619,478,322,431,1156,2646,,,0.287546186,0.017387524,0.964898935,0.034992393,28.48606811,0.049989133,0.200483712,0.026584298,0.964916555,0.000520179,0.54300966
Punjab,Faridkot,Total,9801,4475,1810,348,43,0,1,16478,11843,965,2377,1293,6079,1353,7358,1684,530,323,2059,2357,4638,,,0.281449117,0.023787851,0.980338613,0.019600704,50.85802469,0.028001006,0.196232697,0.036369946,0.980356515,0.00092871,0.533745881
Punjab,Gurdaspur,Civil,9116,4790,2148,748,75,5,0,16882,12011,1729,1398,1744,5147,1282,8148,2304,151,2,2347,2576,3716,,,0.220103062,0.049043416,0.999822306,0.000118462,5627.333333,0.000169232,0.153460839,0.074983923,0.999840564,0.102759821,0.514997796
Punjab,Gurdaspur,Criminal,9459,5243,3017,707,20,0,0,18446,14451,1067,2928,0,6500,432,10168,1342,791,740,615,2529,3852,,,0.208814441,0.039410202,0.959830867,0.040114924,24.89338731,0.057307034,0.145590157,0.060255418,0.959848394,0.000454574,0.55016928
Punjab,Gurdaspur,Total,18575,10033,5165,1455,95,5,0,35328,26462,2796,4326,1744,11647,1714,18316,3646,942,742,2962,5105,7568,,,0.214214951,0.044014832,0.978969119,0.021002576,47.54777927,0.03000368,0.149355514,0.067295572,0.978986996,0.000868262,0.537818576
Punjab,Kapurthala,Civil,4824,2724,1160,424,36,2,1,9171,5550,1070,895,1656,4163,620,3037,1350,77,9,2206,1566,1082,,,0.117967728,0.050479721,0.998909725,0.000981247,917.1,0.001401782,0.082249771,0.077179931,0.998927966,0.016747014,0.539694469
Punjab,Kapurthala,Criminal,9518,4260,2007,708,16,0,0,16509,13158,915,2439,0,6281,356,9151,722,692,640,764,1214,1388,,,0.08407026,0.043852211,0.961175045,0.038764385,25.7550702,0.055377693,0.058615689,0.067046936,0.961192597,0.000470309,0.568401646
Punjab,Kapurthala,Total,14342,6984,3167,1132,52,2,1,25680,18708,1985,3334,1656,10444,976,12188,2072,769,649,2970,2780,2470,,,0.096180055,0.046220942,0.974689459,0.025271602,39.50769231,0.036102288,0.067058912,0.070668558,0.974707258,0.000721444,0.558651936
Punjab,Moga,Civil,5635,2396,797,246,18,0,0,9092,5764,798,712,1818,4155,700,3240,996,81,1,1733,1400,1958,,,0.215330474,0.029033322,0.999780051,0.000109975,4546,0.000157107,0.150133282,0.044389901,0.999798307,0.083013769,0.525273583
Punjab,Moga,Criminal,6213,3026,1693,431,11,0,0,11374,9011,874,1491,0,4576,240,6061,496,741,559,415,993,3240,,,0.284835165,0.038857143,0.950769231,0.049142857,20.31071429,0.070204082,0.198593527,0.059409829,0.950786593,0.000370891,0.542392011
Punjab,Moga,Total,11848,5422,2490,677,29,0,0,20466,14775,1672,2203,1818,8731,940,9301,1492,822,560,2148,2393,5198,,,0.253969805,0.034494552,0.972590023,0.027361118,36.48128342,0.039087311,0.177073499,0.052739736,0.972607783,0.000666179,0.538128009
Punjab,Mansa,Civil,4826,1684,660,303,26,2,0,7501,4618,651,631,1601,2926,590,3013,972,66,0,1306,1246,1685,,,0.224606772,0.044121568,0.999866702,0,7501,0,0.156600927,0.067458763,0.999884961,0.136974544,0.512943888
Punjab,Mansa,Criminal,5370,4035,2074,325,2,0,0,11806,9915,574,1317,0,2859,379,7782,781,529,443,324,1230,3998,,,0.338612687,0.027695435,0.962395189,0.037520115,26.59009009,0.053600165,0.236088433,0.042344366,0.962412763,0.000485557,0.531897942
Punjab,Mansa,Total,10196,5719,2734,628,28,2,0,19307,14533,1225,1948,1601,5785,969,10795,1753,595,443,1630,2476,5683,,,0.294333955,0.034079138,0.977004351,0.022943857,43.48423423,0.032776939,0.205216298,0.052104597,0.977022191,0.000794059,0.529374768
Punjab,Sri Muktsar Sahib,Civil,5078,2638,1116,364,21,1,0,9218,6333,689,643,1553,3915,654,3372,1276,37,0,1378,947,153,,,0.01659616,0.041870051,0.999891528,0,9218,0,0.011571219,0.064016353,0.999909787,0.168328403,0.545288775
Punjab,Sri Muktsar Sahib,Criminal,7051,5386,3098,835,15,0,0,16385,13923,895,1567,0,5834,337,9541,663,423,307,628,995,148,,,0.009032101,0.051873551,0.981203466,0.018735506,53.19805195,0.026765008,0.006297385,0.079310998,0.981221384,0.000971441,0.567570996
Punjab,Sri Muktsar Sahib,Total,12129,8024,4214,1199,36,1,0,25603,20256,1584,2210,1553,9749,991,12913,1939,460,307,2006,1942,301,,,0.011755976,0.048273707,0.98797063,0.011990314,83.12662338,0.01712902,0.008196532,0.073807092,0.987988671,0.001517962,0.565037784
Punjab,SBS Nagar,Civil,4010,2166,737,255,32,0,0,7200,5022,675,843,660,2901,368,2779,1152,65,1,2013,1480,2161,,,0.300097209,0.039855576,0.999722261,0.00013887,3600,0.000198385,0.209234569,0.060936363,0.999740517,0.065739016,0.508733252
Punjab,SBS Nagar,Criminal,3166,2024,1002,203,8,1,0,6404,4536,562,1306,0,2251,113,3381,588,347,283,366,893,2598,,,0.405620609,0.033099141,0.955659641,0.044184231,22.54929577,0.06312033,0.282807873,0.050606251,0.955677092,0.000411769,0.522143197
Punjab,SBS Nagar,Total,7176,4190,1739,458,40,1,0,13604,9558,1237,2149,660,5152,481,6160,1740,412,284,2379,2373,4759,,,0.349797868,0.036677692,0.979051819,0.020874678,47.73333333,0.029820969,0.243886995,0.056077603,0.979069697,0.000871651,0.518166687
Punjab,Barnala,Civil,3839,1598,544,177,15,1,0,6174,4195,459,580,940,2385,578,2099,1108,66,3,952,1478,1801,,,0.291659919,0.031255061,0.999352227,0.00048583,1543.5,0.000694043,0.2033519,0.047786782,0.999370476,0.028185603,0.517059294
Punjab,Barnala,Criminal,4837,2635,1016,240,12,0,0,8740,6642,516,1582,0,3907,153,3944,733,578,521,249,1279,2473,,,0.282919574,0.028829653,0.940281432,0.059604164,16.74329502,0.085148806,0.197257934,0.044078506,0.940298603,0.000305747,0.551842602
Punjab,Barnala,Total,8676,4233,1560,417,27,1,0,14914,10837,975,2162,940,6292,731,6043,1841,644,524,1201,2757,4274,,,0.286557157,0.029835736,0.964800536,0.035132417,28.40761905,0.050189167,0.199794139,0.045616735,0.964818154,0.000518747,0.538468397
Punjab,Bathinda,Civil,11251,5542,2575,981,157,5,0,20511,14055,1040,1947,3325,7487,2151,7475,3385,111,7,3251,3382,5317,,,0.259214119,0.055723479,0.999609984,0.000341264,2563.875,0.00048752,0.180729953,0.085197267,0.999628238,0.046818506,0.511238448
Punjab,Bathinda,Criminal,14976,7476,4964,1134,24,0,0,28574,22839,1859,3674,0,11159,667,15092,1647,1242,1616,874,3428,9084,,,0.317900262,0.040524934,0.943412073,0.056552931,17.67099567,0.080789901,0.221647261,0.061959765,0.943429301,0.000322687,0.540023649
Punjab,Bathinda,Total,26227,13018,7539,2115,181,5,0,49085,36894,2899,5621,3325,18646,2818,22567,5032,1353,1623,4125,6810,14401,,,0.293383042,0.04687691,0.96691521,0.033064418,30.22475369,0.047234882,0.2045533,0.071671487,0.966932867,0.000551929,0.529757744
Punjab,Hoshiarpur,Civil,9635,5814,3086,1396,92,1,0,20024,13491,2896,1341,2296,6969,1557,8138,3358,170,1,5455,3576,4629,,,0.231161049,0.074357054,0.999900125,4.99E-05,10012,7.13E-05,0.161170718,0.113686688,0.999918384,0.182827508,0.496067939
Punjab,Hoshiarpur,Criminal,9438,5856,2581,957,41,0,0,18873,13549,1959,3365,0,7183,502,9364,1822,810,716,1225,2679,4313,,,0.228515418,0.052876974,0.962011232,0.037935785,26.32217573,0.054193978,0.159326124,0.080845161,0.9620288,0.000480665,0.540654164
Punjab,Hoshiarpur,Total,19073,11670,5667,2353,133,1,0,38897,27040,4855,4706,2296,14152,2059,17502,5180,980,717,6680,6255,8942,,,0.229883284,0.063936449,0.981541467,0.018432824,54.17409471,0.026332606,0.160279831,0.097754319,0.981559391,0.000989264,0.52629212
Punjab,Sangrur,Civil,11589,7363,3659,1362,92,1,1,24067,15924,2266,1401,4476,8639,2525,9327,3568,157,1,3960,2802,7795,,,0.323874024,0.060495263,0.999916902,4.15E-05,12033.5,5.94E-05,0.225812303,0.092492989,0.999935161,0.219741792,0.482648162
Punjab,Sangrur,Criminal,13612,7883,4338,1230,22,0,0,27085,21065,1672,4348,0,11883,660,12655,1882,1186,1072,1103,2504,9250,,,0.341504836,0.046223141,0.960385439,0.039577642,25.24231128,0.056539488,0.238104905,0.070671921,0.960402976,0.000460946,0.525356573
Punjab,Sangrur,Total,25201,15246,7997,2592,114,1,1,51152,36989,3938,5749,4476,20522,3185,21982,5450,1343,1073,5063,5306,17045,,,0.333216038,0.052939222,0.979004164,0.020976287,47.62756052,0.029966124,0.232325767,0.080940334,0.979022041,0.000869719,0.514720109
Punjab,Pathankot,Civil,4245,3082,1771,704,7,3,0,9812,7002,550,970,1290,3083,1086,4163,1477,63,1,2989,1753,6147,,,0.626413941,0.072760624,0.999796189,0.000101906,4906,0.000145579,0.436749984,0.111245859,0.999814446,0.08958767,0.439984215
Punjab,Pathankot,Criminal,5052,3116,1222,355,4,0,0,9749,7105,377,2267,0,4095,364,4660,629,267,162,483,1985,4433,,,0.454666667,0.036820513,0.983282051,0.016615385,59.80981595,0.023736264,0.317003895,0.056295966,0.983300007,0.001092177,0.498616765
Punjab,Pathankot,Total,9297,6198,2993,1059,11,3,0,19561,14107,927,3237,1290,7178,1450,8823,2106,330,163,3472,3738,10580,,,0.540844494,0.054851242,0.991616399,0.008332481,119.2743902,0.011903545,0.377089028,0.083863679,0.991634507,0.00217805,0.473177166
Punjab,Tarn Taran,Civil,4657,2202,1017,434,13,0,0,8323,5487,192,1133,1511,4462,559,2303,987,67,0,1209,816,2631,,,0.316074003,0.053700144,0.999879865,0,8323,0,0.220373952,0.082103731,0.999898124,0.151984953,0.492775283
Punjab,Tarn Taran,Criminal,6654,4133,2266,1105,21,1,0,14180,12310,341,1529,0,6784,149,6543,687,567,559,353,601,7311,,,0.515548974,0.079472534,0.960510542,0.039418941,25.32142857,0.056312773,0.359452419,0.121507896,0.960528082,0.000462391,0.48379058
Punjab,Tarn Taran,Total,11311,6335,3283,1539,34,1,0,22503,17797,533,2662,1511,11246,708,8846,1674,634,559,1562,1417,9942,,,0.441788127,0.069943121,0.975115535,0.024840028,40.18392857,0.035485755,0.308024686,0.106938097,0.975133341,0.000733792,0.492236131
Punjab,Mohali,Civil,11255,8619,3653,1993,77,1,0,25598,15666,1760,2224,5948,10843,2102,7933,4669,92,1,5053,3953,11765,,,0.459588265,0.080901598,0.999921872,3.91E-05,12799,5.58E-05,0.320435345,0.123692834,0.999940131,0.233720463,0.45111765
Punjab,Mohali,Criminal,11097,6940,4323,1819,99,12,0,24290,19029,1168,4093,0,9674,600,11611,2387,1378,988,1010,2595,11359,,,0.467621753,0.079453295,0.959285332,0.0406735,24.56016178,0.058105001,0.326036475,0.121478482,0.959302849,0.000448489,0.49234663
Punjab,Mohali,Total,22352,15559,7976,3812,176,13,0,49888,34695,2928,6317,5948,20517,2702,19544,7056,1470,989,6063,6548,23124,,,0.46350899,0.08019804,0.980155946,0.019824009,50.39191919,0.028320013,0.323168963,0.122617143,0.980173845,0.000920199,0.482164493
Punjab,Fazilka,Civil,6871,3470,1302,280,11,1,0,11935,7267,831,1191,2647,4913,967,4299,1756,101,0,2035,1712,2450,,,0.205261394,0.024463807,0.99991622,0,11935,0,0.143112892,0.037403434,0.999934479,0.217943099,0.5162001
Punjab,Fazilka,Criminal,9631,5480,2136,562,6,1,0,17816,11369,1780,4668,0,7019,435,9180,1181,955,611,970,2997,4136,,,0.232137846,0.031935792,0.965650783,0.034293091,29.11111111,0.04899013,0.161851763,0.048827572,0.965668417,0.000531593,0.546230165
Punjab,Fazilka,Total,16502,8950,3438,842,17,2,0,29751,18636,2611,5859,2647,11932,1402,13479,2937,1056,611,3005,4709,6586,,,0.22136327,0.028939231,0.979429954,0.020536435,48.6127451,0.029337764,0.154339484,0.044246042,0.97944784,0.000887709,0.542173502
Sikkim,Namchi,Civil,117,21,0,0,0,0,0,138,107,12,8,11,29,18,62,17,22,31,19,29,3,,,0.021582734,0,0.769784173,0.223021583,4.3125,0.318602261,0.015047971,0,0.76979823,7.87E-05,0.690192979
Sikkim,Namchi,Criminal,143,126,2,0,0,0,0,271,254,2,15,0,12,3,246,10,41,41,3,7,80,,,0.294117647,0,0.845588235,0.150735294,6.452380952,0.215336134,0.205065483,0,0.845603676,0.000117826,0.607862139
Sikkim,Namchi,Total,260,147,2,0,0,0,0,409,361,14,23,11,41,21,308,27,63,72,22,36,83,,,0.202439024,0,0.82195122,0.175609756,5.602739726,0.25087108,0.141145072,0,0.821966229,0.000102311,0.635299093
Sikkim,Mangan,Civil,20,1,0,0,0,0,0,21,13,0,6,2,6,12,2,1,4,2,2,6,0,,,0,0,0.863636364,0.090909091,7,0.12987013,0,0,0.863652134,0.000127826,0.63558329
Sikkim,Mangan,Criminal,8,0,1,0,0,0,0,9,8,0,1,0,1,1,6,0,5,7,0,0,0,,,0,0,0.2,0.7,1.125,1,0,0,0.200003652,2.05E-05,0.955347252
Sikkim,Mangan,Total,28,1,1,0,0,0,0,30,21,0,7,2,7,13,8,1,9,9,2,6,0,,,0,0,0.677419355,0.290322581,3,0.414746544,0,0,0.677431725,5.48E-05,0.733342965
Sikkim,Gyalshing,Civil,62,5,1,0,0,0,0,68,60,2,0,6,22,23,19,4,13,15,6,25,1,,,0.014492754,0,0.768115942,0.217391304,4.25,0.310559006,0.010104676,0,0.768129968,7.76E-05,0.690151036
Sikkim,Gyalshing,Criminal,35,7,0,0,0,0,0,42,39,0,3,0,12,2,27,1,21,6,0,0,0,,,0,0,0.837209302,0.139534884,6,0.199335548,0,0,0.83722459,0.000109565,0.655183891
Sikkim,Gyalshing,Total,97,12,1,0,0,0,0,110,99,2,3,6,34,25,46,5,34,21,6,25,1,,,0.009009009,0,0.801801802,0.189189189,5,0.27027027,0.006281285,0,0.801816443,9.13E-05,0.675590343
Sikkim,Gangtok,Civil,262,94,29,13,0,0,0,398,309,15,26,48,55,107,175,58,39,48,95,124,32,,,0.080200501,0.032581454,0.877192982,0.120300752,8.12244898,0.171858217,0.055917606,0.049814743,0.877209001,0.000148323,0.615106197
Sikkim,Gangtok,Criminal,431,239,20,3,3,0,0,696,587,8,101,0,72,27,510,80,123,78,13,78,76,,,0.109038737,0.008608321,0.886657102,0.111908178,8.810126582,0.159868826,0.076024277,0.013161516,0.886673293,0.00016088,0.615040965
Sikkim,Gangtok,Total,693,333,49,16,3,0,0,1094,896,23,127,48,127,134,685,138,162,126,108,202,108,,,0.098630137,0.017351598,0.884018265,0.115068493,8.614173228,0.164383562,0.068767165,0.026529369,0.884034408,0.000157302,0.614893192
Sikkim,PAKYONG,Civil,5,2,2,0,0,0,0,9,8,0,0,1,0,3,6,0,0,0,1,3,2,,,0.2,0,0.9,0,9,0,0.139444529,0,0.900016435,0.000164348,0.568798563
Sikkim,PAKYONG,Criminal,17,2,0,0,0,0,0,19,16,0,0,0,6,1,9,2,7,2,0,3,1,,,0.05,0,0.85,0.1,6.333333333,0.142857143,0.034861132,0,0.850015522,0.000115652,0.632926919
Sikkim,PAKYONG,Total,22,4,2,0,0,0,0,28,24,0,0,1,6,4,15,2,7,2,1,6,3,,,0.103448276,0,0.896551724,0.068965517,9.333333333,0.098522167,0.07212648,0,0.896568096,0.000170434,0.604953059
Sikkim,SORENG,Civil,32,1,1,0,0,0,0,34,31,1,0,2,6,7,15,5,2,8,6,8,0,,,0,0,0.742857143,0.228571429,3.777777778,0.326530612,0,0,0.742870708,6.90E-05,0.701335721
Sikkim,SORENG,Criminal,43,2,0,0,0,0,0,45,41,0,4,0,3,3,10,6,16,6,1,0,0,,,0,0,0.847826087,0.130434783,6.428571429,0.186335404,0,0,0.847841569,0.000117391,0.650249227
Sikkim,SORENG,Total,75,3,1,0,0,0,0,79,72,1,4,2,9,10,25,11,18,14,7,8,0,,,0,0,0.8125,0.175,5.266666667,0.25,0,0,0.812514837,9.62E-05,0.670692891
Manipur,Imphal East,Civil,845,468,300,264,38,5,0,1920,923,36,791,158,77,306,1339,156,116,118,648,326,648,,,0.33732431,0.159812598,0.938053097,0.06142634,16.13445378,0.087751915,0.235190147,0.244342184,0.938070227,0.000294629,0.493711898
Manipur,Imphal East,Criminal,347,196,81,119,13,1,7,764,346,11,378,21,91,106,510,31,104,90,36,246,233,,,0.304575163,0.183006536,0.881045752,0.117647059,8.395604396,0.168067227,0.212356701,0.279804079,0.88106184,0.000153311,0.518822124
Manipur,Imphal East,Total,1192,664,381,383,51,6,7,2684,1269,47,1169,179,168,412,1849,187,220,208,684,572,881,,,0.328119181,0.166480447,0.922160149,0.077467412,12.84210526,0.110667731,0.228772123,0.254536855,0.922176988,0.000234508,0.500752932
Manipur,Imphal West,Civil,1969,1034,665,728,193,9,1,4599,2778,151,1303,364,324,510,3207,504,282,259,1204,961,1756,,,0.38173913,0.202391304,0.943478261,0.056304348,17.68846154,0.080434783,0.266157166,0.309442022,0.94349549,0.000323006,0.467412309
Manipur,Imphal West,Criminal,829,499,330,400,42,6,1,2107,1351,24,701,0,205,366,1300,198,200,164,126,288,949,,,0.450189753,0.212998102,0.921726755,0.077798861,12.76969697,0.111141231,0.31388249,0.325659068,0.921743587,0.000233185,0.462958853
Manipur,Imphal West,Total,2798,1533,995,1128,235,15,2,6706,4129,175,2004,364,529,876,4507,702,482,423,1330,1249,2705,,,0.403309975,0.205755181,0.936782466,0.063068436,15.81603774,0.090097766,0.281196847,0.314585152,0.936799573,0.000288814,0.465963143
Manipur,Bishnupur,Civil,344,202,76,89,17,1,0,729,514,15,56,39,22,154,385,49,51,44,206,203,312,,,0.42739726,0.146575342,0.938356164,0.060273973,16.2,0.086105675,0.297991048,0.224103355,0.9383733,0.000295826,0.483502432
Manipur,Bishnupur,Criminal,128,67,38,122,6,0,0,361,118,3,187,2,44,114,145,9,34,39,18,78,86,,,0.237569061,0.35359116,0.889502762,0.107734807,9.025,0.153906867,0.165638529,0.540615932,0.889519005,0.000164804,0.459899279
Manipur,Bishnupur,Total,472,269,114,211,23,1,0,1090,632,18,243,41,66,268,530,58,85,83,224,281,398,,,0.364802933,0.215398717,0.923006416,0.076076994,12.97619048,0.108681419,0.254348865,0.329329438,0.923023271,0.000236956,0.475379554
Manipur,Thoubal,Civil,366,182,87,95,24,0,0,754,578,4,63,24,7,144,442,12,68,43,217,205,189,,,0.250331126,0.157615894,0.941721854,0.056953642,17.13636364,0.081362346,0.174536529,0.240983579,0.941739051,0.000312924,0.506848636
Manipur,Thoubal,Criminal,312,149,115,105,4,1,12,698,359,5,226,7,24,200,323,24,156,107,23,116,175,,,0.250357654,0.17453505,0.845493562,0.153075823,6.462962963,0.218679747,0.174555025,0.266851775,0.845509002,0.000118019,0.548947206
Manipur,Thoubal,Total,678,331,202,200,28,1,12,1452,937,9,289,31,31,344,765,36,224,150,240,321,364,,,0.250516173,0.16586373,0.896077082,0.103234687,9.61589404,0.147478124,0.174665549,0.253593939,0.896093445,0.000175594,0.526901501
Manipur,Senapati,Civil,74,77,10,21,6,0,0,188,132,6,24,17,12,7,110,15,4,2,56,18,27,,,0.142857143,0.142857143,0.984126984,0.010582011,62.66666667,0.015117158,0.099603235,0.21841849,0.984144955,0.001144346,0.507653065
Manipur,Senapati,Criminal,90,64,23,30,0,0,0,207,122,1,61,1,25,9,100,16,6,6,4,16,25,,,0.120192308,0.144230769,0.966346154,0.028846154,29.57142857,0.041208791,0.083800799,0.220518668,0.9663638,0.000539999,0.520043418
Manipur,Senapati,Total,164,141,33,51,6,0,0,395,254,7,85,18,37,16,210,31,10,8,60,34,52,,,0.131313131,0.143939394,0.977272727,0.02020202,43.88888889,0.028860029,0.091554489,0.220073176,0.977290573,0.000801448,0.513418434
Manipur,Churachandpur,Civil,26,17,9,5,0,0,0,57,54,3,0,0,2,8,22,2,1,0,8,10,5,,,0.086206897,0.086206897,0.982758621,0,57,0,0.0601054,0.131804261,0.982776567,0.001040868,0.536039535
Manipur,Churachandpur,Criminal,27,26,11,14,0,0,0,78,42,2,31,0,3,16,22,12,0,0,0,13,17,,,0.215189873,0.17721519,0.987341772,0,78,0,0.150035252,0.270949519,0.987359802,0.001424345,0.478819453
Manipur,Churachandpur,Total,53,43,20,19,0,0,0,135,96,5,31,0,5,24,44,14,1,0,8,23,22,,,0.161764706,0.139705882,0.992647059,0,135,0,0.112786016,0.213600435,0.992665185,0.002465213,0.500730015
Manipur,Ukhrul,Civil,31,16,7,12,7,0,0,73,38,1,4,2,3,9,46,7,6,1,25,9,17,,,0.22972973,0.256756757,0.972972973,0.013513514,36.5,0.019305019,0.16017277,0.392562962,0.97299074,0.000666521,0.453045917
Manipur,Ukhrul,Criminal,25,11,6,12,0,2,2,58,44,0,1,0,11,15,25,6,5,2,1,4,13,,,0.220338983,0.271186441,0.949152542,0.033898305,19.33333333,0.04842615,0.153625328,0.414624931,0.949169875,0.000353043,0.46016262
Manipur,Ukhrul,Total,56,27,13,24,7,2,2,131,82,1,5,2,14,24,71,13,11,3,26,13,30,,,0.227272727,0.265151515,0.96969697,0.022727273,32.75,0.032467532,0.158459692,0.405397955,0.969714677,0.000598042,0.453571125
Manipur,Chandel,Civil,23,34,4,5,0,0,0,66,17,0,19,3,7,0,46,2,0,0,21,4,4,,,0.059701493,0.074626866,0.985074627,0,66,0,0.041625232,0.114099211,0.985092615,0.001205215,0.544321457
Manipur,Chandel,Criminal,18,13,1,0,1,0,0,33,13,0,8,0,1,4,23,1,8,4,0,14,1,,,0.029411765,0.029411765,0.852941176,0.117647059,6.6,0.168067227,0.020506548,0.044968513,0.852956752,0.000120522,0.629382431
Manipur,Chandel,Total,41,47,5,5,1,0,0,99,30,0,27,3,8,4,69,3,8,4,21,18,5,,,0.05,0.06,0.95,0.04,19.8,0.057142857,0.034861132,0.091735766,0.950017348,0.000361565,0.570702297
Manipur,Tamenglong,Civil,8,20,36,28,2,0,0,94,44,3,44,0,2,11,72,9,1,0,29,2,56,,,0.589473684,0.315789474,0.989473684,0,94,0,0.410994401,0.48281982,0.989491753,0.001716519,0.363404317
Manipur,Tamenglong,Criminal,6,17,5,8,2,0,0,38,14,0,19,0,3,8,26,1,0,0,1,6,12,,,0.307692308,0.256410256,0.974358974,0,38,0,0.214530044,0.392033188,0.974376767,0.000693912,0.436175514
Manipur,Tamenglong,Total,14,37,41,36,4,0,0,132,58,3,63,0,5,19,98,10,1,0,30,8,68,,,0.511278195,0.30075188,0.992481203,0,132,0,0.356474735,0.4598284,0.992499327,0.002410431,0.381349225
Delhi,North East,Civil,3149,1570,798,750,41,0,0,6308,5195,88,456,569,505,4,5540,259,157,115,612,1259,2596,,,0.41147567,0.125376446,0.981613568,0.018227928,54.37931034,0.026039898,0.286890154,0.191691739,0.981631493,0.000993012,0.472683499
Delhi,North East,Criminal,9863,10612,4216,4584,1101,16,0,30392,27253,148,1497,1494,7613,1631,13416,2042,844,810,518,4452,14015,,,0.461125917,0.187576087,0.973316224,0.026650874,37.47472256,0.038072677,0.321507431,0.286790599,0.973333998,0.00068432,0.444916666
Delhi,North East,Total,13012,12182,5014,5334,1142,16,0,36700,32448,236,1953,2063,8118,1635,18956,2301,1001,925,1130,5711,16611,,,0.452603471,0.176888913,0.97476908,0.025203673,39.63282937,0.036005247,0.315565389,0.270450665,0.97478688,0.000723729,0.449681367
Delhi,Shahdara,Civil,6652,3438,2005,2291,124,0,0,14510,12712,372,52,1374,520,117,13105,759,313,294,1719,2586,6617,,,0.455998897,0.16642547,0.979670595,0.020260492,49.18644068,0.02894356,0.317932757,0.2544528,0.979688484,0.000898186,0.450623602
Delhi,Shahdara,Criminal,14818,17398,8885,10458,1084,2,0,52645,47210,564,2723,2142,21899,177,21323,4327,1186,1048,1661,6665,29419,,,0.558807887,0.219275918,0.98007446,0.019906546,50.18589133,0.028437922,0.389613512,0.335257405,0.980092357,0.000916436,0.413206125
Delhi,Shahdara,Total,21470,20836,10890,12749,1208,2,0,67155,59922,936,2775,3516,22419,294,34428,5086,1499,1342,3380,9251,36036,,,0.536601346,0.207859313,0.980001787,0.019983322,50.00372301,0.028547603,0.374130609,0.317802221,0.980019683,0.00091311,0.421285399
Delhi,East,Civil,5795,3231,1687,2346,225,1,0,13285,8437,205,3386,1257,935,2,11871,477,198,208,1396,2585,6261,,,0.47124793,0.193587235,0.984269156,0.015655577,63.5645933,0.02236511,0.328564728,0.295981221,0.984287129,0.001160743,0.435355535
Delhi,East,Criminal,17060,15200,8081,8266,1078,5,0,49690,29677,435,18172,1406,19772,19,22482,3726,1438,1262,1559,6166,24910,,,0.501298022,0.188142722,0.974582922,0.025396953,39.34283452,0.036281362,0.349516332,0.287656945,0.974600719,0.000718433,0.437421689
Delhi,East,Total,22855,18431,9768,10612,1303,6,0,62975,38114,640,21558,2663,20707,21,34353,4203,1636,1470,2955,8751,31171,,,0.494966336,0.189294334,0.976641895,0.023342226,42.81101292,0.033346037,0.345101738,0.289417679,0.97665973,0.000781765,0.436982754
Delhi,North,Civil,11006,5467,2740,3257,254,1,1,22726,19747,346,189,2444,1454,10512,9822,926,567,472,2893,2233,9473,,,0.416817002,0.154573855,0.97918775,0.020768249,48.04651163,0.029668927,0.290614252,0.236332516,0.979205631,0.00087737,0.461889375
Delhi,North,Criminal,18440,18289,10927,11930,1839,8,1,61434,58105,474,1593,1262,27929,4745,22507,5062,1305,1101,1613,4244,37541,,,0.611068609,0.224269553,0.982062342,0.01792138,55.7477314,0.025601972,0.426050871,0.34289232,0.982080276,0.001018,0.401645121
Delhi,North,Total,29446,23756,13667,15187,2093,9,2,84160,77852,820,1782,3706,29383,15257,32329,5988,1872,1573,4506,6477,47014,,,0.558619788,0.205451456,0.981297751,0.018690367,53.46886912,0.026700525,0.389482366,0.314120778,0.98131567,0.000976386,0.417909166
Delhi,North West,Civil,9852,5720,2837,3388,474,1,0,22272,19490,296,164,2322,2710,9025,9144,1021,390,340,2655,2910,9728,,,0.436761999,0.173438693,0.984689983,0.015265119,65.31378299,0.021807313,0.304520356,0.265175522,0.984707965,0.001192684,0.448562385
Delhi,North West,Criminal,48566,34206,21980,23552,2879,17,0,131200,118907,531,10144,1618,78082,17253,27916,7875,1891,1153,2082,5978,61436,,,0.468258626,0.201583829,0.991204335,0.008788043,113.6915078,0.012554347,0.326480517,0.30820745,0.991222436,0.002076102,0.429220413
Delhi,North West,Total,58418,39926,24817,26940,3353,18,0,153472,138397,827,10308,3940,80792,26278,37060,8896,2281,1493,4737,8888,71164,,,0.463690682,0.197500538,0.990265389,0.009728095,102.7255689,0.013897279,0.323295643,0.301964385,0.990283472,0.001875855,0.432031647
Delhi,South West,Civil,8799,4979,2227,2303,160,1,0,18469,15667,264,610,1928,2844,2580,11996,1032,387,413,2517,2583,7623,,,0.412723335,0.133405522,0.977585273,0.022360585,44.61111111,0.031943692,0.287760055,0.20396763,0.977603125,0.000814636,0.471483104
Delhi,South West,Criminal,92247,62421,29876,18035,748,28,0,203355,190612,1287,9459,1997,125929,600,71255,5480,5052,3213,1825,6929,77091,,,0.379093806,0.092502803,0.984195204,0.015799878,63.27162414,0.022571254,0.264312786,0.141430258,0.984213177,0.001155393,0.48934645
Delhi,South West,Total,101046,67400,32103,20338,908,29,0,221824,206279,1551,10069,3925,128773,3180,83251,6512,5439,3626,4342,9512,84714,,,0.381895638,0.095908937,0.983649273,0.016346219,61.15908464,0.023351741,0.266266287,0.146637997,0.983667235,0.001116816,0.487858607
Delhi,New Delhi,Civil,8239,4172,2352,4098,141,2,0,19004,16203,504,40,2257,1023,0,17188,674,282,228,1496,1233,8668,,,0.456090502,0.223151802,0.987950539,0.011996843,82.98689956,0.017138347,0.317996626,0.341183358,0.98796858,0.00151541,0.424655266
Delhi,New Delhi,Criminal,83059,48082,12953,16026,2248,88,1,162457,130643,1103,30151,521,92913,1423,34906,2953,3299,1724,2406,1929,41107,,,0.253031553,0.113032291,0.989381871,0.010611974,94.17797101,0.015159962,0.176419328,0.172818397,0.989399938,0.001719769,0.499647507
Delhi,New Delhi,Total,91298,52254,15305,20124,2389,90,1,181461,146846,1607,30191,2778,93936,1423,52094,3627,3581,1952,3902,3162,49775,,,0.274299853,0.124566025,0.989237416,0.010757073,92.91397849,0.015367247,0.191248069,0.190452662,0.98925548,0.001696687,0.491791854
Delhi,Central,Civil,22350,10332,6462,8594,2485,269,70,50562,35562,917,13152,888,2815,16286,29847,1532,934,639,7213,5291,24506,,,0.484662698,0.225817297,0.987342523,0.0126377,79.003125,0.018053856,0.337917808,0.345258712,0.987360553,0.001442663,0.419235838
Delhi,Central,Criminal,36680,43594,15310,23602,1978,121,10,121295,69755,1540,48800,1189,61878,11979,28035,5895,2680,1859,3334,5651,56359,,,0.464640219,0.211969067,0.984665611,0.015326144,65.21236559,0.021894492,0.323957682,0.324085746,0.984683592,0.001190832,0.429225269
Delhi,Central,Total,59030,53926,21772,32196,4463,390,80,171857,105317,2457,61952,2077,64693,28265,57882,7427,3614,2498,10547,10942,80865,,,0.470533813,0.216044642,0.985458925,0.014535256,68.77030812,0.020764651,0.328066829,0.330317011,0.985476921,0.001255803,0.426284907
Delhi,West,Civil,9748,5707,2760,3957,796,43,15,23026,16949,503,5146,426,2602,8689,10790,906,422,241,3683,4080,11442,,,0.496894949,0.208928649,0.989490598,0.010465975,95.14876033,0.014951392,0.34644641,0.31943716,0.989508667,0.001737496,0.422562243
Delhi,West,Criminal,22656,21764,10415,11428,1233,20,0,67516,32046,1263,32629,834,24325,6062,25005,5749,1824,1358,1969,6885,34856,,,0.516255165,0.187819364,0.979871736,0.020113453,49.68064753,0.028733504,0.359944791,0.287162553,0.979889629,0.00090721,0.432387073
Delhi,West,Total,32404,27471,13175,15385,2029,63,15,90542,48995,1766,37775,1260,26927,14751,35795,6655,2246,1599,5652,10965,46298,,,0.511337155,0.193189976,0.982328838,0.017660117,56.58875,0.025228739,0.356515843,0.29537384,0.982346776,0.001033358,0.42989215
Delhi,South,Civil,7063,3145,1531,2395,297,1,0,14432,12725,213,37,1457,739,1,13172,467,471,338,1777,2561,6198,,,0.42943255,0.186586295,0.97651216,0.023418555,42.57227139,0.033455078,0.299410098,0.285277278,0.976529992,0.000777405,0.448900583
Delhi,South,Criminal,30700,26691,21826,10992,475,29,1,90714,69823,698,18949,1244,60286,4373,18507,7177,4241,3024,967,6394,41512,,,0.457608995,0.126737585,0.966653806,0.033335171,29.98809917,0.047621672,0.319055353,0.193772823,0.966671458,0.000547608,0.472175256
Delhi,South,Total,37763,29836,23357,13387,772,30,1,105146,82548,911,18986,2701,61025,4374,31679,7644,4712,3362,2744,8955,47710,,,0.453745708,0.134953922,0.968016206,0.031974284,31.26553672,0.045677548,0.316361782,0.206335023,0.968033883,0.000570935,0.468978072
Delhi,South East,Civil,9085,4569,2128,2815,95,3,0,18695,16584,281,25,1806,780,2269,14809,824,372,287,2320,3042,9435,,,0.504653402,0.155808729,0.984595635,0.015350877,64.91319444,0.021929825,0.351855779,0.238220552,0.984613615,0.001185369,0.444138859
Delhi,South East,Criminal,46759,33856,20070,17406,710,27,0,118828,98837,1170,17466,1370,83421,904,28156,5909,7567,2523,2319,7675,52341,,,0.440473285,0.152681584,0.978759394,0.021232191,47.0792393,0.030331701,0.307107948,0.233439368,0.978777267,0.000859706,0.458932435
Delhi,South East,Total,55844,38425,22198,20221,805,30,0,137523,115421,1451,17491,3176,84201,3173,42965,6733,7939,2810,4639,10717,61776,,,0.449201594,0.153107821,0.979559931,0.020432797,48.92315902,0.02918971,0.313193523,0.234091054,0.979577819,0.000893378,0.456919767
Telangana,Adilabad,Civil,1248,762,316,106,6,0,0,2438,1856,68,0,514,329,543,979,480,137,118,256,302,532,,,0.218122181,0.045920459,0.951209512,0.048380484,20.48739496,0.069114977,0.152079724,0.070209142,0.951226882,0.000374117,0.55039915
Telangana,Adilabad,Criminal,2802,2307,1095,368,8,7,1,6588,6314,27,247,0,3676,508,1896,380,521,569,66,159,1979,,,0.300349067,0.05827895,0.913492184,0.086356048,11.55789474,0.123365783,0.20941017,0.089104402,0.913508865,0.000211057,0.551212595
Telangana,Adilabad,Total,4050,3069,1411,474,14,7,1,9026,8170,95,247,514,4005,1051,2875,860,658,687,322,461,2511,,,0.278165503,0.054946272,0.923784203,0.076105018,13.11918605,0.108721455,0.193943288,0.084008973,0.923801072,0.000239567,0.550966374
Telangana,Hyderabad Central,Civil,22601,16398,7956,6638,1144,43,14,54794,43785,1619,0,9390,14281,19023,15454,5341,1777,1330,6994,10760,9808,,,0.178994434,0.143060498,0.975709463,0.024272288,41.1675432,0.034674697,0.124798972,0.218729406,0.97572728,0.000751754,0.507375425
Telangana,Hyderabad Central,Criminal,47830,44692,13180,11154,705,99,54,117714,109029,1913,6664,0,83117,10246,21318,1969,10091,10654,2031,5918,31937,,,0.27130782,0.10204307,0.909484773,0.090506732,11.047771,0.129295332,0.189161955,0.156016653,0.90950138,0.000201742,0.541320099
Telangana,Hyderabad Central,Total,70431,61090,21136,17792,1849,142,68,172508,152814,3532,6664,9390,97398,29269,36772,7310,11868,11984,9025,16678,41745,,,0.241987375,0.115072257,0.930525364,0.069468839,14.39365874,0.099241199,0.168719077,0.175937361,0.930542356,0.00026284,0.530547009
Telangana,Karimnagar,Civil,4319,4243,2123,1720,165,2,0,12572,9804,378,1,2390,2416,3004,3944,2995,281,199,2261,2457,4379,,,0.34828601,0.150083512,0.984092897,0.015827567,62.86,0.02261081,0.242832892,0.229467099,0.984110868,0.001147876,0.472422167
Telangana,Karimnagar,Criminal,7223,7376,5501,4397,130,12,2,24641,23747,154,740,0,13015,1934,9020,497,1076,997,788,1707,11962,,,0.485431377,0.184278873,0.959500041,0.040459378,24.69038076,0.057799112,0.338453748,0.281749393,0.959517562,0.000450867,0.449158599
Telangana,Karimnagar,Total,11542,11619,7624,6117,295,14,2,37213,33551,532,741,2390,15431,4938,12964,3492,1357,1196,3049,4164,16341,,,0.439108937,0.172730693,0.967834686,0.032138443,31.08855472,0.045912061,0.306156694,0.26409304,0.967852359,0.000567703,0.457019777
Telangana,Khammam,Civil,4802,4146,2248,1709,269,2,0,13176,11037,311,0,1828,2199,3059,4367,3408,440,614,2272,2278,3205,,,0.243226835,0.15026182,0.953327768,0.046596342,21.42439024,0.066566203,0.169583257,0.229739719,0.953345177,0.000391227,0.505322305
Telangana,Khammam,Criminal,6847,7525,3790,2676,29,0,0,20867,20232,92,543,0,12142,2711,5549,332,1496,1981,571,1068,5219,,,0.250095841,0.129624305,0.905022043,0.094930036,10.52825429,0.135614338,0.174372483,0.198186415,0.90503857,0.000192255,0.536508428
Telangana,Khammam,Total,11649,11671,6038,4385,298,2,0,34043,31269,403,543,1828,14341,5770,9916,3740,1936,2595,2843,3346,8424,,,0.247444484,0.137616026,0.923745741,0.076224885,13.11363636,0.108892693,0.172523897,0.210405193,0.923762609,0.000239466,0.524432515
Telangana,Mahabubnagar,Civil,3499,2774,1291,427,60,1,1,8053,6271,203,0,1579,1774,1811,2579,1258,292,324,982,1646,1655,,,0.205487956,0.060715173,0.95964738,0.040228458,24.77846154,0.057469226,0.143270856,0.092829214,0.959664904,0.000452475,0.542634762
Telangana,Mahabubnagar,Criminal,4488,4521,1425,618,9,0,0,11061,10715,146,200,0,6089,849,3462,438,459,581,284,763,2324,,,0.210088592,0.056680528,0.947387453,0.052522148,19.00515464,0.07503164,0.146478523,0.086660527,0.947404753,0.00034705,0.549629471
Telangana,Mahabubnagar,Total,7987,7295,2716,1045,69,1,1,19114,16986,349,200,1579,7863,2660,6041,1696,751,905,1266,2409,3979,,,0.20816113,0.058383468,0.952602668,0.047345017,21.09713024,0.067635739,0.145134653,0.089264203,0.952620063,0.000385251,0.546669619
Telangana,Medak,Civil,1591,1466,797,347,28,0,0,4229,3532,104,0,593,1013,983,1410,701,116,101,742,963,667,,,0.157683215,0.088652482,0.975886525,0.023877069,41.46078431,0.034110098,0.109940308,0.135543389,0.975904345,0.000757109,0.531578062
Telangana,Medak,Criminal,3500,3146,1164,495,24,0,0,8329,8173,20,136,0,5250,345,2323,344,732,778,109,458,2904,,,0.348619448,0.062304922,0.906482593,0.093397359,10.69191271,0.133424798,0.243065373,0.095259829,0.906499146,0.000195243,0.54524403
Telangana,Medak,Total,5091,4612,1961,842,52,0,0,12558,11705,124,136,593,6263,1328,3733,1045,848,879,851,1421,3571,,,0.284337925,0.071184011,0.929930727,0.069989649,14.27045455,0.099985213,0.19824684,0.10883533,0.929947708,0.00026059,0.540632095
Telangana,Nalgonda,Civil,4845,5048,2808,2309,188,1,0,15199,12873,372,1,1953,2923,3630,5417,2872,403,296,3119,3524,5115,,,0.336513158,0.164342105,0.980460526,0.019473684,51.17508418,0.027819549,0.234624594,0.251267482,0.98047843,0.0009345,0.470766099
Telangana,Nalgonda,Criminal,7319,8924,6268,3460,124,1,0,26096,25338,187,571,0,15937,2460,6744,803,2053,2393,596,2005,9214,,,0.353067402,0.137372112,0.908265318,0.091696364,10.9005848,0.130994805,0.246166588,0.210032265,0.908281904,0.000199054,0.514889157
Telangana,Nalgonda,Total,12164,13972,9076,5769,312,2,0,41295,38211,559,572,1953,18860,6090,12161,3675,2456,2689,3715,5529,14329,,,0.346982759,0.147302402,0.934860519,0.065115265,15.35130112,0.093021808,0.241924236,0.225214978,0.934877591,0.000280328,0.498659062
Telangana,Nizamabad,Civil,3920,2856,1350,820,46,3,0,8995,7186,225,0,1584,1445,2016,3446,1858,239,318,1407,2255,2417,,,0.268674967,0.096598488,0.964539795,0.035349044,28.19749216,0.050498634,0.187326271,0.147692272,0.964557409,0.00051491,0.515980609
Telangana,Nizamabad,Criminal,5650,5403,1798,1274,33,1,0,14159,13649,49,461,0,7815,879,5034,395,448,683,201,771,4597,,,0.324646893,0.092372881,0.951694915,0.048234463,20.7002924,0.068906376,0.226351165,0.141231617,0.951712294,0.000378005,0.514859031
Telangana,Nizamabad,Total,9570,8259,3148,2094,79,4,0,23154,20835,274,461,1584,9260,2895,8480,2253,687,1001,1608,3026,7014,,,0.302915137,0.094018571,0.956726409,0.043230404,23.10778443,0.06175772,0.211199293,0.14374776,0.95674388,0.000421968,0.515283194
Telangana,Rangareddy,Civil,16115,18201,6423,5586,1878,661,2,48866,39558,1891,1,7416,12801,15501,10077,8339,1167,1013,7622,5311,11375,,,0.232774674,0.166308552,0.9792498,0.020729736,48.1913215,0.029613908,0.162295774,0.25427404,0.979267682,0.000880014,0.487786126
Telangana,Rangareddy,Criminal,22823,28361,9985,6101,505,42,5,67822,64966,1416,1440,0,41788,8866,13578,1631,2260,2555,1352,2301,18573,,,0.273845156,0.098093567,0.962313669,0.037671586,26.53442879,0.053816552,0.190931044,0.149978142,0.962331242,0.000484541,0.51570784
Telangana,Rangareddy,Total,38938,46562,16408,11687,2383,703,7,116688,104524,3307,1441,7416,54589,24367,23655,9970,3427,3568,8974,7612,29948,,,0.256648013,0.126661468,0.969414426,0.030577004,32.69487251,0.043681434,0.178940806,0.193656446,0.969432129,0.000597036,0.504017221
Telangana,Warangal,Civil,2760,4839,4210,4569,1189,49,2,17618,13370,476,0,3772,4239,4817,4028,3947,207,285,2641,2543,3588,,,0.203643794,0.329700891,0.983767524,0.016175719,61.6013986,0.023108171,0.141985064,0.504089396,0.983785488,0.001124893,0.427725373
Telangana,Warangal,Criminal,4261,7171,5440,5981,391,12,0,23256,22251,248,757,0,14856,2335,5263,376,354,465,563,1195,4306,,,0.185148557,0.274498001,0.979963022,0.01999398,49.9055794,0.028562829,0.129089767,0.419688072,0.979980917,0.000911318,0.453863082
Telangana,Warangal,Total,7021,12010,9650,10550,1580,61,2,40874,35621,724,757,3772,19095,7152,9291,4323,561,750,3204,3738,7894,,,0.193125382,0.298299694,0.981626911,0.018348624,54.42609854,0.02621232,0.13465139,0.456079182,0.981644837,0.000993866,0.442588872
Telangana,Bhadradri Kothagudem,Civil,1703,841,329,216,16,0,0,3105,2233,99,0,773,706,883,974,488,149,174,499,722,469,,,0.150998068,0.07469414,0.943657437,0.056020605,17.74285714,0.080029436,0.105279272,0.11420207,0.943674669,0.000323999,0.554318027
Telangana,Bhadradri Kothagudem,Criminal,5457,6020,2667,2146,41,0,0,16331,15842,93,396,0,10858,1030,4026,159,703,948,295,831,6092,,,0.373010042,0.133908891,0.941893216,0.058045555,17.20864067,0.082922221,0.260071047,0.204737244,0.941910416,0.000314244,0.495921107
Telangana,Bhadradri Kothagudem,Total,7160,6861,2996,2362,57,0,0,19436,18075,192,396,773,11564,1913,5000,647,852,1122,794,1553,6561,,,0.337552091,0.124453362,0.942223594,0.057724958,17.30721282,0.082464225,0.235348962,0.190280408,0.9422408,0.000316044,0.505237028
Telangana,Hanumakonda,Civil,4835,4132,2532,2702,700,10,0,14911,11465,493,0,2953,4958,4350,2403,2747,414,34,1918,2418,6023,,,0.403902897,0.228809013,0.997652897,0.002280043,426.0285714,0.003257204,0.281610246,0.349832834,0.997671115,0.007779639,0.425633289
Telangana,Hanumakonda,Criminal,3809,5489,2585,2608,250,15,0,14756,14389,88,280,0,8914,1724,3915,123,140,66,683,1169,6444,,,0.436674121,0.194687267,0.995459782,0.004472454,220.238806,0.00638922,0.304459085,0.297663093,0.99547796,0.004021745,0.43473564
Telangana,Hanumakonda,Total,8644,9621,5117,5310,950,25,0,29667,25854,581,280,2953,13872,6074,6318,2870,554,100,2601,3587,12467,,,0.420217069,0.211844411,0.996595659,0.003370635,293.7326733,0.004815193,0.292984856,0.323895156,0.996613857,0.005363805,0.430198492
Telangana,Jagitial,Civil,1854,1868,848,797,188,0,0,5555,5000,74,0,481,1101,1386,1642,1351,114,123,971,1231,2011,,,0.361951044,0.177285817,0.977681785,0.022138229,44.7983871,0.031626041,0.252360464,0.271057504,0.977699639,0.000818056,0.462988017
Telangana,Jagitial,Criminal,4285,4745,1650,691,33,15,0,11419,10686,69,664,0,7677,561,2715,294,582,635,375,942,3378,,,0.295796848,0.064711033,0.944308231,0.055604203,17.95440252,0.079434576,0.20623626,0.098938603,0.944325475,0.000327862,0.533948084
Telangana,Jagitial,Total,6139,6613,2498,1488,221,15,0,16974,15686,143,664,481,8778,1947,4357,1645,696,758,1346,2173,5389,,,0.317466863,0.101561119,0.955287187,0.044653903,22.36363636,0.06379129,0.221345086,0.155279784,0.955304631,0.000408379,0.510714033
Telangana,Jangoan,Civil,1712,1848,965,941,130,0,0,5596,4828,138,1,629,1326,1271,1036,1917,107,96,1180,1126,2767,,,0.494371985,0.19135251,0.982669287,0.017152046,57.69072165,0.024502922,0.344687342,0.292564485,0.982687231,0.001053481,0.433178353
Telangana,Jangoan,Criminal,2080,1671,1032,885,92,4,0,5764,5629,18,117,0,3577,257,1802,48,320,520,84,243,2768,,,0.480138768,0.170164788,0.90962706,0.09019948,11.06333973,0.128856399,0.334763622,0.260169952,0.90964367,0.000202026,0.480607515
Telangana,Jangoan,Total,3792,3519,1997,1826,222,4,0,11360,10457,156,118,629,4903,1528,2838,1965,427,616,1264,1369,5535,,,0.487193029,0.180617903,0.9456914,0.054220579,18.41166937,0.07745797,0.339682012,0.276152028,0.94570867,0.000336213,0.457239439
Telangana,Jayashankar Bhupalapally,Civil,918,784,379,353,42,0,0,2476,1893,52,0,531,0,0,0,0,54,36,339,446,847,,,0.341945902,0.159467097,0.985062576,0.01453371,66.91891892,0.020762443,0.238412426,0.243813938,0.985080564,0.001221996,0.469289259
Telangana,Jayashankar Bhupalapally,Criminal,1771,2968,509,623,23,2,0,5896,5762,4,130,0,0,0,0,0,178,310,110,617,1117,,,0.189418348,0.109886383,0.947261319,0.052569103,18.95819936,0.075098718,0.132066762,0.168008525,0.947278617,0.000346193,0.532715067
Telangana,Jayashankar Bhupalapally,Total,2689,3752,888,976,65,2,0,8372,7655,56,130,531,0,0,0,0,232,346,449,1063,1964,,,0.234563478,0.124567061,0.958557267,0.041323301,24.12680115,0.059033287,0.163542968,0.190454245,0.958574771,0.000440576,0.51393461
Telangana,Jogulamba Gadwal,Civil,1226,1346,731,527,53,0,0,3883,2957,90,0,836,1005,1041,1126,650,79,58,758,491,1412,,,0.363542739,0.149330587,0.984809475,0.014933059,65.81355932,0.021332941,0.25347023,0.22831593,0.984827458,0.001201811,0.469772182
Telangana,Jogulamba Gadwal,Criminal,1499,1846,1203,347,4,0,0,4899,4842,25,32,0,2731,117,1932,103,1302,1402,31,75,1883,,,0.384285714,0.071632653,0.713673469,0.286122449,3.491803279,0.408746356,0.267932702,0.109521272,0.713686502,6.38E-05,0.633130875
Telangana,Jogulamba Gadwal,Total,2725,3192,1934,874,57,0,0,8782,7799,115,32,836,3736,1158,3058,753,1381,1460,789,566,3295,,,0.375156552,0.106000228,0.833655926,0.166230217,6.010951403,0.237471739,0.261567643,0.162066868,0.833671149,0.000109765,0.560913527
Telangana,Kamareddy,Civil,1480,1315,684,462,21,11,0,3973,3443,140,0,390,758,809,1607,744,105,120,730,870,1391,,,0.350025164,0.124308002,0.969552089,0.030196276,32.83471074,0.043137537,0.24404547,0.190058163,0.969569793,0.000599589,0.489348635
Telangana,Kamareddy,Criminal,3699,3430,1759,733,3,0,0,9624,9253,11,360,0,6077,514,2974,8,305,336,100,710,3437,,,0.357090909,0.076467532,0.964987013,0.034909091,28.5578635,0.04987013,0.248971868,0.116913461,0.965004634,0.000521491,0.508852512
Telangana,Kamareddy,Total,5179,4745,2443,1195,24,11,0,13597,12696,151,360,390,6835,1323,4581,752,410,456,830,1580,4828,,,0.355052214,0.090454479,0.966392116,0.033534343,29.75273523,0.047906205,0.247550443,0.138298515,0.966409764,0.00054331,0.503131006
Telangana,Kumuram Bheem Asifabad,Civil,442,425,229,215,1,0,0,1312,1194,24,0,94,199,171,491,437,59,54,349,261,120,,,0.091393755,0.164508759,0.958111196,0.04112719,23.85454545,0.058753128,0.063721795,0.251522283,0.958128692,0.000435604,0.522346422
Telangana,Kumuram Bheem Asifabad,Criminal,1786,1023,638,317,0,0,0,3764,3615,9,140,0,2082,192,1435,54,1076,1043,13,71,1246,,,0.330942895,0.084196547,0.722709163,0.277025232,3.605363985,0.395750332,0.23074088,0.128730579,0.722722361,6.58E-05,0.632555401
Telangana,Kumuram Bheem Asifabad,Total,2228,1448,867,532,1,0,0,5076,4809,33,140,94,2281,363,1926,491,1135,1097,362,332,1366,,,0.269056529,0.104983258,0.78373055,0.216072484,4.62295082,0.308674977,0.187592305,0.160511993,0.783744861,8.44E-05,0.604027018
Telangana,Mahabubabad,Civil,1088,1133,537,304,45,2,0,3109,2602,67,0,440,585,874,679,954,81,77,589,594,821,,,0.263987138,0.112861736,0.974919614,0.024758842,39.85897436,0.035369775,0.18405781,0.17255763,0.974937417,0.000727858,0.505207888
Telangana,Mahabubabad,Criminal,2582,3420,1230,850,46,0,0,8128,7948,37,143,0,5385,554,2035,82,165,356,92,253,2528,,,0.310985361,0.11022266,0.956083159,0.043793825,22.767507,0.062562607,0.216826036,0.168522668,0.956100618,0.000415754,0.508048087
Telangana,Mahabubabad,Total,3670,4553,1767,1154,91,2,0,11237,10550,104,143,440,5970,1428,2714,1036,246,433,681,847,3349,,,0.298006763,0.110962805,0.961381029,0.038529988,25.89170507,0.055042839,0.207777063,0.169654298,0.961398584,0.000472804,0.507238567
Telangana,Mancherial,Civil,2323,1852,817,602,20,0,0,5614,4446,197,0,971,1101,1149,1722,1529,142,147,980,872,1678,,,0.298842386,0.110774711,0.97364203,0.026179875,37.93243243,0.037399822,0.208359679,0.169366715,0.97365981,0.000692678,0.500935621
Telangana,Mancherial,Criminal,5156,3711,1924,1129,5,0,0,11925,11454,85,386,0,5939,1034,4763,180,3806,3938,146,317,3855,,,0.323243334,0.095086366,0.669713232,0.330202918,3.027418126,0.471718454,0.225372572,0.145380343,0.669725461,5.53E-05,0.656472132
Telangana,Mancherial,Total,7479,5563,2741,1731,25,0,0,17539,15900,282,386,971,7040,2183,6485,1709,3948,4085,1126,1189,5533,,,0.315450399,0.100114025,0.76704675,0.232896237,4.292462066,0.33270891,0.219939161,0.153067279,0.767060757,7.84E-05,0.606689262
Telangana,Medchal Malkajgiri,Civil,12850,16061,3210,2693,355,13,1,35183,24898,1167,0,9118,14623,9114,6062,3887,764,622,4436,3330,6672,,,0.189631651,0.087028195,0.982293088,0.01767849,56.47351525,0.025254986,0.132215481,0.133059968,0.982311025,0.001031254,0.523718379
Telangana,Medchal Malkajgiri,Criminal,16818,22102,8043,5039,727,38,1,52768,50205,1271,1292,0,37425,4619,8667,1011,1554,922,1038,2586,15893,,,0.301180617,0.11000777,0.98250867,0.01747238,57.17009751,0.024960542,0.209989946,0.168194117,0.982526611,0.001043974,0.496377897
Telangana,Medchal Malkajgiri,Total,29668,38163,11253,7732,1082,51,2,87951,75103,2438,1292,9118,52048,13733,14729,4898,2318,1544,5474,5916,22565,,,0.256560397,0.100816354,0.9824336,0.01755503,56.92621359,0.025078614,0.178879718,0.154141091,0.98245154,0.00103952,0.507311543
Telangana,Mulugu,Civil,351,323,153,99,37,0,0,963,718,38,0,207,126,163,371,172,17,24,121,171,216,,,0.22406639,0.141078838,0.97406639,0.024896266,38.52,0.035566094,0.156224161,0.215699588,0.974084177,0.000703407,0.501232668
Telangana,Mulugu,Criminal,777,1115,427,144,12,4,1,2480,2406,19,55,0,1618,126,677,22,85,202,35,245,798,,,0.321644498,0.064893188,0.918178154,0.081418783,12.21674877,0.116312547,0.224257827,0.099217105,0.918194921,0.000223088,0.542722607
Telangana,Mulugu,Total,1128,1438,580,243,49,4,1,3443,3124,57,55,207,1744,289,1048,194,102,226,156,416,1014,,,0.294425087,0.086236934,0.934088269,0.06562137,15.16740088,0.093744815,0.205279838,0.131850186,0.934105327,0.000276969,0.53104119
Telangana,Nagarkurnool,Civil,2130,3880,1019,1050,259,20,0,8358,7567,143,0,648,1265,2129,2753,2126,191,185,1871,1973,2047,,,0.244885752,0.15899031,0.977748535,0.022131834,44.93548387,0.031616906,0.170739891,0.243084964,0.977766389,0.00082056,0.489322355
Telangana,Nagarkurnool,Criminal,3345,3028,1649,887,21,1,0,8931,8730,50,151,0,5170,562,2870,234,286,393,298,839,1940,,,0.217196597,0.101768921,0.955888939,0.043999104,22.66751269,0.062855863,0.151434385,0.155597498,0.955906394,0.000413928,0.526885766
Telangana,Nagarkurnool,Total,5475,6908,2668,1937,280,21,0,17289,16297,193,151,648,6435,2691,5623,2360,477,578,2169,2812,3987,,,0.23059572,0.129438982,0.966512435,0.033429728,29.86010363,0.047756755,0.160776558,0.197903069,0.966530084,0.000545271,0.508715463
Telangana,Narayanpet,Civil,702,945,184,161,10,0,0,2002,1911,30,0,61,104,424,379,459,71,40,462,507,179,,,0.089365951,0.085371942,0.979530704,0.019970045,48.82926829,0.028528636,0.062307965,0.130527675,0.979548591,0.000891663,0.542197556
Telangana,Narayanpet,Criminal,1247,1952,293,271,3,0,0,3766,3702,0,64,0,1296,159,959,20,267,205,16,81,482,,,0.127953278,0.072736926,0.945314574,0.054419963,18.2815534,0.077742804,0.089211923,0.111209627,0.945331836,0.000333836,0.558053986
Telangana,Narayanpet,Total,1949,2897,477,432,13,0,0,5768,5613,30,64,61,1400,583,1338,479,338,245,478,588,661,,,0.114577916,0.077136419,0.957358294,0.042468365,23.44715447,0.060669093,0.079886318,0.117936141,0.957375776,0.000428165,0.552515356
Telangana,Nirmal,Civil,986,632,280,299,28,0,0,2225,1622,48,0,555,523,462,690,476,96,62,412,474,561,,,0.252021563,0.14690027,0.971698113,0.02785265,35.31746032,0.039789501,0.175715141,0.224600146,0.971715857,0.000644926,0.49575085
Telangana,Nirmal,Criminal,1855,2206,968,861,104,10,0,6004,5652,63,289,0,3585,417,1956,28,1262,1214,48,280,2554,,,0.42531224,0.162364696,0.797668609,0.202164863,4.941563786,0.288806947,0.296537324,0.248244162,0.797683176,9.02E-05,0.549203308
Telangana,Nirmal,Total,2841,2838,1248,1160,132,10,0,8229,7274,111,289,555,4108,879,2646,504,1358,1276,460,754,3115,,,0.378493317,0.158201701,0.844835966,0.155042527,6.444009397,0.221489325,0.263894111,0.241879237,0.844851393,0.000117673,0.534726292
Telangana,Peddapalli,Civil,2325,2243,948,820,87,1,0,6424,4951,130,6,1337,1453,1438,1708,1555,223,136,1096,1165,2379,,,0.370272374,0.141322957,0.978677043,0.021167315,46.89051095,0.030239022,0.258162283,0.216072829,0.978694914,0.00085626,0.474883304
Telangana,Peddapalli,Criminal,3730,3418,2566,1888,41,20,1,11664,11165,38,461,0,6785,1075,3572,209,399,493,424,1381,5048,,,0.432747535,0.167166738,0.957651093,0.04226318,23.61133603,0.060375972,0.301721381,0.255586146,0.957668581,0.000431163,0.465339893
Telangana,Peddapalli,Total,6055,5661,3514,2708,128,21,1,18088,16116,168,467,1337,8238,2513,5280,1764,622,629,1520,2546,7427,,,0.410581016,0.157996573,0.965172204,0.034772514,28.71111111,0.04967502,0.286266382,0.24156561,0.965189829,0.000524289,0.468716276
Telangana,Rajanna Siricilla,Civil,1546,1405,735,593,88,0,0,4367,4001,123,0,243,684,875,1320,1472,123,36,957,985,1789,,,0.409569597,0.155906593,0.991529304,0.008241758,118.027027,0.01177394,0.285561197,0.238370179,0.99154741,0.002155272,0.456174812
Telangana,Rajanna Siricilla,Criminal,2975,2825,1225,862,117,0,1,8005,7663,50,292,0,5140,390,2026,326,416,554,179,704,3006,,,0.375468399,0.122408194,0.930676992,0.069198101,14.42342342,0.098854431,0.26178507,0.18715349,0.930693987,0.000263384,0.50556898
Telangana,Rajanna Siricilla,Total,4521,4230,1960,1455,205,0,1,12372,11664,173,292,243,5824,1265,3346,1798,539,590,1136,1689,4795,,,0.38753738,0.134243918,0.952234705,0.047684474,20.93401015,0.068120678,0.270199837,0.205249478,0.952252093,0.000382273,0.488158055
Telangana,Sangareddy,Civil,6057,5767,2626,1674,152,1,0,16277,13185,505,1,2586,4002,5056,3409,3422,474,324,2801,3687,3928,,,0.241307286,0.112237376,0.980034402,0.019904165,50.08307692,0.028434522,0.168244904,0.171603027,0.980052299,0.000914559,0.506668248
Telangana,Sangareddy,Criminal,5751,6268,3158,1745,43,0,0,16965,16532,123,310,0,9535,2092,5172,111,1796,1793,300,706,3118,,,0.183779323,0.105387245,0.894259106,0.105681952,9.456521739,0.150974217,0.128135106,0.161129661,0.894275436,0.000172684,0.562181649
Telangana,Sangareddy,Total,11808,12035,5784,3419,195,1,0,33242,29717,628,311,2586,13537,7148,8581,3533,2270,2117,3101,4393,7046,,,0.211954396,0.108744698,0.936287339,0.06368258,15.69499528,0.090975114,0.147779405,0.166262969,0.936304436,0.000286604,0.535014294
Telangana,Siddipet,Civil,2750,3027,1479,1375,110,1,0,8742,7765,205,0,772,1603,2282,2014,2763,241,166,2007,2105,2969,,,0.339585954,0.169964543,0.980899005,0.018986618,52.34730539,0.02712374,0.236767017,0.259863792,0.980916917,0.000955906,0.467868451
Telangana,Siddipet,Criminal,6348,5004,2358,1185,49,7,1,14952,14594,66,292,0,8262,1115,5271,104,2770,1624,200,767,2680,,,0.179228249,0.083060255,0.891326155,0.108606969,9.201230769,0.155152812,0.124961993,0.126993269,0.891342432,0.000168022,0.572961735
Telangana,Siddipet,Total,9098,8031,3837,2560,159,8,1,23694,22359,271,292,772,9865,3397,7285,2867,3011,1790,2207,2872,5649,,,0.238404727,0.115129774,0.924414433,0.075543364,13.22948074,0.107919091,0.166221174,0.1760253,0.924431314,0.000241581,0.53419463
Telangana,Suryapet,Civil,2897,2356,1353,1226,194,0,0,8026,6848,202,0,976,1490,1838,2551,1958,315,230,1569,1576,3163,,,0.394045098,0.176902953,0.971222125,0.028653295,34.74458874,0.040933279,0.274737165,0.270472131,0.971239861,0.000634465,0.461125253
Telangana,Suryapet,Criminal,5494,6392,3344,2973,49,0,0,18252,17824,81,347,0,10128,1854,5926,215,968,897,390,1295,8358,,,0.457897332,0.165561825,0.950802608,0.049142607,20.32516704,0.070203724,0.319256388,0.253132348,0.95081997,0.000371155,0.465270715
Telangana,Suryapet,Total,8391,8748,4697,4199,243,0,0,26278,24672,283,347,976,11618,3692,8477,2173,1283,1127,1959,2871,11521,,,0.438410898,0.169032307,0.957075992,0.042885955,23.29609929,0.061265649,0.305670006,0.258438469,0.957093469,0.000425406,0.463994039
Telangana,Vikarabad,Civil,2303,3234,1182,806,205,0,0,7730,6948,219,0,563,1168,2583,1898,2047,106,106,1729,2323,2420,,,0.313025482,0.130772216,0.986159617,0.013711034,72.24299065,0.019587191,0.218248454,0.199941489,0.986177625,0.001319218,0.484569893
Telangana,Vikarabad,Criminal,3061,3227,1769,1356,40,0,0,9453,9196,62,195,0,5269,663,2900,604,329,354,66,341,2347,,,0.248254707,0.147662365,0.962449757,0.037444468,26.62816901,0.053492097,0.173088803,0.225765336,0.962467332,0.000486253,0.500863138
Telangana,Vikarabad,Total,5364,6461,2951,2162,245,0,0,17183,16144,281,195,563,6437,3246,4798,2651,435,460,1795,2664,4767,,,0.277409218,0.14007216,0.973172719,0.026769088,37.27331887,0.038241554,0.193415988,0.214160448,0.97319049,0.000680642,0.493531926
Telangana,Wanaparthy,Civil,1547,2081,477,268,45,0,0,4418,3418,90,0,910,980,1018,1326,945,140,64,912,856,855,,,0.193482688,0.070830505,0.98529079,0.014482915,67.96923077,0.020689878,0.134900512,0.108294843,0.985308782,0.001241175,0.527694996
Telangana,Wanaparthy,Criminal,2466,2853,713,635,5,0,0,6672,6516,22,134,0,4851,258,1533,13,716,616,184,532,1414,,,0.211898696,0.095908887,0.907537839,0.092312303,10.81361426,0.131874719,0.147740569,0.146637919,0.907554411,0.000197466,0.55443045
Telangana,Wanaparthy,Total,4013,4934,1190,903,50,0,0,11090,9934,112,134,910,5831,1276,2859,958,856,680,1096,1388,2269,,,0.20458029,0.085925525,0.938598864,0.061310973,16.28487518,0.087587104,0.142638011,0.131374064,0.938616004,0.000297375,0.543784915
Telangana,Yadadri Bhuvanagiri,Civil,2530,2037,482,468,69,0,0,5586,4921,205,4,456,962,1466,1465,1665,138,80,1359,1336,983,,,0.175944156,0.096115984,0.985502058,0.014318955,68.96296296,0.02045565,0.12267225,0.146954556,0.985520054,0.001259321,0.520816898
Telangana,Yadadri Bhuvanagiri,Criminal,4085,3217,916,379,18,0,0,8615,8447,67,101,0,4726,382,3343,112,435,569,128,267,1413,,,0.163997214,0.046077066,0.933844011,0.066039926,15.11403509,0.094342751,0.114342571,0.070448582,0.933861064,0.000275995,0.568144873
Telangana,Yadadri Bhuvanagiri,Total,6615,5254,1398,847,87,0,0,14201,13368,272,105,456,5688,1848,4808,1777,573,649,1487,1603,2396,,,0.168708633,0.065765385,0.954231798,0.045697789,21.84769231,0.065282556,0.117627479,0.100550633,0.954249223,0.000398957,0.54953405
Bihar,Patna,Civil,12622,10631,7184,14020,6554,1313,596,52920,42646,1635,3418,5199,19194,7829,23852,1978,613,415,13824,11314,30392,,,0.574289979,0.4248408,0.992139226,0.007841878,127.2115385,0.011202682,0.400407978,0.649551603,0.992157344,0.002322989,0.325717529
Bihar,Patna,Criminal,51259,61691,72248,136920,72263,10350,973,405704,396459,3722,5523,0,239297,30675,130627,4184,5018,2687,57718,17501,271745,,,0.669809344,0.543513144,0.993374496,0.006623039,150.9315476,0.009461484,0.467006242,0.830993242,0.993392636,0.002756137,0.263834907
Bihar,Patna,Total,63881,72322,79432,150940,78817,11663,1569,458624,439105,5357,8941,5199,258491,38504,154479,6162,5631,3102,71542,28815,302137,,,0.658788771,0.52982066,0.993234124,0.006763696,147.8001934,0.009662423,0.459322448,0.8100584,0.993252261,0.002698955,0.270975067
Bihar,Kaimur at Bhabhua,Civil,4649,5730,1135,1921,1062,236,45,14778,12473,768,922,465,2786,3980,6726,1122,252,230,3932,2446,4243,,,0.287096556,0.220853914,0.984369714,0.015562623,63.97402597,0.022232318,0.20017022,0.33767005,0.984387689,0.001168219,0.455298934
Bihar,Kaimur at Bhabhua,Criminal,8321,14437,4583,8630,3726,418,21,40136,39083,517,533,0,15271,2679,20587,1485,1325,1200,897,3261,14886,,,0.370879737,0.318783168,0.970077485,0.029897601,33.41881765,0.042710858,0.258585751,0.487396967,0.970095199,0.000610256,0.411237795
Bihar,Kaimur at Bhabhua,Total,12970,20167,5718,10551,4788,654,66,54914,51556,1285,1455,465,18057,6659,27313,2607,1577,1430,4829,5707,19129,,,0.348338341,0.292433761,0.973941546,0.026040244,38.37456324,0.037200349,0.242869379,0.447110584,0.973959331,0.000700752,0.423094115
Bihar,Samastipur,Civil,4429,4352,3214,6928,3090,624,199,22836,18695,977,1747,1300,5975,4396,11067,873,222,414,5994,4478,12504,,,0.547532513,0.47471209,0.981827736,0.018128476,55.02650602,0.025897822,0.381752066,0.725801286,0.981845665,0.00100483,0.31636583
Bihar,Samastipur,Criminal,15744,10905,14867,30006,20815,4601,778,97716,95549,1068,1086,2,47631,6143,41466,1665,1183,987,4585,16475,63710,,,0.651984813,0.575130223,0.98988917,0.010100597,98.90283401,0.014429424,0.454578575,0.879333525,0.989907246,0.001806049,0.256520129
Bihar,Samastipur,Total,20173,15257,18081,36934,23905,5225,977,120552,114244,2045,2833,1302,53606,10539,52533,2538,1405,1401,10579,20953,76214,,,0.632203263,0.556112249,0.98837026,0.011621445,85.98573466,0.016602064,0.440786431,0.850256385,0.988388309,0.001570172,0.267860235
Bihar,Saran at Chapra,Civil,5752,5884,3822,7438,4662,1138,347,29043,25204,1110,1416,1313,11361,3118,10184,994,306,320,8377,4228,18932,,,0.65183859,0.467738603,0.988947803,0.011017766,90.47663551,0.015739666,0.454476625,0.715139317,0.988965862,0.001652179,0.298145862
Bihar,Saran at Chapra,Criminal,19990,15544,26353,44917,26797,4648,380,138629,136371,871,1387,0,70342,4172,47116,2024,1521,1050,3481,5999,106967,,,0.771600664,0.553574262,0.992418668,0.007574118,131.9019981,0.010820169,0.537977455,0.846375982,0.992436791,0.002408641,0.243673979
Bihar,Saran at Chapra,Total,25742,21428,30175,52355,31459,5786,727,167672,161575,1981,2803,1313,81703,7290,57300,3018,1827,1370,11858,10227,125899,,,0.750860305,0.538709273,0.99182337,0.008170666,122.2990518,0.011672379,0.523516807,0.823648463,0.991841482,0.002233283,0.253110244
Bihar,Katihar,Civil,3146,2009,1078,2144,1386,252,40,10055,8676,179,570,612,3306,1628,3693,681,229,186,2157,2012,5255,,,0.522573588,0.380071599,0.981404137,0.01849642,53.77005348,0.026423457,0.364350139,0.581102654,0.981422058,0.000981886,0.356927479
Bihar,Katihar,Criminal,9932,6593,10310,23963,12700,1078,49,64625,63422,443,759,0,36453,2808,23779,1280,853,719,1306,4675,45736,,,0.707702782,0.584749172,0.988858973,0.011125553,89.75694444,0.015893647,0.493426405,0.894040219,0.988877031,0.001639037,0.244163359
Bihar,Katihar,Total,13078,8602,11388,26107,14086,1330,89,74680,72098,622,1329,612,39759,4436,27472,1961,1082,905,3463,6687,50991,,,0.682784108,0.55719661,0.9878684,0.012118209,82.42825607,0.017311728,0.476052541,0.851914295,0.98788644,0.001505209,0.259344052
Bihar,Begusarai,Civil,2654,2086,1415,4342,1640,355,141,12633,10627,495,596,863,5468,1389,5304,433,171,62,2195,2258,8284,,,0.655690993,0.512743391,0.995013456,0.004907393,200.5238095,0.007010561,0.457162607,0.783948461,0.995031626,0.003661733,0.277016799
Bihar,Begusarai,Criminal,11847,11922,13438,30293,12824,2333,133,82790,80140,1713,937,0,43412,4506,30707,1183,1744,1165,2352,11410,56931,,,0.687647208,0.550579169,0.985916344,0.014071578,71.00343053,0.020102254,0.479443204,0.841796696,0.985934347,0.001296582,0.262079435
Bihar,Begusarai,Total,14501,14008,14853,34635,14464,2688,274,95423,90767,2208,1533,863,48880,5895,36011,1616,1915,1227,4547,13668,65215,,,0.683423457,0.545575537,0.98713112,0.0128584,77.70602606,0.018369143,0.47649831,0.834146495,0.987149146,0.001418977,0.264069021
Bihar,Banka,Civil,1597,1229,927,1613,764,179,42,6351,5051,177,728,380,3062,370,49,27,86,31,394,628,3734,,,0.587846348,0.409005038,0.994962217,0.004880353,198.46875,0.006971932,0.409859785,0.62533984,0.994980385,0.003624206,0.327956114
Bihar,Banka,Criminal,9444,7374,7922,13491,7281,976,106,46594,46051,197,345,0,24789,552,3304,36,759,861,1601,6218,30417,,,0.652795364,0.469020281,0.981500161,0.018478378,54.05336427,0.026397682,0.45514371,0.717098912,0.981518084,0.00098706,0.301322797
Bihar,Banka,Total,11041,8603,8849,15104,8045,1155,148,52945,51102,374,1073,380,27851,922,3353,63,845,892,1995,6846,34151,,,0.645015676,0.461829033,0.983133759,0.016847354,59.28891377,0.024067648,0.449719535,0.706104001,0.983151712,0.001082665,0.304528892
Bihar,Purnea,Civil,2697,2110,1541,2080,958,192,77,9655,6689,507,692,816,1404,1313,1862,504,161,214,1903,1051,4762,,,0.493164872,0.342481359,0.977734051,0.022162386,44.90697674,0.031660552,0.343845716,0.523629829,0.977751906,0.000820039,0.378047414
Bihar,Purnea,Criminal,12659,9743,9353,20774,13116,3523,121,69289,67982,556,374,0,40366,2641,18068,5710,1217,1649,2437,7951,44860,,,0.647423871,0.541694328,0.97618704,0.023798528,41.99333333,0.033997897,0.451398583,0.828212401,0.976204866,0.000766833,0.277089808
Bihar,Purnea,Total,15356,11853,10894,22854,14074,3715,198,78944,74671,1063,1066,816,41770,3954,19930,6214,1378,1863,4340,9002,49622,,,0.62856419,0.517334853,0.976388625,0.023598708,42.35193133,0.03371244,0.438249187,0.790968483,0.976406455,0.000773382,0.289431574
Bihar,Motihari,Civil,5933,4538,2924,5375,2964,786,235,22755,18976,1075,1407,1297,9172,1018,11688,609,326,182,5000,4602,12012,,,0.527860784,0.411320091,0.991958165,0.007997891,124.3442623,0.011425558,0.368036491,0.628879393,0.991976279,0.00227063,0.338656499
Bihar,Motihari,Criminal,16517,20562,25964,45146,32838,7476,1031,149534,147030,1430,1074,0,106302,2958,38172,1996,1496,1326,2844,9209,97697,,,0.653338683,0.578399706,0.991125823,0.008867489,112.6857573,0.012667842,0.455522524,0.884332333,0.991143922,0.002057736,0.254397887
Bihar,Motihari,Total,22450,25100,28888,50521,35802,8262,1266,172289,166006,2505,2481,1297,115474,3976,49860,2605,1822,1508,7844,13811,109709,,,0.6367694,0.556335249,0.991241511,0.008752684,114.1742876,0.012503835,0.443970045,0.850597335,0.991259612,0.002084918,0.265523638
Bihar,Munger,Civil,1504,1552,1086,1958,1104,259,111,7574,6179,269,747,379,3308,873,3099,290,32,15,1627,1983,3748,,,0.494785479,0.453069307,0.997887789,0.001980198,473.375,0.002828854,0.344975639,0.692710998,0.997906011,0.008644224,0.324531202
Bihar,Munger,Criminal,8202,7881,7053,13795,10530,2406,620,50487,49408,206,869,0,25491,3957,19583,1323,828,474,1138,4733,33672,,,0.666930756,0.541732689,0.990591824,0.00938837,106.2884211,0.013411956,0.464999225,0.828271052,0.990609913,0.001940916,0.266467707
Bihar,Munger,Total,9706,9433,8139,15753,11634,2665,731,58061,55587,475,1616,379,28799,4830,22682,1613,860,489,2765,6716,37420,,,0.644483483,0.530174641,0.991560745,0.008422032,118.4918367,0.012031474,0.449348478,0.810599612,0.991578852,0.00216376,0.274093683
Bihar,Madhepura,Civil,2861,2067,1300,2328,1165,139,5,9865,8543,312,525,485,1884,3684,3258,1038,185,71,3719,1145,5575,,,0.565071964,0.368639773,0.99270221,0.007196432,137.0138889,0.010280617,0.393980969,0.563624198,0.992720337,0.002501988,0.348435524
Bihar,Madhepura,Criminal,7630,7294,8382,13877,6718,470,3,44374,42992,368,959,0,23021,1586,18974,716,1223,965,2216,8792,33890,,,0.76371831,0.474771831,0.978230986,0.021746479,45.93581781,0.031066398,0.532481699,0.725892626,0.978248849,0.000838827,0.282453728
Bihar,Madhepura,Total,10491,9361,9682,16205,7883,609,8,54239,51535,680,1484,485,24905,5270,22232,1754,1408,1036,5935,9937,39465,,,0.727599558,0.455475664,0.980881268,0.019100295,52.30376085,0.027286136,0.507298887,0.696390148,0.98089918,0.00095511,0.294463064
Bihar,Rohtas Sasaram,Civil,5511,4251,2657,5075,3141,671,177,21483,18061,943,1543,935,9851,3257,6864,755,283,189,5225,4877,9647,,,0.449031838,0.421895364,0.991156209,0.008797244,113.0684211,0.012567492,0.313075165,0.645048239,0.991174309,0.002064724,0.348057802
Bihar,Rohtas Sasaram,Criminal,14990,9073,14275,28687,13216,2022,157,82420,80725,959,736,0,46996,3594,28146,1545,1232,568,4518,11507,38421,,,0.46615547,0.534839422,0.99309642,0.006891448,144.8506151,0.009844925,0.325014149,0.817731733,0.993114554,0.002645094,0.300959642
Bihar,Rohtas Sasaram,Total,20501,13324,16932,33762,16357,2693,334,103903,98786,1902,2279,935,56847,6851,35010,2300,1515,757,9743,16384,48068,,,0.462619341,0.511491377,0.992704804,0.007285571,137.0751979,0.010407959,0.32254868,0.78203422,0.992722932,0.002503108,0.310695221
Bihar,Khagaria,Civil,1146,779,609,1167,689,120,32,4542,3578,339,289,335,1395,698,1311,252,71,44,1262,1023,2531,,,0.557120845,0.441998679,0.990094651,0.00968523,100.9333333,0.013836043,0.388437269,0.675784789,0.990112731,0.001843127,0.32300533
Bihar,Khagaria,Criminal,9427,7590,7852,13126,7644,975,139,46753,43581,516,443,0,22563,2644,19181,389,1121,827,2152,7808,26945,,,0.576314326,0.468066903,0.982290285,0.017688326,56.46497585,0.025269037,0.401819398,0.715641264,0.982308223,0.001031098,0.313924029
Bihar,Khagaria,Total,10573,8369,8461,14293,8333,1095,171,51295,47159,855,732,335,23958,3342,20492,641,1192,871,3414,8831,29476,,,0.574625702,0.465767311,0.983000624,0.016979881,58.82454128,0.024256974,0.400642051,0.71212535,0.983018574,0.001074185,0.314721436
Bihar,Jamui,Civil,1583,1247,658,1504,613,63,21,5689,4850,282,385,159,2028,954,2240,369,108,71,1346,1299,2233,,,0.392442882,0.386818981,0.987346221,0.012478032,79.01388889,0.017825759,0.273620064,0.591418924,0.987364251,0.00144286,0.372784782
Bihar,Jamui,Criminal,8841,7528,7678,14840,7980,603,54,47524,46403,201,915,0,24594,1324,20184,958,933,591,1087,4470,10357,,,0.217927407,0.493992635,0.987543398,0.01243556,80.27702703,0.017765086,0.151943923,0.755279879,0.987561432,0.001465926,0.360531636
Bihar,Jamui,Total,10424,8775,8336,16344,8593,666,75,53213,51253,483,1300,159,26622,2278,22424,1327,1041,662,2433,5769,12590,,,0.236591874,0.482542188,0.987540873,0.012440335,80.26093514,0.017771908,0.164957212,0.737772953,0.987558906,0.001465632,0.361833317
Bihar,Aurangabad,Civil,2223,1942,1038,2237,1377,212,46,9075,7463,599,653,360,4587,597,3717,172,167,139,2260,1986,3419,,,0.376707801,0.426619656,0.984574703,0.015315117,64.82142857,0.021878738,0.262649209,0.652271348,0.984592682,0.001183694,0.361587886
Bihar,Aurangabad,Criminal,10330,10319,8741,15379,8850,615,45,54279,53001,528,747,2,25229,3248,21624,2115,1166,868,1589,6066,28164,,,0.518865144,0.458529845,0.98399042,0.015991157,62.46144994,0.02284451,0.361764527,0.701059776,0.984008389,0.001140598,0.326201896
Bihar,Aurangabad,Total,12553,12261,9779,17616,10227,827,91,63354,60464,1127,1400,362,29816,3845,25341,2287,1333,1007,3849,8052,31583,,,0.498508405,0.453965749,0.984089654,0.015894562,62.85119048,0.022706518,0.347571348,0.694081594,0.984107624,0.001147715,0.331263552
Bihar,Darbhanga,Civil,4133,3096,2084,4265,2182,359,224,16343,14477,327,785,679,3033,4641,6953,1195,232,112,4788,2429,10142,,,0.620533529,0.430127264,0.993086148,0.006852668,144.6283186,0.009789525,0.432650028,0.657634233,0.993104282,0.002641034,0.315531846
Bihar,Darbhanga,Criminal,15509,11210,11621,24293,16849,1854,274,81610,67735,648,1448,0,37975,6463,32556,3807,1531,859,2133,6822,55264,,,0.677163618,0.530198135,0.989462205,0.010525542,94.89534884,0.015036488,0.472133808,0.810635533,0.989480273,0.001732869,0.269784777
Bihar,Darbhanga,Total,19642,14306,13705,28558,19031,2213,498,97953,82212,975,2233,679,41008,11104,39509,5002,1763,971,6921,9251,65406,,,0.667721584,0.51350634,0.990076975,0.009912816,100.7746914,0.014161166,0.465550608,0.785114956,0.990095055,0.00184023,0.277416478
Bihar,Madhubani,Civil,3670,2562,1702,3465,1461,234,65,13159,11558,412,616,462,3561,1227,4733,864,158,171,3106,1643,6182,,,0.469756839,0.397036474,0.986930091,0.012993921,76.50581395,0.018562744,0.327525105,0.607040751,0.986948113,0.00139706,0.356338222
Bihar,Madhubani,Criminal,11838,12513,15424,27032,19193,2863,324,89187,87144,1156,883,0,47317,1951,30879,855,1224,1114,3975,16172,62042,,,0.695631699,0.55402072,0.987498318,0.01249047,79.98834081,0.017843528,0.485010173,0.847058585,0.987516351,0.001460654,0.258628471
Bihar,Madhubani,Total,15508,15075,17126,30497,20654,3097,389,102346,98702,1568,1499,462,50878,3178,35612,1719,1382,1285,7081,17815,68224,,,0.666595015,0.533840757,0.987434903,0.012555326,79.58475894,0.017936181,0.464765139,0.816204846,0.987452934,0.001453284,0.271186813
Bihar,Lakhisarai,Civil,923,781,431,851,662,87,16,3751,3140,137,215,258,1303,527,1560,90,47,32,1198,729,2445,,,0.651652452,0.430703625,0.991204691,0.008528785,113.6666667,0.012183978,0.454346845,0.658515448,0.991222791,0.002075649,0.311112774
Bihar,Lakhisarai,Criminal,4928,4410,5510,9129,6965,1326,160,32428,31553,214,661,0,17915,849,10218,539,716,412,3333,2428,24228,,,0.747109069,0.542107373,0.987264485,0.012704678,78.51815981,0.01814954,0.52090136,0.828843918,0.987282514,0.001433807,0.25479783
Bihar,Lakhisarai,Total,5851,5191,5941,9980,7627,1413,176,36179,34693,351,876,258,19218,1376,11778,629,763,444,4531,3157,26673,,,0.737230514,0.530569375,0.987700387,0.012271973,81.3011236,0.017531391,0.514013808,0.811203133,0.987718423,0.001484627,0.260624206
Bihar,Sheikhpura,Civil,591,561,330,415,194,30,8,2129,1668,125,255,81,703,443,896,82,43,37,253,468,1264,,,0.59342723,0.303755869,0.982159624,0.017370892,56.02631579,0.02481556,0.413750902,0.464421287,0.982177559,0.001023087,0.373948985
Bihar,Sheikhpura,Criminal,3886,3203,2517,4744,1551,92,6,15999,15746,65,185,0,9051,509,6150,181,617,362,212,1619,9767,,,0.6104375,0.3995625,0.9773125,0.022625,44.07438017,0.032321429,0.425610848,0.610902866,0.977330347,0.000804835,0.337037207
Bihar,Sheikhpura,Total,4477,3764,2847,5159,1745,122,14,18128,17414,190,440,81,9754,952,7046,263,660,399,465,2087,11031,,,0.608472613,0.388328093,0.977935904,0.022008936,45.32,0.031441337,0.424240884,0.593726251,0.977953762,0.000827581,0.3413486
Bihar,Saharsa,Civil,2360,2031,1295,2402,1430,309,57,9884,9029,195,394,266,4152,1633,3079,585,125,103,2367,1371,5143,,,0.520283257,0.424683864,0.989479009,0.010419828,95.03846154,0.014885469,0.362753268,0.649311659,0.989497077,0.001735482,0.336077021
Bihar,Saharsa,Criminal,10167,7083,7202,17205,12344,1350,134,55485,53049,507,1929,0,31364,5603,16463,1137,956,663,1189,3844,21491,,,0.387322928,0.559294236,0.988033017,0.01194896,83.56174699,0.017069943,0.270050316,0.855121419,0.98805106,0.001525908,0.307282353
Bihar,Saharsa,Total,12527,9114,8497,19607,13774,1659,191,65369,62078,702,2323,266,35516,7236,19542,1722,1081,766,3556,5215,26634,,,0.407434603,0.538947529,0.988266789,0.011717913,85.22685789,0.016739876,0.284072631,0.82401274,0.988284836,0.001556314,0.311629113
Bihar,Supaul,Civil,1800,1382,1027,2246,722,110,18,7305,6163,341,497,304,4045,465,2510,283,84,24,1295,1178,3237,,,0.443060498,0.423761292,0.996578155,0.003284971,292.2,0.004692816,0.308911812,0.647901111,0.996596353,0.005335817,0.345265545
Bihar,Supaul,Criminal,12101,8600,8542,17273,4662,438,9,51625,49668,509,1441,0,27880,1339,20982,1414,763,295,1436,5620,23603,,,0.457192113,0.433541239,0.994266455,0.005714175,174.4087838,0.008163107,0.318764693,0.66285396,0.994284611,0.003184851,0.340584087
Bihar,Supaul,Total,13901,9982,9569,19519,5384,548,27,58930,55831,850,1938,304,31925,1804,23492,1697,847,319,2731,6798,26840,,,0.455447897,0.432336122,0.994569921,0.00541311,184.15625,0.007733015,0.317548587,0.661011421,0.994588082,0.003362847,0.341164801
Bihar,Gopalganj,Civil,4619,4255,2529,5345,3316,866,290,21220,17547,1146,1578,949,4489,8062,7819,837,256,526,6558,2542,13134,,,0.618915225,0.462607794,0.975166109,0.024786768,40.26565465,0.035409668,0.43152171,0.707294672,0.975183916,0.000735285,0.312591576
Bihar,Gopalganj,Criminal,15268,9453,13186,23207,14195,2440,266,78015,75132,2049,834,0,45439,5342,25496,1322,1990,1415,3547,7899,54919,,,0.703945345,0.514099672,0.981849877,0.018137305,55.09533898,0.025910436,0.490806634,0.786022119,0.981867806,0.001006087,0.275433548
Bihar,Gopalganj,Total,19887,13708,15715,28552,17511,3306,556,99235,92679,3195,2412,949,49928,13404,33315,2159,2246,1941,10105,10441,68053,,,0.685769277,0.503093635,0.980430489,0.019559434,51.09938208,0.027942049,0.478133869,0.769194666,0.980448392,0.000933118,0.283375634
Bihar,Araria,Civil,2105,1734,1027,1518,820,248,74,7526,5768,181,1288,289,2889,521,1244,364,131,154,1093,1698,3768,,,0.500597848,0.353394447,0.979407466,0.020459678,48.55483871,0.029228112,0.349028155,0.54031517,0.979425351,0.000886652,0.371781143
Bihar,Araria,Criminal,13579,9784,11413,20455,13107,1849,114,70301,68314,1221,766,0,38270,1650,19614,20,1428,1007,3259,12851,45553,,,0.647961651,0.505319906,0.985661859,0.014323917,69.74305556,0.020462738,0.451773536,0.772598476,0.985679858,0.001273567,0.286097058
Bihar,Araria,Total,15684,11518,12440,21973,13927,2097,188,77827,74082,1402,2054,289,41159,2171,20858,384,1559,1161,4352,14549,49321,,,0.633717942,0.490633191,0.985069641,0.01491751,66.9767642,0.021310729,0.441842499,0.750143526,0.985087629,0.001223052,0.294378414
Bihar,Kishanganj,Civil,981,366,227,389,150,22,0,2135,1656,62,210,207,613,190,1248,63,85,47,448,412,674,,,0.315543071,0.262640449,0.97752809,0.022003745,44.47916667,0.031433922,0.220003774,0.401558713,0.97754594,0.000812227,0.437973169
Bihar,Kishanganj,Criminal,4967,3144,4353,8142,3690,139,18,24453,24254,43,156,0,11997,1695,10226,448,541,317,900,3812,16491,,,0.674368202,0.490267441,0.986995992,0.012963114,76.89622642,0.018518735,0.47018478,0.74958432,0.987014016,0.00140419,0.286803266
Bihar,Kishanganj,Total,5948,3510,4580,8531,3840,161,18,26588,25910,105,366,207,12610,1885,11474,511,626,364,1348,4224,17165,,,0.645567716,0.471999699,0.986272519,0.013689872,72.84383562,0.01955696,0.45010443,0.721654232,0.986290529,0.001330189,0.298930379
Bihar,Buxar,Civil,3819,3614,1930,3562,2001,557,308,15791,13064,734,1312,681,7306,2188,5649,646,185,90,4375,2532,7889,,,0.499556738,0.40704154,0.994237589,0.005699088,173.5274725,0.008141554,0.348302269,0.62233779,0.994255744,0.003168757,0.343732991
Bihar,Buxar,Criminal,8253,8026,7672,13951,9043,1999,292,49236,47930,623,683,0,27066,1333,19763,863,746,613,679,2712,26991,,,0.548185308,0.513536568,0.987529703,0.012449987,80.18892508,0.017785695,0.38220721,0.785161173,0.987547736,0.001464317,0.298477505
Bihar,Buxar,Total,12072,11640,9602,17513,11044,2556,600,65027,60994,1357,1995,681,34372,3521,25412,1509,931,703,5054,5244,34880,,,0.536384327,0.487682229,0.989173894,0.010810728,92.36789773,0.015443897,0.373979298,0.745631713,0.989191957,0.001686715,0.309477649
Bihar,Nawada,Civil,3270,2751,1476,4062,456,93,26,12134,10981,379,611,161,5574,1503,4390,665,188,74,2045,2933,7771,,,0.640379069,0.382117841,0.99381953,0.006098063,161.7866667,0.008711519,0.446486787,0.584231213,0.993837678,0.00295436,0.330229187
Bihar,Nawada,Criminal,15023,12738,11536,23185,8606,1169,91,72348,71179,307,811,0,39789,1737,29667,1118,1000,825,2344,12549,51858,,,0.716775629,0.456827323,0.988583118,0.01140306,87.58837772,0.016290086,0.499752199,0.698456739,0.98860117,0.001599437,0.291787001
Bihar,Nawada,Total,18293,15489,13012,27247,9062,1262,117,84482,82160,686,1422,161,45363,3240,34057,1783,1188,899,4389,15482,59629,,,0.705810636,0.446101583,0.989346969,0.010641194,93.86888889,0.015201706,0.492107158,0.682057839,0.989365036,0.001714125,0.297310087
Bihar,Bettiah,Civil,3992,2697,1857,3917,1447,313,35,14258,12234,888,410,613,4958,1896,5416,830,261,232,2683,2259,7529,,,0.528017393,0.400589102,0.983659443,0.016270426,61.19313305,0.023243465,0.368145682,0.612472467,0.983677406,0.001117438,0.347028853
Bihar,Bettiah,Criminal,22456,19092,17004,42016,16197,2685,147,119597,104964,617,5051,1,60357,8869,43614,1011,2163,1479,3745,7558,86705,,,0.724970317,0.510418234,0.987625211,0.012366428,80.80878378,0.017666325,0.505465721,0.780393461,0.987643246,0.001475636,0.27041015
Bihar,Bettiah,Total,26448,21789,18861,45933,17644,2998,182,133855,117198,1505,5461,614,65315,10765,49030,1841,2424,1711,6428,9817,94234,,,0.703995338,0.498722508,0.987210136,0.012782393,78.18633178,0.018260561,0.490841491,0.76251152,0.987228164,0.001427748,0.278568871
Bihar,Siwan,Civil,5205,4108,2261,4793,3001,856,286,20510,16778,1116,1589,1009,8388,2163,3150,1024,307,147,6688,3871,12235,,,0.59650919,0.435668666,0.99278436,0.007166886,138.5810811,0.010238409,0.415899715,0.666106645,0.992802489,0.002530607,0.317546435
Bihar,Siwan,Criminal,11064,11508,14073,30803,15417,3029,234,86128,84219,924,985,0,49669,2592,20848,13,1489,1422,5129,12777,69791,,,0.810307794,0.574521938,0.983478271,0.016510119,60.52565004,0.023585884,0.564964943,0.8784035,0.98349623,0.001105249,0.233890145
Bihar,Siwan,Total,16269,15616,16334,35596,18418,3885,520,106638,100997,2040,2574,1009,58057,4755,23998,1037,1796,1569,11817,16648,82026,,,0.76919326,0.547820216,0.985277431,0.014713191,67.92229299,0.021018845,0.536298958,0.837578451,0.985295423,0.001240318,0.249988113
Bihar,Nalanda,Civil,2800,2598,1711,2865,1532,321,110,11937,10145,526,676,590,6619,588,4465,262,158,81,1725,2779,7013,,,0.587451834,0.404422851,0.993131178,0.006785056,145.5731707,0.009692937,0.409584721,0.618334,0.993149313,0.002658288,0.330810107
Bihar,Nalanda,Criminal,16439,18538,19255,34200,20109,2222,269,111032,108911,1363,759,0,71118,1887,34618,3089,1345,1036,1173,3604,77642,,,0.699269587,0.511559626,0.990660434,0.009330559,107.0703954,0.013329371,0.48754659,0.782138569,0.990678525,0.001955195,0.272643357
Bihar,Nalanda,Total,19239,21136,20966,37065,21641,2543,379,122969,119056,1889,1435,590,77737,2475,39083,3351,1503,1117,2898,6383,84655,,,0.68841994,0.501162885,0.990908352,0.009083516,109.990161,0.012976452,0.47998197,0.766242685,0.990926446,0.002008512,0.278287286
Bihar,Sitamarhi,Civil,2678,2401,1209,2776,729,148,40,9981,7630,307,392,534,1707,2988,2051,726,129,333,1677,1614,5111,,,0.512021639,0.369965939,0.966539772,0.033360048,29.88323353,0.047657212,0.356993081,0.565651812,0.966557421,0.000545693,0.370086732
Bihar,Sitamarhi,Criminal,10186,12537,14316,29670,5757,461,43,72970,61547,297,528,0,41478,2585,18487,137,789,540,1036,5368,43018,,,0.589521865,0.492401091,0.992586096,0.0074002,134.8798521,0.010571714,0.411027993,0.75284652,0.992604221,0.002463019,0.297095271
Bihar,Sitamarhi,Total,12864,14938,15525,32446,6486,609,83,82951,69177,604,920,534,43185,5573,20538,863,918,873,2713,6982,48129,,,0.580203009,0.477673835,0.989463786,0.010524159,94.90961098,0.015034512,0.404530676,0.730329586,0.989481855,0.001733129,0.305918548
Bihar,Bhojpur,Civil,5604,5106,2714,5499,2968,647,161,22699,18755,1003,1667,1274,11889,3581,6375,845,273,147,1631,2080,13706,,,0.603788546,0.408590308,0.993480176,0.006475771,153.3716216,0.009251101,0.420975047,0.624705748,0.993498318,0.002800694,0.326336482
Bihar,Bhojpur,Criminal,16646,14858,18908,29028,16233,2248,199,98120,96464,567,1089,0,57401,5688,26493,1759,1614,1246,1431,5201,67788,,,0.690861284,0.486215999,0.987291202,0.012698607,78.68484362,0.018140867,0.481684131,0.74338995,0.98730923,0.001436851,0.285485438
Bihar,Bhojpur,Total,22250,19964,21622,34527,19201,2895,360,120819,115219,1570,2756,1274,69290,9269,32868,2604,1887,1393,3062,7281,81494,,,0.674507532,0.471635491,0.988462175,0.011529548,86.67073171,0.016470783,0.470281925,0.721097383,0.988480225,0.00158268,0.293166534
Bihar,Bhagalpur,Civil,4147,3180,2238,5161,2695,511,273,18205,15418,841,1185,759,7643,2871,6840,844,186,93,3106,2001,10204,,,0.560474569,0.474568823,0.994836867,0.005108206,193.6702128,0.007297437,0.390775561,0.725582241,0.994855034,0.00353658,0.307476292
Bihar,Bhagalpur,Criminal,16746,14524,12491,22590,12894,1139,142,80526,79066,698,761,0,42319,2343,32505,1884,1355,918,2670,8249,49438,,,0.613930731,0.456554944,0.988587679,0.011399903,87.62350381,0.016285576,0.428046408,0.698040291,0.988605731,0.001600079,0.30888543
Bihar,Bhagalpur,Total,20893,17704,14729,27751,15589,1650,415,98731,94484,1539,1946,759,49962,5214,39345,2728,1541,1011,5776,10250,59642,,,0.604079731,0.459881295,0.98975003,0.010239841,97.56027668,0.014628345,0.421178067,0.703126047,0.989768104,0.001781532,0.308636761
Bihar,Gaya,Civil,4920,4508,2930,5880,2471,377,81,21167,18041,1043,1070,1013,9198,2740,7885,757,255,55,4355,4541,11669,,,0.551256614,0.416147014,0.997354497,0.002598262,377.9821429,0.003711802,0.384348594,0.636259418,0.99737271,0.006902271,0.329789468
Bihar,Gaya,Criminal,14899,19132,21005,45959,23345,2530,168,127038,121721,1695,2753,0,85828,5404,30826,2293,2300,1600,1794,8114,91327,,,0.718889475,0.566770834,0.987397571,0.012594558,79.34915678,0.017992225,0.50122602,0.866552609,0.987415602,0.001448982,0.249955939
Bihar,Gaya,Total,19819,23640,23935,51839,25816,2907,249,148205,139762,2738,3823,1013,95026,8144,38711,3050,2555,1655,6149,12655,102996,,,0.694951621,0.545261325,0.988826363,0.011166889,89.49577295,0.015952699,0.484536007,0.833666088,0.98884442,0.001634268,0.261409356
Bihar,Jehanabad,Civil,1823,1463,699,1579,466,70,18,6118,4775,302,751,257,2243,972,2609,271,75,87,1594,1053,3031,,,0.495342376,0.34858637,0.985618565,0.014218009,69.52272727,0.020311442,0.345363921,0.532963961,0.985636563,0.001269543,0.371310278
Bihar,Jehanabad,Criminal,10457,6986,6708,10321,4292,339,26,39129,37656,245,508,0,19391,1360,16605,525,867,614,661,2156,23436,,,0.598926655,0.382775364,0.984283159,0.015691285,63.62439024,0.022416122,0.417585226,0.58523652,0.984301133,0.001161835,0.341824572
Bihar,Jehanabad,Total,12280,8449,7407,11900,4758,409,44,45247,42431,547,1259,257,21634,2332,19214,796,942,701,2255,3209,26467,,,0.584931931,0.378160361,0.984485502,0.015492397,64.45441595,0.022131996,0.407827787,0.578180505,0.98450348,0.001176992,0.345801758
Bihar,Sheohar,Civil,446,338,209,446,174,13,0,1626,1390,91,58,87,765,130,647,84,35,23,255,188,911,,,0.559926245,0.389059619,0.985248924,0.014136447,67.75,0.020194925,0.390393257,0.594844702,0.985266916,0.001237172,0.345203024
Bihar,Sheohar,Criminal,2581,3068,2516,2442,494,19,4,11124,11008,74,38,0,5672,387,4416,337,308,209,343,1700,6993,,,0.62858427,0.265977528,0.981123596,0.018786517,52.97142857,0.026837881,0.438263186,0.406660871,0.981141512,0.000967303,0.383239028
Bihar,Sheohar,Total,3027,3406,2725,2888,668,32,4,12750,12398,165,96,87,6437,517,5063,421,343,232,598,1888,7904,,,0.619872951,0.281703396,0.981726923,0.018194651,54.72103004,0.025992359,0.432189458,0.430704613,0.981744851,0.000999252,0.378353048
Bihar,Muzaffarpur,Civil,7316,5814,3985,6029,3467,714,173,27498,23410,637,1490,1798,9476,5677,9919,1335,400,149,5296,5605,9817,,,0.3569948,0.377577366,0.994545256,0.005418379,183.32,0.007740541,0.248904858,0.577289148,0.994563417,0.003347577,0.378409928
Bihar,Muzaffarpur,Criminal,28141,25110,30243,43800,33363,6058,710,167425,148607,715,1693,0,104231,4666,53970,2290,2297,1242,3802,11876,89591,,,0.535108048,0.501302068,0.992575825,0.007418203,134.694288,0.010597432,0.373089448,0.766455485,0.99259395,0.002459631,0.302687285
Bihar,Muzaffarpur,Total,35457,30924,34228,49829,36830,6772,883,194923,172017,1352,3183,1798,113707,10343,63889,3625,2697,1391,9098,17481,99408,,,0.509983378,0.483850116,0.992858755,0.007136115,140.0308908,0.010194449,0.355571959,0.739772683,0.992876886,0.002557081,0.313369892
Bihar,Vaishali,Civil,6299,5419,3359,5909,2794,661,105,24546,21093,868,1397,1188,7210,9954,6424,957,326,280,6142,4724,13602,,,0.554120666,0.385749786,0.988552573,0.011406689,87.35231317,0.01629527,0.386345476,0.589784201,0.988570624,0.001595126,0.345890192
Bihar,Vaishali,Criminal,13934,12154,18384,19806,17366,2674,182,84500,82816,605,1079,0,46285,4098,32675,1424,1689,1382,2692,7823,51662,,,0.61137738,0.473698536,0.98363333,0.016354836,61.09906001,0.023364051,0.426266153,0.724251633,0.983651292,0.00111572,0.305289937
Bihar,Vaishali,Total,20233,17573,21743,25715,20160,3335,287,109046,103909,1473,2476,1188,53495,14052,39099,2381,2015,1662,8834,12547,65264,,,0.598494227,0.453905197,0.984749695,0.015241135,65.57185809,0.021773049,0.417283727,0.693989014,0.984767677,0.001197397,0.314427103
Rajasthan,Rajsamand,Civil,3712,3029,1467,1744,365,16,5,10338,6300,492,2467,1079,3238,2792,3723,558,126,57,2225,1424,5035,,,0.486991005,0.206016056,0.994390173,0.005513106,178.2413793,0.007875865,0.339541156,0.314984011,0.994408332,0.003254837,0.422685241
Rajasthan,Rajsamand,Criminal,8901,7951,4445,6111,286,0,0,27694,23568,622,3503,0,12770,1924,11632,1351,1021,694,881,2151,13832,,,0.499440332,0.230980321,0.974905218,0.025058675,39.84748201,0.035798107,0.348221109,0.353152611,0.97492302,0.000727648,0.42115863
Rajasthan,Rajsamand,Total,12613,10980,5912,7855,651,16,5,38032,29868,1114,5970,1079,16008,4716,15355,1909,1147,751,3106,3575,18867,,,0.496069203,0.224200037,0.980227697,0.01974601,50.57446809,0.028208586,0.345870681,0.342786035,0.980245597,0.000923532,0.421608823
Rajasthan,Alwar,Civil,13174,11729,5803,9242,3173,112,8,43241,23718,1992,7301,10230,22777,6876,11436,1145,319,244,6516,4897,21534,,,0.497988067,0.289880209,0.994334212,0.005642662,176.4938776,0.008060946,0.347208557,0.443206383,0.994352369,0.003222926,0.388809315
Rajasthan,Alwar,Criminal,25073,25372,17324,24979,4367,176,0,97291,82252,3537,11506,0,38735,5276,44696,6558,3500,2058,2201,5551,55398,,,0.569399334,0.303437076,0.978836903,0.021152818,47.25157844,0.030218312,0.396998109,0.463933876,0.978854778,0.000862853,0.379863907
Rajasthan,Alwar,Total,38247,37101,23127,34221,7540,288,8,140532,105970,5529,18807,10230,61512,12152,56132,7703,3819,2302,8717,10448,76932,,,0.547430141,0.299267788,0.98361239,0.016380494,61.0212766,0.023400706,0.38168069,0.457559328,0.983630352,0.0011143,0.38265712
Rajasthan,Dausa,Civil,3617,2267,787,1078,175,12,1,7937,5571,337,782,1247,3062,1789,2548,493,112,70,1025,702,3569,,,0.449609473,0.159486017,0.991055682,0.008818342,111.7887324,0.012597632,0.313477906,0.243842865,0.991073779,0.002041356,0.44846599
Rajasthan,Dausa,Criminal,9655,9217,4296,6659,869,7,0,30703,27285,687,2731,0,11975,2014,14559,2131,1852,820,318,619,18311,,,0.596371808,0.245407764,0.973260813,0.026706618,37.39707674,0.038152311,0.415803929,0.375211154,0.973278585,0.000682902,0.400451198
Rajasthan,Dausa,Total,13272,11484,5083,7737,1044,19,1,38640,32856,1024,3513,1247,15037,3803,17107,2624,1964,890,1343,1321,21880,,,0.566237934,0.227763257,0.976941591,0.02303253,43.36700337,0.032903615,0.394793909,0.348233946,0.97695943,0.000791918,0.410320101
Rajasthan,Jaipur Metro I,Civil,22180,12447,8302,9645,3938,418,109,57039,36914,1662,10972,7469,25058,11628,16045,3983,801,444,4729,6125,28079,,,0.492268583,0.247370266,0.992198457,0.007784011,128.1775281,0.011120016,0.343220803,0.378211681,0.992216576,0.002340629,0.407192349
Rajasthan,Jaipur Metro I,Criminal,95318,69791,40800,30891,11982,965,27,249774,236451,5692,6393,0,189580,6806,43266,8210,12879,5598,1470,4884,118077,,,0.47273346,0.175618056,0.977583825,0.022412171,44.61046615,0.032017387,0.329600473,0.268507615,0.977601677,0.000814624,0.445418085
Rajasthan,Jaipur Metro I,Total,117498,82238,49102,40536,15920,1383,136,306813,273365,7354,17365,7469,214638,18434,59311,12193,13680,6042,6199,11009,146156,,,0.476366789,0.188958131,0.980304028,0.019692713,50.7716366,0.028132447,0.332133712,0.288903648,0.980321929,0.000927133,0.438326113
Rajasthan,Tonk,Civil,4519,2840,1490,1897,245,8,2,11001,6710,623,2143,1525,3939,2159,4106,724,151,72,2167,1883,4448,,,0.404290129,0.1956008,0.993364843,0.006544265,150.6986301,0.00934895,0.281880233,0.29905982,0.993382982,0.002751883,0.440905947
Rajasthan,Tonk,Criminal,8947,8752,5358,5454,559,4,0,29074,24360,967,3748,0,8527,1476,17003,2045,1608,1397,537,1922,14258,,,0.49038693,0.206947549,0.951917455,0.048048151,20.79685265,0.068640216,0.341908872,0.316408199,0.951934838,0.000379768,0.443497424
Rajasthan,Tonk,Total,13466,11592,6848,7351,804,12,2,40075,31070,1590,5891,1525,12466,3635,21109,2769,1759,1469,2704,3805,18706,,,0.46676315,0.203837708,0.963319693,0.036655355,27.26190476,0.052364793,0.325437837,0.311653472,0.963337284,0.000497825,0.442826124
Rajasthan,Bikaner,Civil,5669,4381,2352,3606,1239,119,34,17400,10834,1016,3651,1899,6234,3725,6784,579,264,110,1285,2015,9384,,,0.539279352,0.287224872,0.993621056,0.006321476,156.7567568,0.00903068,0.375997775,0.43914656,0.993639201,0.00286251,0.383385871
Rajasthan,Bikaner,Criminal,12649,11024,7502,11687,2297,116,31,45306,39369,1166,4724,0,17292,2436,23329,2236,2691,1474,405,1605,27621,,,0.609640894,0.311894409,0.967444324,0.032533604,30.7159322,0.046476577,0.425055436,0.476864542,0.967461991,0.000560899,0.37575287
Rajasthan,Bikaner,Total,18318,15405,9854,15293,3536,235,65,62706,50203,2182,8375,1899,23526,6161,30113,2815,2955,1584,1690,3620,37005,,,0.590125504,0.305053662,0.974723715,0.025260338,39.56214511,0.036086197,0.411448864,0.466405522,0.974741514,0.000722438,0.377908136
Rajasthan,Ganganagar,Civil,6547,4689,2302,2626,783,47,1,16995,10891,898,2206,3000,7714,3661,4996,530,153,59,2091,3219,7204,,,0.423864439,0.2034008,0.996469758,0.003471405,283.25,0.00495915,0.295527885,0.31098547,0.996487954,0.005172382,0.432902803
Rajasthan,Ganganagar,Criminal,15465,13336,10292,13229,2197,61,1,54581,42396,2816,9369,0,22889,4297,24156,3209,2641,2021,1001,3790,29090,,,0.532959584,0.28375655,0.96295482,0.037026859,26.99357072,0.052895512,0.37159149,0.43384374,0.962972405,0.000492925,0.401473221
Rajasthan,Ganganagar,Total,22012,18025,12594,15855,2980,108,2,71576,53287,3714,11575,3000,30603,7958,29152,3739,2794,2080,3092,7009,36294,,,0.507062324,0.264679995,0.970926415,0.029059614,34.3950024,0.041513734,0.353535334,0.404677034,0.970944145,0.000628082,0.409020466
Rajasthan,Merta Nagaur,Civil,4809,3732,2349,2550,697,95,9,14241,9397,1041,2275,1528,6033,2505,5058,607,180,94,2974,1920,6571,,,0.461381828,0.235289987,0.993329589,0.006600197,149.9052632,0.009428852,0.321685858,0.359741787,0.993347728,0.002737396,0.416299487
Rajasthan,Merta Nagaur,Criminal,10737,9970,6167,7148,818,12,0,34852,28887,1804,4161,0,10626,3706,17991,2527,1283,913,652,1580,18649,,,0.53507589,0.228904255,0.973775572,0.026195736,38.13129103,0.037422481,0.373067027,0.349978452,0.973793354,0.000696309,0.416639831
Rajasthan,Merta Nagaur,Total,15546,13702,8516,9698,1515,107,9,49093,38284,2845,6436,1528,16659,6211,23049,3134,1463,1007,3626,3500,25220,,,0.513708396,0.230761397,0.979467959,0.020511671,48.70337302,0.029302388,0.358169126,0.352817891,0.979485845,0.000889364,0.416569983
Rajasthan,Udaipur,Civil,7828,5273,2759,4003,1024,92,30,21009,13175,830,3613,3385,8625,3502,6582,1748,279,152,3544,1850,9238,,,0.439695383,0.245073774,0.992717753,0.00723465,137.3137255,0.010335215,0.306565578,0.374700507,0.992735881,0.002507464,0.416473805
Rajasthan,Udaipur,Criminal,27881,28771,15025,24301,4552,136,9,100675,93710,1110,5854,1,50998,4281,36157,8625,2264,2159,1892,2681,47917,,,0.475952561,0.288032898,0.978545036,0.021445032,46.6087963,0.030635759,0.331844903,0.440381974,0.978562905,0.000851116,0.401353506
Rajasthan,Udaipur,Total,35709,34044,17784,28304,5576,228,39,121684,106885,1940,9467,3386,59623,7783,42739,10373,2543,2311,5436,4531,57155,,,0.469696347,0.280617989,0.981000123,0.018991659,52.63148789,0.027130941,0.327482929,0.429045102,0.981018037,0.000961095,0.40397707
Rajasthan,Bundi,Civil,3200,2153,917,985,66,1,2,7324,5155,757,1047,365,1674,1132,3440,940,129,107,1545,1305,3184,,,0.434675768,0.143890785,0.985255973,0.014607509,67.81481481,0.020867869,0.303065788,0.219998856,0.985273964,0.001238355,0.459904833
Rajasthan,Bundi,Criminal,7450,6819,3776,4091,54,0,0,22190,18864,1209,2117,0,5061,896,15131,1087,1249,971,475,871,11882,,,0.535442296,0.186787436,0.956198459,0.043756478,22.82921811,0.062509254,0.373322494,0.285584809,0.95621592,0.000416881,0.441602407
Rajasthan,Bundi,Total,10650,8972,4693,5076,120,1,2,29514,24019,1966,3164,365,6735,2028,18571,2027,1378,1078,2020,2176,15066,,,0.510452312,0.176147721,0.963442317,0.036523801,27.35310473,0.052176859,0.355898911,0.269317436,0.963459911,0.000499491,0.446143614
Rajasthan,Hanumangarh,Civil,5170,3146,1547,1473,271,4,4,11615,7694,691,2264,966,3600,2439,4588,913,209,103,2265,2080,5219,,,0.449294077,0.150826446,0.991046832,0.00886708,111.6826923,0.012667257,0.313258004,0.230602993,0.991064929,0.00203942,0.451849633
Rajasthan,Hanumangarh,Criminal,10743,10162,5607,6992,650,12,0,34166,28089,1265,4812,0,14338,1020,16913,1886,1541,1307,795,2577,20546,,,0.601340475,0.224017327,0.961717447,0.038253285,26.12079511,0.05464755,0.419268196,0.342506684,0.961735008,0.000476988,0.413669218
Rajasthan,Hanumangarh,Total,15913,13308,7154,8465,921,16,4,45781,35783,1956,7076,966,17938,3459,21501,2799,1750,1410,3060,4657,25765,,,0.562775763,0.205451924,0.969180027,0.03079813,32.44578313,0.043997329,0.392380006,0.314121494,0.969197725,0.000592487,0.423373885
Rajasthan,Baran,Civil,2130,1215,536,785,57,0,0,4723,3098,416,640,569,1577,796,2019,258,40,61,1013,806,2207,,,0.467188823,0.178238781,0.986875529,0.012912786,76.17741935,0.018446837,0.325734626,0.272514518,0.98689355,0.001391063,0.440527264
Rajasthan,Baran,Criminal,8148,8474,4939,7245,160,2,0,28968,24238,906,3824,0,8597,854,18096,1419,1139,931,510,1420,18344,,,0.633228624,0.255687114,0.967827678,0.032137802,31.08154506,0.045911146,0.441501335,0.390927554,0.967845351,0.000567575,0.393178104
Rajasthan,Baran,Total,10278,9689,5475,8030,217,2,0,33691,27336,1322,4464,569,10174,1650,20115,1677,1179,992,1523,2226,20551,,,0.609966758,0.244835569,0.970527128,0.029443191,33.9284995,0.042061702,0.425282635,0.374336308,0.970544851,0.000619563,0.399810682
Rajasthan,Bharatpur,Civil,7332,5889,2864,3897,446,24,5,20457,11008,1299,4231,3919,6303,4147,6821,1304,269,121,3890,3085,9079,,,0.443787271,0.21370613,0.994036563,0.005914557,167.6803279,0.008449367,0.309418535,0.326741591,0.994054715,0.003061983,0.427090447
Rajasthan,Bharatpur,Criminal,15943,14052,8560,10847,2052,71,2,51527,38011,2174,11342,0,14957,5411,26874,4172,1774,1360,763,3695,28380,,,0.550768514,0.251746623,0.973587176,0.026393417,37.85966201,0.037704882,0.38400828,0.384902821,0.973604954,0.000691349,0.405398638
Rajasthan,Bharatpur,Total,23275,19941,11424,14744,2498,95,7,71984,49019,3473,15573,3919,21260,9558,33695,5476,2043,1481,4653,6780,37459,,,0.5203723,0.240939085,0.979412378,0.020573731,48.57219973,0.029391044,0.362815351,0.368378858,0.979430262,0.000886969,0.411601919
Rajasthan,Ajmer,Civil,11076,7204,4205,5918,1942,104,17,30466,18494,1831,4728,5413,8422,10298,9607,1799,487,315,5356,4175,15619,,,0.512653034,0.261955558,0.989628122,0.010339055,96.41139241,0.014770079,0.357433304,0.400511563,0.989646194,0.001760553,0.399586175
Rajasthan,Ajmer,Criminal,20785,20566,13427,15012,1959,22,1,71772,63053,3028,5691,0,21200,14098,32126,3970,3797,3076,2354,3044,40062,,,0.558176473,0.236774274,0.957128725,0.042857342,23.32531687,0.061224774,0.389173276,0.362011157,0.957146203,0.00042594,0.418244233
Rajasthan,Ajmer,Total,31861,27770,17632,20930,3901,126,18,102238,81547,4859,10419,5413,29622,24396,41733,5769,4284,3391,7710,7219,55681,,,0.544616047,0.244280558,0.966822837,0.033167382,30.14091981,0.047381975,0.37971864,0.373487735,0.966840492,0.000550398,0.412705575
Rajasthan,Jhunjhunu,Civil,4445,3315,1745,1085,240,7,1,10838,7132,547,1447,1712,4432,1543,3775,907,172,75,2462,1972,4894,,,0.451517668,0.122981825,0.992988283,0.006919458,142.6052632,0.009884939,0.314808342,0.188030532,0.993006416,0.002604092,0.461109378
Rajasthan,Jhunjhunu,Criminal,9514,9156,5472,5766,719,11,1,30639,25225,1000,4414,0,10331,2629,16177,1459,1081,878,843,2498,16143,,,0.526860313,0.212043081,0.97131201,0.028655352,34.85665529,0.040936218,0.367338941,0.324198907,0.971329747,0.000636512,0.425701893
Rajasthan,Jhunjhunu,Total,13959,12471,7217,6851,959,18,2,41477,32357,1547,5861,1712,14763,4172,19952,2366,1253,953,3305,4470,21037,,,0.507184532,0.188774772,0.976999855,0.022976035,43.4769392,0.032822908,0.35362054,0.288623305,0.977017696,0.000793925,0.434978314
Rajasthan,Pali,Civil,4842,4595,2638,3328,971,56,12,16442,11119,798,3580,944,6000,3948,5612,855,150,45,3756,2963,7607,,,0.462628474,0.265584139,0.997202457,0.002736727,357.4347826,0.00390961,0.322555048,0.406059407,0.997220667,0.006527059,0.40219218
Rajasthan,Pali,Criminal,13078,13963,10063,13881,2836,21,2,53844,45527,1308,7009,0,23530,4021,23145,3139,2141,1373,1327,3685,30058,,,0.558231962,0.310892376,0.97448231,0.025499118,39.18777293,0.036427311,0.389211964,0.475332504,0.974500105,0.000715602,0.381065076
Rajasthan,Pali,Total,17920,18558,12701,17209,3807,77,14,70286,56646,2106,10589,944,29530,7969,28757,3994,2291,1418,5083,6648,37665,,,0.535874344,0.300297352,0.979811345,0.020174428,49.53206483,0.028820611,0.373623727,0.45913346,0.979829237,0.000904497,0.386109375
Rajasthan,Kota,Civil,7596,5724,2852,4709,933,107,1,21922,13041,1198,3248,4435,7306,4879,8664,896,328,360,3304,3489,11791,,,0.537836975,0.262281622,0.983533276,0.01642111,60.72576177,0.023458729,0.374992118,0.401010091,0.983551236,0.001108903,0.398433604
Rajasthan,Kota,Criminal,23748,20533,13630,19258,3998,15,1,81183,70431,2166,8586,0,33473,6714,36117,4752,4258,3248,2724,7210,47728,,,0.587899093,0.286657469,0.959979799,0.040007883,24.98707295,0.057154119,0.40989656,0.438279042,0.959997329,0.000456285,0.392790597
Rajasthan,Kota,Total,31344,26257,16482,23967,4931,122,2,103105,83472,3364,11834,4435,40779,11593,44781,5648,4586,3608,6028,10699,59519,,,0.577260295,0.281477315,0.964997187,0.034993114,28.56885564,0.049990163,0.402478949,0.430358951,0.965014809,0.000521691,0.393993225
Rajasthan,Jalore,Civil,1702,1441,596,717,181,8,0,4645,3043,201,883,518,1892,992,1460,295,62,10,930,1030,2348,,,0.505380973,0.195006457,0.997632372,0.002152389,422.2727273,0.003074842,0.352363058,0.298151112,0.99765059,0.007711054,0.421780555
Rajasthan,Jalore,Criminal,5711,5155,2792,3927,591,4,0,18180,15767,526,1887,0,5850,790,9791,1739,827,699,179,605,10710,,,0.589076508,0.248721192,0.961498267,0.03844673,25.97142857,0.0549239,0.410717481,0.380277151,0.961515825,0.00047426,0.406340851
Rajasthan,Jalore,Total,7413,6596,3388,4644,772,12,0,22825,18810,727,2770,518,7742,1782,11251,2034,889,709,1109,1635,13058,,,0.572066941,0.237799001,0.96889512,0.031061071,32.14788732,0.044372958,0.398858025,0.363577892,0.968912812,0.000587047,0.409591339
Rajasthan,Jhalawar,Civil,2175,1391,725,973,52,4,2,5322,3471,155,756,940,2480,651,1426,552,125,57,926,945,2288,,,0.429832801,0.19368777,0.989103889,0.010708247,91.75862069,0.015297496,0.299689162,0.296134932,0.989121951,0.001675589,0.439640728
Rajasthan,Jhalawar,Criminal,9777,8997,6106,6285,417,1,0,31583,27640,398,3545,0,10069,1343,16232,3918,1589,1142,372,1377,15749,,,0.498638551,0.21222771,0.96381079,0.036157548,27.63167104,0.05165364,0.347662089,0.324481192,0.96382839,0.000504577,0.434095482
Rajasthan,Jhalawar,Total,11952,10388,6831,7258,469,5,2,36905,31111,553,4301,940,12549,1994,17658,4470,1714,1199,1298,2322,18037,,,0.48872812,0.209559421,0.967484962,0.032487942,30.75416667,0.046411346,0.340752312,0.320401567,0.967502629,0.000561597,0.434895594
Rajasthan,Pratapgarh,Civil,1129,525,238,211,64,0,0,2167,1758,112,0,297,1036,315,646,160,75,41,497,492,792,,,0.365313653,0.126845018,0.980627306,0.018911439,51.5952381,0.027016342,0.254704951,0.193937082,0.980645213,0.000942172,0.480167347
Rajasthan,Pratapgarh,Criminal,4063,4440,1267,928,40,1,0,10739,9360,240,1139,0,3769,355,5086,1525,696,535,138,884,4823,,,0.449068901,0.090223464,0.95009311,0.04981378,20.03544776,0.071162543,0.313101007,0.137945309,0.950110459,0.000365864,0.495923742
Rajasthan,Pratapgarh,Total,5192,4965,1505,1139,104,1,0,12906,11118,352,1139,297,4805,670,5732,1685,771,576,635,1376,5615,,,0.435035252,0.096381808,0.955295576,0.044626947,22.36741768,0.063752781,0.303316429,0.147360983,0.955313021,0.000408448,0.493258347
Rajasthan,Dungarpur,Civil,1396,880,407,148,5,0,0,2836,2274,60,155,347,1443,415,904,74,70,45,283,808,1268,,,0.446951005,0.053930208,0.983785689,0.015861826,61.65217391,0.022659751,0.311624361,0.082455482,0.983803654,0.00112582,0.493012941
Rajasthan,Dungarpur,Criminal,5098,3753,2121,1115,6,0,0,12093,10630,544,919,0,2981,893,6655,1556,710,515,173,466,5912,,,0.48883744,0.09269059,0.957334215,0.042583099,23.43604651,0.060832999,0.340828532,0.141717372,0.957351697,0.000427962,0.484747609
Rajasthan,Dungarpur,Total,6494,4633,2528,1263,11,0,0,14929,12904,604,1074,347,4424,1308,7559,1630,780,560,456,1274,7180,,,0.480910918,0.085331547,0.962424648,0.037508372,26.6114082,0.053583389,0.335301981,0.130465914,0.962442223,0.000485947,0.48630376
Rajasthan,Banswara,Civil,1516,1099,378,271,35,0,0,3299,2644,51,285,319,1033,552,1483,210,54,33,335,556,1466,,,0.444242424,0.092727273,0.98969697,0.01,97.02941176,0.014285714,0.309735878,0.141773456,0.989715042,0.001771838,0.475575054
Rajasthan,Banswara,Criminal,5797,6119,3574,1307,44,2,0,16843,14748,366,1730,0,4705,872,9405,1847,751,458,196,518,8878,,,0.527071954,0.080325338,0.972749941,0.027190691,36.69498911,0.038843844,0.367486502,0.122811774,0.972767704,0.000670081,0.475363176
Rajasthan,Banswara,Total,7313,7218,3952,1578,79,2,0,20142,17392,417,2015,319,5738,1424,10888,2057,805,491,531,1074,10344,,,0.513528273,0.082361118,0.975574641,0.024375714,40.93902439,0.034822448,0.35804354,0.125924337,0.975592456,0.000747581,0.47539112
Rajasthan,Sirohi,Civil,2134,1479,896,997,125,10,2,5643,4669,161,458,355,2002,890,2326,404,100,57,1039,1031,2889,,,0.511871013,0.200921332,0.9897236,0.01009922,97.29310345,0.014427458,0.356888061,0.307194538,0.989741673,0.001776654,0.422994254
Rajasthan,Sirohi,Criminal,6302,5166,3649,3946,459,13,0,19535,17798,262,1475,0,8496,662,9406,963,782,746,267,506,11426,,,0.58486896,0.226146601,0.961762899,0.038185913,26.15127175,0.054551305,0.407783882,0.345762194,0.961780462,0.000477544,0.415546844
Rajasthan,Sirohi,Total,8436,6645,4545,4943,584,23,2,25178,22467,423,1933,355,10498,1552,11732,1367,882,803,1306,1537,14315,,,0.56852933,0.220501211,0.968068629,0.031891656,31.3159204,0.045559508,0.396391523,0.337130792,0.968086306,0.000571855,0.417218972
Rajasthan,Balotra Barmer,Civil,2686,1947,986,926,311,15,0,6871,4836,292,1078,665,3006,1637,1718,411,61,57,862,913,3763,,,0.5475844,0.182188591,0.991559953,0.008294529,118.4655172,0.011849326,0.381788243,0.278553499,0.99157806,0.00216328,0.423310796
Rajasthan,Balotra Barmer,Criminal,5125,6391,4306,6931,1968,28,1,24750,22506,682,1562,0,5256,2002,13699,3782,763,635,82,571,15633,,,0.631610844,0.360712698,0.974304069,0.025655529,38.91509434,0.036650756,0.440373383,0.551504261,0.97432186,0.000710622,0.349947279
Rajasthan,Balotra Barmer,Total,7811,8338,5292,7857,2279,43,1,31621,27342,974,2640,665,8262,3639,15417,4193,824,692,944,1484,19396,,,0.613370438,0.321927772,0.978084878,0.021883499,45.62914863,0.031262141,0.427655759,0.492204845,0.978102738,0.000833226,0.365893885
Rajasthan,Jodhpur Metro,Civil,7376,5627,2935,5195,2145,219,63,23560,15702,522,3945,3391,7701,6440,8193,879,201,144,2960,4296,12308,,,0.522388693,0.3235007,0.993845762,0.006111795,162.4827586,0.008731136,0.364221226,0.494609742,0.993863911,0.002967071,0.372168806
Rajasthan,Jodhpur Metro,Criminal,27822,23003,16436,24429,4596,141,2,96429,89146,1799,5484,0,42793,22137,27745,3673,2260,1614,836,5245,51389,,,0.532915068,0.302478482,0.9832521,0.01673753,59.70835913,0.023910757,0.371560453,0.462468253,0.983270055,0.001090325,0.384009771
Rajasthan,Jodhpur Metro,Total,35198,28630,19371,29624,6741,360,65,119989,104848,2321,9429,3391,50494,28577,35938,4552,2461,1758,3796,9541,63697,,,0.530852571,0.306608884,0.985340445,0.014651221,68.21432632,0.020930316,0.370122433,0.468783347,0.985358438,0.001245651,0.381700846
Rajasthan,Karauli,Civil,1726,1254,645,662,124,6,0,4417,2990,288,662,477,1624,864,1580,345,74,82,1144,432,1891,,,0.428021729,0.179266636,0.981213219,0.018560435,53.21686747,0.026514907,0.298426442,0.274086037,0.981231136,0.000971785,0.449500264
Rajasthan,Karauli,Criminal,6572,6435,4133,4301,379,3,0,21823,18696,669,2458,0,5006,1648,13500,1666,712,574,273,513,11831,,,0.542109604,0.214580279,0.973652859,0.02630132,37.95304348,0.037573314,0.377971091,0.328078103,0.973670639,0.000693054,0.421019347
Rajasthan,Karauli,Total,8298,7689,4778,4963,503,9,0,26240,21686,957,3120,477,6630,2512,15080,2011,786,656,1417,945,13722,,,0.522922145,0.208642963,0.974962844,0.024999047,39.9391172,0.035712925,0.36459316,0.319000367,0.974980648,0.000729322,0.4258009
Rajasthan,Chittorgarh,Civil,4731,2428,1417,2002,334,22,3,10937,6909,506,1742,1779,4034,2127,3749,773,123,115,1937,2041,4671,,,0.427043335,0.21585299,0.989394771,0.010513805,94.28448276,0.015019722,0.297744283,0.330023989,0.989412838,0.001721714,0.431490975
Rajasthan,Chittorgarh,Criminal,12632,12676,6220,9226,887,14,1,41656,33442,1034,7180,0,16756,3628,18677,2532,1448,1207,1265,3351,22132,,,0.53129126,0.243128406,0.971001272,0.028974722,34.48344371,0.04139246,0.370428297,0.371726175,0.971019004,0.000629697,0.413227447
Rajasthan,Chittorgarh,Total,17363,15104,7637,11228,1221,36,4,52593,40351,1540,8922,1779,20790,5755,22426,3305,1571,1322,3202,5392,26803,,,0.509620869,0.237460547,0.974845039,0.025135947,39.75283447,0.035908496,0.35531921,0.363060419,0.974862841,0.00072592,0.417030369
Rajasthan,Bhilwara,Civil,7173,5889,2870,3173,541,44,4,19694,12374,796,2947,3574,8377,3143,6530,1615,253,242,2458,2929,8492,,,0.431175425,0.191012947,0.987661843,0.012287383,81.04526749,0.017553404,0.30062527,0.292045317,0.987679879,0.001479954,0.441227838
Rajasthan,Bhilwara,Criminal,18739,18454,14581,11802,941,12,0,64529,56677,1949,5900,0,31038,1825,28020,3609,2107,1608,1532,3173,33850,,,0.524562219,0.197660003,0.975065861,0.024918642,40.10503418,0.035598061,0.365736657,0.302208196,0.975083666,0.000732352,0.429689164
Rajasthan,Bhilwara,Total,25912,24343,17451,14975,1482,56,4,84223,69051,2745,8847,3574,39415,4968,34550,5224,2360,1850,3990,6102,42342,,,0.502730813,0.196107998,0.978022891,0.021965236,45.50135062,0.031378908,0.350515307,0.299835289,0.978040751,0.000830893,0.432389971
Rajasthan,Jaisalmer,Criminal,2671,2769,2034,2546,137,1,0,10158,9580,237,341,0,2608,272,6189,1086,471,381,120,118,5363,,,0.52790629,0.264199232,0.962397874,0.037503691,26.59162304,0.053576702,0.368068219,0.403941982,0.962415448,0.000485585,0.410055918
Rajasthan,Jaisalmer,Civil,607,547,404,305,100,1,0,1964,925,65,231,743,904,328,536,66,145,106,220,232,1139,,,0.579643766,0.206615776,0.945547074,0.05394402,18.35514019,0.077062886,0.404140759,0.315900941,0.94556434,0.00033518,0.431961226
Rajasthan,Jaisalmer,Total,3278,3316,2438,2851,237,2,0,12122,10505,302,572,743,3512,600,6725,1152,616,487,340,350,6502,,,0.53633589,0.254887404,0.959745937,0.040171575,24.84016393,0.057387964,0.373945528,0.389704854,0.959763463,0.000453602,0.413574826
Rajasthan,Churu,Civil,3611,2340,1417,1584,532,27,13,9524,6922,257,1385,960,3935,1844,2855,722,122,82,1781,1947,5142,,,0.53984252,0.226351706,0.991286089,0.008608924,114.746988,0.012298463,0.376390429,0.346075785,0.991304191,0.002095376,0.407836703
Rajasthan,Churu,Criminal,8946,7632,4468,5472,829,11,1,27359,22010,969,4380,0,9459,1679,14384,1823,1180,852,623,1710,15256,,,0.557602339,0.230738304,0.968823099,0.031140351,32.07385698,0.044486216,0.388772977,0.352782584,0.968840791,0.000585696,0.414723741
Rajasthan,Churu,Total,12557,9972,5885,7056,1361,38,14,36883,28932,1226,5765,960,13394,3523,17239,2545,1302,934,2404,3657,20398,,,0.553031125,0.229611756,0.974650255,0.025322633,39.44705882,0.03617519,0.385585823,0.351060171,0.974668053,0.000720336,0.412958202
Rajasthan,Dholpur,Civil,2351,1371,625,954,165,8,1,5475,3894,187,1079,315,1441,1334,2129,269,110,26,1042,1484,2193,,,0.400474799,0.205989774,0.995069394,0.004747991,202.7777778,0.006782845,0.279220098,0.314943827,0.995087565,0.003702892,0.436584487
Rajasthan,Dholpur,Criminal,5344,5572,2245,4051,563,14,1,17790,15410,252,2128,0,5064,1156,10518,1028,872,756,230,294,7712,,,0.433477601,0.260187735,0.957450396,0.042493396,23.5006605,0.060704851,0.302230399,0.397808686,0.95746788,0.000429142,0.429712568
Rajasthan,Dholpur,Total,7695,6943,2870,5005,728,22,2,23265,19304,439,3207,315,6505,2490,12647,1297,982,782,1272,1778,9905,,,0.425728531,0.24744262,0.966345741,0.033611278,29.71264368,0.048016112,0.296827572,0.378322304,0.966363387,0.000542578,0.431374455
Rajasthan,Sikar,Civil,6585,5598,3285,4530,918,31,18,20965,12588,950,4507,2920,7285,4932,6139,1155,298,148,4948,4204,12035,,,0.574024611,0.262186397,0.992893256,0.007059048,140.704698,0.010084354,0.400222957,0.400864499,0.992911387,0.002569386,0.387628057
Rajasthan,Sikar,Criminal,13706,12784,8225,10652,1387,9,1,46764,39269,1723,5772,0,17729,3837,22267,2916,1977,1577,1348,3256,28015,,,0.599059125,0.257649952,0.966256816,0.0337218,29.63498099,0.048174001,0.417677587,0.393928594,0.966274461,0.00054116,0.398872778
Rajasthan,Sikar,Total,20291,18382,11510,15182,2305,40,19,67729,51857,2673,10279,2920,25014,8769,28406,4071,2275,1725,6296,7460,40050,,,0.59131847,0.259058025,0.974516462,0.025468773,39.24044032,0.036383962,0.412280627,0.396081438,0.974534258,0.000716563,0.395427647
Rajasthan,Sawai Madhopur,Civil,3315,2375,1258,1683,189,11,6,8837,6866,985,47,939,2208,1999,4185,427,117,81,2238,1100,4624,,,0.523195293,0.213736139,0.990721883,0.009164969,107.7682927,0.013092814,0.364783605,0.326787474,0.990739974,0.001967939,0.4157125
Rajasthan,Sawai Madhopur,Criminal,6705,5830,3639,3600,72,2,0,19848,16131,1271,2446,0,5105,792,12519,1417,981,858,562,1012,10363,,,0.522091793,0.185097486,0.956723261,0.043226359,23.10593714,0.061751941,0.36401422,0.283000994,0.956740731,0.000421934,0.44418879
Rajasthan,Sawai Madhopur,Total,10020,8205,4897,5283,261,13,6,28685,22997,2256,2493,939,7313,2791,16704,1844,1098,939,2800,2112,14987,,,0.522449976,0.193927351,0.967231402,0.032733738,30.51595745,0.046762482,0.364263953,0.296501235,0.967249065,0.000557247,0.435434304
Rajasthan,Jaipur District,Civil,6664,4994,2770,6018,703,59,2,21210,16864,947,988,2414,7289,4913,7815,1151,314,227,2495,3304,13901,,,0.655367498,0.319739758,0.98925086,0.010701994,93.02631579,0.015288563,0.45693706,0.488859526,0.989268925,0.001698738,0.354068593
Rajasthan,Jaipur District,Criminal,10746,9648,6755,14556,1150,22,0,42877,36841,2784,3251,0,14558,2131,23585,2581,2034,1726,389,1856,30346,,,0.707728905,0.366808153,0.959722935,0.040253743,24.82744644,0.057505347,0.493444618,0.560823781,0.95974046,0.00045337,0.342425801
Rajasthan,Jaipur District,Total,17410,14642,9525,20574,1853,81,2,64087,53705,3731,4239,2414,21847,7044,31400,3732,2348,1953,2884,5160,44247,,,0.690410061,0.351235801,0.969510673,0.030473724,32.79785056,0.043533891,0.481369528,0.537014753,0.969528377,0.000598916,0.34629655
Rajasthan,Jodhpur District,Civil,1790,1126,673,964,254,8,4,4819,2976,209,988,646,1474,1507,1610,147,19,15,845,339,2149,,,0.445850622,0.255186722,0.996680498,0.003112033,301.1875,0.004445762,0.31085715,0.39016249,0.996698698,0.005499936,0.409262766
Rajasthan,Jodhpur District,Criminal,5307,5603,4082,5820,2088,49,0,22949,21151,401,1397,0,6461,964,13525,1991,508,489,115,189,14871,,,0.647973856,0.34671024,0.978649237,0.02130719,46.83469388,0.030438842,0.451782045,0.53009549,0.978667108,0.000855241,0.350396073
Rajasthan,Jodhpur District,Total,7097,6729,4755,6784,2342,57,4,27768,24127,610,2385,646,7935,2471,15135,2138,527,504,960,528,17020,,,0.612913681,0.330836544,0.981814253,0.018149735,54.98613861,0.025928193,0.427337297,0.50582573,0.981832182,0.001004093,0.360658097
Rajasthan,Jaipur Metro II,Civil,12963,8694,4342,5074,2444,804,52,34373,21204,1622,8686,2858,9965,11012,12298,961,758,374,4694,3597,18095,,,0.526415314,0.24361436,0.989090592,0.010880317,91.66133333,0.015543309,0.367028677,0.372469164,0.989108653,0.001673813,0.404614911
Rajasthan,Jaipur Metro II,Criminal,84626,61076,48572,45635,11941,507,5,252362,242361,6556,3449,0,176377,19182,51056,5630,6735,4337,1630,4242,151218,,,0.599208283,0.230176373,0.982810475,0.017185562,58.1747349,0.024550803,0.417781583,0.351923431,0.982828422,0.001062319,0.400965108
Rajasthan,Jaipur Metro II,Total,97589,69770,52914,50709,14385,1311,57,286735,263565,8178,12135,2858,186342,30194,63354,6591,7493,4711,6324,7839,169313,,,0.590483929,0.231788126,0.983566765,0.016429747,60.8520798,0.023471067,0.411698766,0.354387687,0.983584726,0.00111121,0.401403495
Tamil Nadu,Dharmapuri,Civil,5412,4295,1929,1844,336,18,0,13834,11773,321,49,1691,654,2508,6039,3296,475,363,2736,3036,7859,,,0.568052042,0.158872425,0.973689917,0.026237803,38.00549451,0.037482575,0.396058746,0.242904726,0.973707697,0.000694012,0.438035663
Tamil Nadu,Dharmapuri,Criminal,4021,2128,954,956,188,49,8,8304,6535,79,1686,0,2773,242,3678,1445,3249,3124,155,365,3384,,,0.407465382,0.14461168,0.62372065,0.37615894,2.65728,0.537369915,0.284094091,0.221101053,0.62373204,4.85E-05,0.64680653
Tamil Nadu,Dharmapuri,Total,9433,6423,2883,2800,524,67,8,22138,18308,400,1735,1691,3427,2750,9717,4741,3724,3487,2891,3401,11243,,,0.507836849,0.15352997,0.842449975,0.157504856,6.34690367,0.225006937,0.35407535,0.234736489,0.842465359,0.0001159,0.516366316
Tamil Nadu,Pudukkottai,Civil,4310,3787,1973,1838,466,13,1,12388,0,1,0,0,0,0,0,1,72,248,2534,2409,7852,,,0.633788038,0.187101461,0.979901526,0.020017758,49.75100402,0.028596797,0.441891371,0.28606493,0.979919419,0.000908495,0.413204786
Tamil Nadu,Pudukkottai,Criminal,3788,2273,1057,1167,467,34,0,8786,0,0,0,0,0,0,0,0,447,345,142,196,5243,,,0.596676909,0.189825879,0.960623649,0.039262547,25.39306358,0.056089353,0.416016652,0.290230373,0.96064119,0.000463699,0.428061126
Tamil Nadu,Pudukkottai,Total,8098,6060,3030,3005,933,47,1,21174,0,1,0,0,0,0,0,1,519,593,2676,2605,13095,,,0.618417946,0.18824085,0.971948052,0.028004723,35.64646465,0.040006747,0.431174995,0.287806976,0.971965801,0.000650934,0.419358055
Tamil Nadu,Tirunelveli,Civil,15166,9762,4834,3821,615,16,3,34217,28314,1681,124,4098,2392,6896,15674,5842,1405,1759,7594,6125,15082,,,0.440762172,0.130194634,0.948565083,0.051405693,19.44147727,0.073436704,0.307309367,0.199058408,0.948582404,0.000355018,0.482782684
Tamil Nadu,Tirunelveli,Criminal,22800,15668,7537,6811,815,27,3,53661,49241,349,4016,0,20090,1892,16736,14004,9260,9626,645,928,22893,,,0.426614737,0.142670791,0.820599307,0.179382058,5.574010595,0.256260083,0.297445455,0.218133572,0.820614292,0.000101786,0.544989735
Tamil Nadu,Tirunelveli,Total,37966,25430,12371,10632,1430,43,6,87878,77555,2030,4140,4098,22482,8788,32410,19846,10665,11385,8239,7053,37975,,,0.432128267,0.137814495,0.870435485,0.129553136,7.718074829,0.185075908,0.301289613,0.210708637,0.87045138,0.000140939,0.520770325
Tamil Nadu,Theni,Civil,4997,3874,1523,903,198,3,0,11498,0,0,0,0,0,0,0,0,430,394,2321,2550,3631,,,0.315766588,0.096008349,0.965649187,0.034263849,29.10886076,0.048948356,0.220159616,0.14678999,0.96566682,0.000531552,0.507869291
Tamil Nadu,Theni,Criminal,7047,4249,1934,1703,309,1,0,15243,0,0,0,0,0,0,0,0,4668,4606,396,817,5523,,,0.362306481,0.132051955,0.697782734,0.302151666,3.308660734,0.431645237,0.252608283,0.20189812,0.697795476,6.04E-05,0.621693162
Tamil Nadu,Theni,Total,12044,8123,3457,2606,507,4,0,26741,0,0,0,0,0,0,0,0,5098,5000,2717,3367,9154,,,0.34230798,0.116558223,0.812990801,0.186971805,5.347130574,0.267102578,0.238664875,0.178209298,0.813005647,9.76E-05,0.572757609
Tamil Nadu,Namakkal,Civil,7770,5274,2446,2388,454,15,4,18351,3,0,0,0,0,0,0,0,960,599,4240,3232,10391,,,0.566205318,0.155895815,0.967306016,0.032639494,30.585,0.046627849,0.394771169,0.2383537,0.96732368,0.000558508,0.442721768
Tamil Nadu,Namakkal,Criminal,4396,3193,1344,1020,93,2,0,10048,0,0,0,0,0,0,0,0,1224,1467,527,489,6875,,,0.684147676,0.110956314,0.853915813,0.145984675,6.844686649,0.208549536,0.477003252,0.169644374,0.853931406,0.00012499,0.497724033
Tamil Nadu,Namakkal,Total,12166,8467,3790,3408,547,17,4,28399,3,0,0,0,0,0,0,0,2184,2066,4767,3721,17266,,,0.607957746,0.14,0.92721831,0.072746479,13.73923561,0.103923541,0.423881907,0.21405012,0.927235242,0.00025089,0.462185186
Tamil Nadu,Nagapattinam,Civil,3558,4248,2434,1529,168,3,0,11940,0,0,0,0,0,0,0,0,163,150,2628,2076,5493,,,0.460011724,0.142366636,0.987354493,0.012561762,79.07284768,0.017945374,0.320730591,0.21766854,0.987372523,0.001443936,0.455237633
Tamil Nadu,Nagapattinam,Criminal,4894,3238,1868,1527,309,18,0,11854,0,0,1,0,1,0,0,0,1931,2107,366,624,5426,,,0.457697174,0.156389709,0.822184732,0.177730915,5.623339658,0.253901307,0.319116834,0.239108829,0.822199746,0.000102687,0.53378107
Tamil Nadu,Nagapattinam,Total,8452,7486,4302,3056,477,21,0,23794,0,0,1,0,1,0,0,0,2094,2257,2994,2700,10919,,,0.458877916,0.149359109,0.905106115,0.09485186,10.53764393,0.135502657,0.319940073,0.228359538,0.905122643,0.000192426,0.49440818
Tamil Nadu,Kanniyakumari,Civil,5638,5271,2640,2248,595,42,11,16445,5,0,0,0,5,0,0,0,9,165,3059,3651,7286,,,0.44302566,0.176091451,0.98990636,0.010032835,99.06626506,0.014332621,0.308887522,0.269231402,0.989924437,0.001809033,0.44381616
Tamil Nadu,Kanniyakumari,Criminal,9224,12034,4867,5073,994,52,0,32244,0,0,0,0,0,0,0,0,323,419,653,747,14498,,,0.449620096,0.189765855,0.986974725,0.012994263,76.77142857,0.018563232,0.313485312,0.290138601,0.986992748,0.001401911,0.439016907
Tamil Nadu,Kanniyakumari,Total,14862,17305,7507,7321,1589,94,11,48689,5,0,0,0,5,0,0,0,332,584,3712,4398,21784,,,0.447401931,0.185150955,0.987985213,0.011994249,83.22905983,0.017134642,0.311938757,0.283082744,0.988003254,0.001519832,0.440632284
Tamil Nadu,Tiruchirappalli,Civil,11698,8418,4219,3519,1563,124,12,29553,24385,1316,204,3648,1396,5198,12547,6290,1221,963,6313,6851,14665,,,0.496210327,0.176558165,0.967381742,0.032584422,30.656639,0.046549174,0.345969076,0.269944974,0.967399407,0.000559816,0.446345226
Tamil Nadu,Tiruchirappalli,Criminal,11786,7379,5053,3590,921,68,7,28804,25076,395,3249,0,6535,1540,9347,10929,6786,6454,784,1592,12823,,,0.44516577,0.159208471,0.775906961,0.224058323,4.462277304,0.320083319,0.310379655,0.243418517,0.775921129,8.15E-05,0.55815786
Tamil Nadu,Tiruchirappalli,Total,23484,15797,9272,7109,2484,192,19,58357,49461,1711,3453,3648,7931,6738,21894,17219,8007,7417,7097,8443,27488,,,0.471023681,0.167997532,0.872888036,0.127094828,7.866945268,0.181564041,0.328408376,0.256856372,0.872903976,0.000143657,0.501545442
Tamil Nadu,Thoothukudi,Civil,5855,4215,1792,1676,276,8,1,13823,0,0,0,0,0,0,0,0,500,546,3416,2188,6444,,,0.466145833,0.141854745,0.960431134,0.039496528,25.27056673,0.056423611,0.32500743,0.216885895,0.960448673,0.000461462,0.468109261
Tamil Nadu,Thoothukudi,Criminal,10485,6617,2220,4461,446,23,0,24252,0,0,1,0,0,0,1,0,10173,10283,418,512,13839,,,0.570609821,0.203273822,0.575969983,0.423988785,2.358226371,0.605698264,0.397842088,0.310791329,0.575980501,4.31E-05,0.621520152
Tamil Nadu,Thoothukudi,Total,16340,10832,4012,6137,722,31,1,38075,0,0,1,0,0,0,1,0,10673,10829,3834,2700,20283,,,0.532697762,0.180980145,0.715568862,0.284404874,3.515697138,0.406292678,0.371408942,0.27670587,0.715581929,6.42E-05,0.565829562
Tamil Nadu,Viluppuram,Civil,13338,9256,5695,5313,1300,55,5,34962,27240,1270,114,6338,2317,8373,15083,5281,1358,1213,6815,6609,17882,,,0.511454967,0.190858908,0.965277579,0.034693819,28.79901153,0.049562599,0.356597984,0.291809802,0.965295206,0.000525894,0.439417486
Tamil Nadu,Viluppuram,Criminal,6410,4299,2577,3230,807,62,2,17387,15117,111,2009,0,6640,894,7647,1717,6896,7138,296,556,8618,,,0.49562917,0.235852312,0.589429492,0.410512997,2.435495167,0.586447139,0.34556388,0.360601541,0.589440255,4.45E-05,0.614636095
Tamil Nadu,Viluppuram,Total,19748,13555,8272,8543,2107,117,7,52349,42357,1381,2123,6338,8957,9267,22730,6998,8254,8351,7111,7165,26500,,,0.506208214,0.205807068,0.840458453,0.159522445,6.267840038,0.227889207,0.352939829,0.314664483,0.8404738,0.000114456,0.497632395
Tamil Nadu,Vellore,Civil,11542,9114,4684,4109,1504,69,19,31041,23569,775,112,6585,1501,5598,14400,5459,819,766,5957,6540,13509,,,0.435184589,0.183654404,0.97529154,0.024676245,40.47066493,0.035251779,0.303420549,0.280794623,0.97530935,0.000739028,0.449702948
Tamil Nadu,Vellore,Criminal,10372,6648,2879,2953,989,38,5,23884,19150,345,4389,0,7388,1031,8358,6507,6632,6900,633,1267,10230,,,0.428302282,0.166841114,0.711073896,0.288884237,3.460947689,0.412691767,0.298622049,0.255088289,0.711086881,6.32E-05,0.590761115
Tamil Nadu,Vellore,Total,21914,15762,7563,7062,2493,107,24,54925,42719,1120,4501,6585,8889,6629,22758,11966,7451,7666,6590,7807,23739,,,0.432199687,0.176346357,0.860412191,0.139569603,7.163818964,0.199385147,0.301339408,0.269621135,0.860427903,0.000130817,0.511065712
Tamil Nadu,Salem,Civil,15804,8949,6529,4520,2248,109,2,38161,31614,1154,220,5173,1804,7872,15417,7722,1521,1451,8166,8166,14819,,,0.388318222,0.180257848,0.96195168,0.038022116,26.28168044,0.054317309,0.270744258,0.275601529,0.961969246,0.000479926,0.465510431
Tamil Nadu,Salem,Criminal,11102,5803,3185,3293,711,95,0,24189,22287,602,1300,0,9193,867,9664,3793,4638,4835,833,1202,12050,,,0.498139727,0.169450186,0.800082679,0.199875982,5.001861042,0.285537117,0.347314298,0.259077377,0.800097289,9.13E-05,0.533271045
Tamil Nadu,Salem,Total,26906,14752,9714,7813,2959,204,2,62350,53901,1756,1520,5173,10997,8739,25081,11515,6159,6286,8999,9368,26869,,,0.43093134,0.176067746,0.899167616,0.100816346,9.917289645,0.144023352,0.300455088,0.269195158,0.899184035,0.000181098,0.491807398
Tamil Nadu,Chennai,Civil,25142,14868,6882,7073,1706,209,30,55910,48508,763,303,6295,8877,12523,27423,5961,2487,2784,5467,10449,22437,,,0.401298492,0.161292053,0.950188693,0.049793422,20.07540395,0.07113346,0.279794396,0.246604168,0.950206044,0.000366594,0.476579884
Tamil Nadu,Chennai,Criminal,31599,28648,9056,16451,3735,314,23,89826,81221,1456,7106,0,65082,4050,17181,1724,22295,25523,1717,4472,37255,,,0.41474167,0.228472508,0.715853808,0.28413506,3.519275976,0.405907228,0.289167284,0.349318342,0.71586688,6.43E-05,0.566999099
Tamil Nadu,Chennai,Total,56741,43516,15938,23524,5441,523,53,145736,129729,2219,7409,6295,73959,16573,44604,7685,24782,28307,7184,14921,59692,,,0.409587133,0.202700755,0.80575969,0.194233448,5.14822665,0.277476354,0.285573424,0.309915151,0.805774404,9.40E-05,0.532316711
Tamil Nadu,Virudhunagar,Civil,7160,4908,2236,1627,493,33,1,16458,13175,1034,117,2130,814,2816,8108,3394,588,540,3967,3112,6060,,,0.368187618,0.130870648,0.967130445,0.032808798,30.42144177,0.046869711,0.256708744,0.200091986,0.967148106,0.000555521,0.485115069
Tamil Nadu,Virudhunagar,Criminal,11644,6095,2413,2549,425,36,7,23169,18606,581,3942,0,4885,982,10701,6298,3901,3754,487,721,7772,,,0.335433751,0.13021148,0.837936987,0.162019853,6.170173103,0.231456933,0.233872006,0.199084165,0.837952289,0.000112673,0.556065743
Tamil Nadu,Virudhunagar,Total,18804,11003,4649,4176,918,69,8,39627,31781,1615,4059,2130,5699,3798,18809,9692,4489,4294,4454,3833,13832,,,0.349046129,0.130488543,0.891617038,0.108357727,9.226309662,0.154796753,0.243362865,0.199507775,0.89163332,0.00016848,0.52660283
Tamil Nadu,Madurai,Civil,14879,11147,4511,3967,1060,53,8,35625,29563,1065,423,4575,2125,7027,15132,7864,1209,1240,6151,7158,13231,,,0.371386066,0.142817044,0.96516589,0.034806041,28.70668815,0.049722915,0.258938775,0.218357181,0.965183515,0.000524208,0.481016523
Tamil Nadu,Madurai,Criminal,16400,13812,4886,6762,1911,216,4,43991,40872,664,2460,0,9676,1812,17794,14400,4027,3496,673,2172,18425,,,0.41882615,0.202150391,0.920508274,0.079468994,12.57963969,0.113527135,0.292015076,0.309073682,0.920525083,0.000229715,0.4730383
Tamil Nadu,Madurai,Total,31279,24959,9397,10729,2971,269,12,79616,70435,1729,2883,4575,11801,8839,32926,22264,5236,4736,6824,9330,31656,,,0.397603527,0.1756032,0.940502656,0.059484783,16.80726198,0.084978262,0.277218182,0.268484901,0.940519831,0.000306915,0.476609178
Tamil Nadu,The Nilgiris,Civil,1628,664,291,381,109,23,1,3097,2293,186,70,511,266,446,1806,428,147,171,805,472,981,,,0.316655907,0.165913493,0.94448031,0.055196901,18.00581395,0.078852716,0.220779669,0.253670022,0.944497557,0.000328801,0.491598576
Tamil Nadu,The Nilgiris,Criminal,2325,1165,338,471,69,2,0,4370,4050,145,163,0,1445,115,2246,550,933,1093,191,165,1366,,,0.312514299,0.123999085,0.749714024,0.250057195,3.994515539,0.357224564,0.217892046,0.18958585,0.749727715,7.29E-05,0.606733932
Tamil Nadu,The Nilgiris,Total,3953,1829,629,852,178,25,1,7467,6343,331,233,511,1711,561,4052,978,1080,1264,996,637,2347,,,0.314274237,0.141403321,0.830610605,0.16925549,5.902766798,0.241793557,0.219119114,0.216195699,0.830625773,0.000107789,0.558951881
Tamil Nadu,Thanjavur,Civil,9737,5444,2755,2059,558,25,9,20587,16239,728,141,3479,1027,5052,8458,3307,829,870,4047,3743,7880,,,0.382747231,0.128764329,0.957693802,0.042257626,23.63605052,0.060368037,0.266860037,0.196871572,0.957711291,0.000431614,0.488295562
Tamil Nadu,Thanjavur,Criminal,9644,4389,3153,2416,619,30,5,20256,18502,474,1280,0,6075,900,8094,4779,3378,3217,633,1004,9764,,,0.48200622,0.15155255,0.841141334,0.1588093,6.294592915,0.226870429,0.336065651,0.231713154,0.841156694,0.000114945,0.522051943
Tamil Nadu,Thanjavur,Total,19381,9833,5908,4475,1177,55,14,40843,34741,1202,1421,3479,7102,5952,16552,8086,4207,4087,4680,4747,17644,,,0.431985114,0.140069533,0.89991186,0.100063657,9.990949119,0.142948081,0.301189803,0.214156431,0.899928293,0.000182443,0.505038168
Tamil Nadu,Coimbatore,Civil,16134,12008,6329,5825,1691,74,11,42072,34779,1136,332,5825,3542,6801,16522,11603,1717,1812,8797,10744,19664,,,0.467378128,0.180662182,0.956908231,0.043068001,23.20573635,0.061525716,0.325866614,0.276219728,0.956925705,0.000423756,0.454842891
Tamil Nadu,Coimbatore,Criminal,12263,9238,6933,7219,665,21,0,36339,31093,968,4278,0,15636,1885,15209,2760,11359,11510,1265,1597,19261,,,0.530022014,0.217528894,0.683241607,0.316730875,3.156893406,0.452472679,0.36954335,0.332586328,0.683254084,5.76E-05,0.56860247
Tamil Nadu,Coimbatore,Total,28397,21246,13262,13044,2356,95,11,78411,65872,2104,4610,5825,19178,8686,31731,14363,13076,13322,10062,12341,38925,,,0.496416365,0.197750344,0.830089782,0.169897465,5.885386174,0.242710664,0.34611273,0.302346322,0.83010494,0.000107472,0.507573773
Tamil Nadu,Karur,Civil,4910,3385,1991,1770,352,9,2,12419,10645,397,46,1331,133,2184,5369,3344,296,435,2470,1769,5474,,,0.440740741,0.17173913,0.96489533,0.035024155,28.48394495,0.050034507,0.307294424,0.262577011,0.96491295,0.000520141,0.458603335
Tamil Nadu,Karur,Criminal,6208,2087,1256,1236,41,0,0,10828,9530,365,933,0,4358,336,3216,2698,1662,1493,373,568,3780,,,0.349062702,0.117924093,0.862037123,0.137870533,7.247657296,0.196957904,0.24337442,0.180297616,0.862052864,0.000132348,0.546332438
Tamil Nadu,Karur,Total,11118,5472,3247,3006,393,9,2,23247,20175,762,979,1331,4491,2520,8585,6042,1958,1928,2843,2337,9254,,,0.398055747,0.146679284,0.91702512,0.082931865,12.05132193,0.118474093,0.27753348,0.224262275,0.917041866,0.000220067,0.499464055
Tamil Nadu,Cuddalore,Civil,14244,9861,5445,5966,1458,114,17,37105,410,0,0,62,6,79,248,101,1095,1007,5613,4349,32703,,,0.881339945,0.203605886,0.972834582,0.027138468,36.81051587,0.03876924,0.614490167,0.311299031,0.972852347,0.000672191,0.36958068
Tamil Nadu,Cuddalore,Criminal,5038,3975,3204,5447,695,14,2,18375,1121,0,0,0,851,17,125,121,4610,4531,305,378,26356,,,1.434262081,0.335111014,0.753373966,0.246571615,4.054501324,0.352245165,1,0.512361093,0.753387723,7.40E-05,0.338723192
Tamil Nadu,Cuddalore,Total,19282,13836,8649,11413,2153,128,19,55480,1531,0,0,62,857,96,373,222,5705,5538,5918,4727,59059,,,1.064490546,0.247165696,0.90016402,0.099817956,10.01624842,0.14259708,0.742186913,0.377898908,0.900180458,0.000182905,0.359379301
Tamil Nadu,Ramanathapuram,Civil,3537,2017,725,752,163,10,5,7209,6140,301,45,723,356,1386,4091,1301,259,296,1985,1814,2949,,,0.409015257,0.128987517,0.958807212,0.041054092,24.27272727,0.058648702,0.285174699,0.197212812,0.958824721,0.00044324,0.483280356
Tamil Nadu,Ramanathapuram,Criminal,8316,4460,1782,1702,498,92,3,16853,14590,87,2176,0,4536,453,6564,5086,6360,6394,168,505,5548,,,0.329180017,0.136169455,0.620564851,0.379375816,2.635340109,0.541965451,0.229511761,0.208193488,0.620576183,4.81E-05,0.664587203
Tamil Nadu,Ramanathapuram,Total,11853,6477,2507,2454,661,102,8,24062,20730,388,2221,723,4892,1839,10655,6387,6619,6690,2153,2319,8497,,,0.35311474,0.134023189,0.721938245,0.278020197,3.596173965,0.39717171,0.246199593,0.204911998,0.721951429,6.57E-05,0.610265751
Tamil Nadu,Tiruvannamalai,Civil,8355,5959,3072,3778,1503,143,11,22821,17898,920,158,3845,1531,5388,9019,4228,456,479,4615,5135,10396,,,0.45552537,0.238147402,0.978967663,0.02098852,47.54375,0.0299836,0.317602603,0.364110571,0.97898554,0.000868189,0.423605264
Tamil Nadu,Tiruvannamalai,Criminal,5861,3142,2019,2579,892,22,1,14516,13461,259,748,0,4497,625,4939,4367,2563,2266,269,601,6088,,,0.419370393,0.240683337,0.843838259,0.156092857,6.403176004,0.222989795,0.292394534,0.367987837,0.843853668,0.000116927,0.496908535
Tamil Nadu,Tiruvannamalai,Total,14216,9101,5091,6357,2395,165,12,37337,31359,1179,906,3845,6028,6013,13958,8595,3019,2745,4884,5736,16484,,,0.441480529,0.23913975,0.926455622,0.073517596,13.59686817,0.105025137,0.307810222,0.365627803,0.926472539,0.00024829,0.452125582
Tamil Nadu,Perambalur,Civil,2353,1362,665,780,359,13,4,5536,4806,129,6,595,414,856,2857,1137,161,189,1147,1176,2641,,,0.47697309,0.208777316,0.965685389,0.034134008,29.13684211,0.048762868,0.332556439,0.319205783,0.965703023,0.000532063,0.438005898
Tamil Nadu,Perambalur,Criminal,1881,756,443,414,168,34,1,3697,3014,46,637,0,1726,161,1519,256,1146,1127,59,266,1439,,,0.389129259,0.166846944,0.694970254,0.304759329,3.27748227,0.435370471,0.271309731,0.255097204,0.694982945,5.98E-05,0.605300482
Tamil Nadu,Perambalur,Total,4234,2118,1108,1194,527,47,5,9233,7820,175,643,595,2140,1017,4376,1393,1307,1316,1206,1442,4080,,,0.441845354,0.192007797,0.857374919,0.142516786,7.01063022,0.203595408,0.308064586,0.293566372,0.857390575,0.00012802,0.504983741
Tamil Nadu,Erode,Civil,10131,6877,3887,2358,432,8,0,23693,0,0,0,0,0,0,0,0,1049,1048,5620,5242,11274,,,0.475816662,0.118088968,0.955727188,0.044230607,22.58627264,0.063186581,0.331750151,0.180549698,0.955744641,0.000412444,0.477999055
Tamil Nadu,Erode,Criminal,8101,5107,3048,2363,291,2,0,18912,0,0,0,0,0,0,0,0,7351,7516,935,1030,11099,,,0.586845027,0.140432507,0.602548512,0.397398615,2.515897299,0.567712307,0.409161641,0.214711393,0.602559515,4.59E-05,0.62947317
Tamil Nadu,Erode,Total,18232,11984,6935,4721,723,10,0,42605,0,0,0,0,0,0,0,0,8400,8564,6555,6272,22373,,,0.525113834,0.128010139,0.798971976,0.201004553,4.974314069,0.287149362,0.366121255,0.19571847,0.798986566,9.08E-05,0.545246126
Tamil Nadu,Tiruvarur,Civil,2776,2271,1465,948,124,0,0,7584,5967,273,26,1318,261,1696,3860,1399,257,256,1600,1587,3926,,,0.517600527,0.141331575,0.966117337,0.033750824,29.50972763,0.048215463,0.360882808,0.216086005,0.966134979,0.000538872,0.456910904
Tamil Nadu,Tiruvarur,Criminal,3540,1771,830,856,250,8,0,7255,6531,94,630,0,2724,382,2870,1193,3146,3221,221,328,2952,,,0.406835722,0.153528115,0.555953693,0.44390849,2.251707014,0.634154985,0.283655078,0.234733653,0.555963846,4.11E-05,0.677713098
Tamil Nadu,Tiruvarur,Total,6316,4042,2295,1804,374,8,0,14839,12498,367,656,1318,2985,2078,6730,2592,3403,3477,1821,1915,6878,,,0.463477089,0.147304582,0.765633423,0.234299191,4.26653249,0.334713131,0.323146721,0.225218311,0.765647404,7.79E-05,0.564868602
Tamil Nadu,Krishnagiri,Civil,8412,6609,2355,2180,920,58,8,20542,17089,363,51,3039,800,3949,8833,4661,542,591,3379,3910,7396,,,0.360025313,0.154115757,0.971182398,0.028768924,34.69932432,0.041098462,0.2510178,0.235632117,0.971200133,0.000633639,0.475513788
Tamil Nadu,Krishnagiri,Criminal,8666,5451,2344,2815,358,40,1,19675,13506,72,6097,0,8194,431,5862,3950,4691,4920,273,561,6705,,,0.340770482,0.163346209,0.749898353,0.250050823,3.998171103,0.357215462,0.237592896,0.249744826,0.749912047,7.30E-05,0.586955874
Tamil Nadu,Krishnagiri,Total,17078,12060,4699,4995,1278,98,9,40217,30595,435,6148,3039,8994,4380,14695,8611,5233,5511,3652,4471,14101,,,0.350614153,0.158635437,0.862946939,0.137028196,7.2962627,0.195754566,0.244456127,0.242542388,0.862962697,0.000133236,0.530047697
Tamil Nadu,Dindigul,Civil,8642,5735,3298,2592,858,35,3,21163,2,0,0,1,0,1,0,0,731,647,4512,3790,16925,,,0.79970705,0.164808165,0.969381969,0.030570781,32.65895062,0.043672544,0.557573863,0.251980054,0.969399671,0.00059638,0.399671189
Tamil Nadu,Dindigul,Criminal,9509,6683,2814,4903,1378,38,0,25325,0,0,14,0,14,0,0,0,6180,6183,511,618,33285,,,1.314262023,0.249506436,0.755824054,0.244136461,4.095245796,0.348766372,0.916333242,0.381477733,0.755837856,7.48E-05,0.390098128
Tamil Nadu,Dindigul,Total,18151,12418,6112,7495,2236,73,3,46488,2,0,14,1,14,1,0,0,6911,6830,5023,4408,50210,,,1.08004044,0.210953129,0.853062015,0.146916475,6.805445762,0.209880678,0.753028651,0.322532447,0.853077592,0.000124273,0.394464672
Tamil Nadu,Sivagangai,Civil,4483,3493,2480,1396,314,16,0,12182,10285,448,57,1363,649,2507,5339,3019,413,366,2961,2540,4768,,,0.391365017,0.141672823,0.969876057,0.030041862,33.19346049,0.042916945,0.272868552,0.216607748,0.969893768,0.00060614,0.475751632
Tamil Nadu,Sivagangai,Criminal,7751,6192,2504,2422,565,22,0,19456,17355,342,1733,0,6805,835,6991,4682,3477,3625,369,718,4869,,,0.250244128,0.154648713,0.813640335,0.18630827,5.365692223,0.266154671,0.174475873,0.236446968,0.813655193,9.80E-05,0.573055718
Tamil Nadu,Sivagangai,Total,12234,9685,4984,3818,879,38,0,31638,27640,790,1790,1363,7454,3342,12330,7701,3890,3991,3330,3258,9637,,,0.304592433,0.149657069,0.873826606,0.126141787,7.925350701,0.180202553,0.212368742,0.228815097,0.873842563,0.000144724,0.535593994
Tamil Nadu,Ariyalur,Civil,2508,1529,818,895,252,8,2,6012,4789,294,94,835,196,1058,3034,1004,193,280,1567,1155,2644,,,0.439713953,0.192416431,0.95326792,0.046565774,21.39501779,0.066522535,0.306578525,0.294191145,0.953285327,0.000390691,0.456715274
Tamil Nadu,Ariyalur,Criminal,3488,1571,977,732,180,8,1,6957,5925,50,982,0,1431,455,3367,1652,3163,3039,110,278,2691,,,0.386749066,0.132365622,0.563092843,0.436763438,2.288486842,0.623947768,0.269650206,0.202377696,0.563103125,4.18E-05,0.685528625
Tamil Nadu,Ariyalur,Total,5996,3100,1795,1627,432,16,3,12969,10714,344,1076,835,1627,1513,6401,2656,3356,3319,1677,1433,5335,,,0.411333847,0.160215883,0.744024672,0.255898227,3.906325301,0.365568895,0.286791273,0.244958779,0.744038259,7.13E-05,0.579451984
Tamil Nadu,Kancheepuram,Civil,12720,10295,4949,7092,2697,78,22,37853,29962,1367,417,6051,2695,6256,14452,10748,1186,1199,6235,6203,20667,,,0.54596608,0.261240556,0.968299255,0.031674328,31.54416667,0.04524904,0.380659914,0.399418374,0.968316937,0.000576023,0.405236105
Tamil Nadu,Kancheepuram,Criminal,11444,6136,3455,7761,2206,86,11,31099,28100,491,2500,0,10310,1489,9837,8899,3265,3080,538,1195,15689,,,0.504469453,0.323601286,0.900932476,0.09903537,10.09380071,0.1414791,0.351727526,0.49476353,0.900948928,0.000184321,0.422269806
Tamil Nadu,Kancheepuram,Total,24164,16431,8404,14853,4903,164,33,68952,58062,1858,2917,6051,13005,7745,24289,19647,4451,4279,6773,7398,36356,,,0.527257697,0.289371021,0.937928734,0.062056763,16.11028037,0.088652519,0.367616006,0.44242787,0.937945861,0.000294187,0.412922767
Tamil Nadu,Tiruvallur,Civil,13601,9372,5165,5968,2507,121,37,36771,27916,1173,197,7468,3076,6384,12268,11082,942,807,5252,6496,22747,,,0.618595671,0.234771021,0.978026759,0.021946046,45.50866337,0.031351494,0.431298909,0.358948324,0.978044619,0.000831026,0.398432344
Tamil Nadu,Tiruvallur,Criminal,12524,6268,4338,4264,1629,147,16,29186,25227,550,3409,0,11028,1255,8344,7944,7625,7281,606,1043,14984,,,0.513379244,0.207489636,0.750505362,0.249460376,4.007964845,0.356371966,0.357939634,0.317237011,0.750519067,7.32E-05,0.541226804
Tamil Nadu,Tiruvallur,Total,26125,15640,9503,10232,4136,268,53,65957,53143,1723,3606,7468,14104,7639,20612,19026,8567,8088,5858,7539,37731,,,0.572045847,0.222702326,0.877361351,0.122623488,8.153912721,0.175176411,0.398843318,0.34049614,0.877377373,0.000148897,0.461645965
Tamil Nadu,Tiruppur,Civil,10627,7123,3925,3111,703,36,2,25527,22077,860,281,2309,678,3849,14980,5390,887,1285,5426,6253,12344,,,0.483547477,0.150893137,0.949623942,0.050336885,19.84992224,0.071909836,0.337140251,0.230704958,0.949641283,0.000362476,0.467248627
Tamil Nadu,Tiruppur,Criminal,10493,5412,3238,4364,1346,39,1,24893,22953,711,1229,0,5208,652,8845,10024,3931,4242,679,1026,12475,,,0.501124769,0.230979352,0.829557323,0.170402507,5.8668395,0.243432152,0.349395536,0.35315113,0.829572471,0.000107133,0.494333897
Tamil Nadu,Tiruppur,Total,21120,12535,7163,7475,2049,75,3,50420,45030,1571,1510,2309,5886,4501,23825,15414,4818,5527,6105,7279,24819,,,0.492235378,0.190436524,0.890363142,0.109617025,9.120839363,0.15659575,0.343197652,0.291164007,0.890379401,0.000166554,0.480621023
Tamil Nadu,Mayiladuthurai,Civil,3119,1902,1122,521,64,2,0,6730,0,0,0,0,0,0,0,0,234,197,1448,1236,2714,,,0.403209033,0.087208439,0.970583866,0.029267568,33.98989899,0.041810811,0.281126468,0.133335548,0.970601589,0.000620684,0.494270499
Tamil Nadu,Mayiladuthurai,Criminal,2763,1438,970,817,218,10,0,6216,0,0,0,0,0,0,0,0,2730,2693,235,300,2895,,,0.465658678,0.168087502,0.566672028,0.433167122,2.307349666,0.618810175,0.324667774,0.256993929,0.566682376,4.21E-05,0.656998352
Tamil Nadu,Mayiladuthurai,Total,5882,3340,2092,1338,282,12,0,12946,0,0,0,0,0,0,0,0,2964,2890,1683,1536,5609,,,0.433227775,0.126052367,0.776705028,0.223217734,4.478035282,0.318882477,0.302056214,0.192725174,0.776719211,8.18E-05,0.572410756
Tamil Nadu,Kallakurichi,Civil,0,0,0,0,0,0,0,0,0,0,0,0,0,0,0,0,0,0,0,0,0,,,0,0,0,0,0,0,0,0,0,0,0.802794471
Tamil Nadu,Kallakurichi,Criminal,0,0,0,0,0,0,0,0,0,0,0,0,0,0,0,0,0,0,0,0,0,,,0,0,0,0,0,0,0,0,0,0,0.802794471
Tamil Nadu,Kallakurichi,Total,0,0,0,0,0,0,0,0,0,0,0,0,0,0,0,0,0,0,0,0,0,,,0,0,0,0,0,0,0,0,0,0,0.802794471
Tamil Nadu,Tenkasi,Civil,5532,2998,1587,1488,286,8,0,11899,9988,429,27,1455,1017,1690,5768,1804,522,924,3096,2162,4367,,,0.36697479,0.149747899,0.922268908,0.077647059,12.86378378,0.11092437,0.255863133,0.22895397,0.922285749,0.000234903,0.500764637
Tamil Nadu,Tenkasi,Criminal,5880,5599,1723,2680,138,3,0,16023,15070,74,852,0,3772,495,5353,6269,2422,2293,170,245,6528,,,0.407388917,0.176048427,0.85683974,0.143097853,6.984742807,0.204425505,0.284040778,0.269165622,0.856855387,0.000127547,0.517071856
Tamil Nadu,Tenkasi,Total,11412,8597,3310,4168,424,11,0,27922,25058,503,879,1455,4789,2185,11121,8073,2944,3217,3266,2407,10895,,,0.390180138,0.164846184,0.884754503,0.115209684,8.676817899,0.164585263,0.272042428,0.252038183,0.88477066,0.000158446,0.510113312
Tamil Nadu,Tirupathur,Civil,18,0,0,0,0,0,0,18,18,0,0,0,0,0,0,18,0,0,7,3,0,,,0,0,0.947368421,0,18,0,0,0,0.947385721,0.000328695,0.591260143
Tamil Nadu,Tirupathur,Criminal,80,19,4,9,3,0,0,115,72,0,43,0,20,7,29,59,24,11,0,16,0,,,0,0.103448276,0.896551724,0.094827586,9.583333333,0.13546798,0,0.158165114,0.896568096,0.000175,0.589725385
Tamil Nadu,Tirupathur,Total,98,19,4,9,3,0,0,133,90,0,43,0,20,7,29,77,24,11,7,19,0,,,0,0.089552239,0.910447761,0.082089552,11.08333333,0.117270789,0,0.136919054,0.910464387,0.000202391,0.588352537
Tamil Nadu,Chengalpattu,Civil,793,0,0,0,0,0,0,793,724,0,0,69,14,14,10,752,290,6,169,230,0,,,0,0,0.991183879,0.007556675,113.2857143,0.01079525,0,0,0.991201979,0.002068692,0.5834468
Tamil Nadu,Chengalpattu,Criminal,525,0,0,0,0,0,0,525,525,0,0,0,203,0,62,260,145,144,0,19,0,,,0,0,0.724334601,0.273764259,3.620689655,0.391091798,0,0,0.724347828,6.61E-05,0.718203045
Tamil Nadu,Chengalpattu,Total,1318,0,0,0,0,0,0,1318,1249,0,0,69,217,14,72,1012,435,150,169,249,0,,,0,0,0.885519333,0.113722517,8.728476821,0.162460739,0,0,0.885535503,0.000159389,0.637121965
Jammu and Kashmir,Kathua,Civil,1749,1469,778,606,143,1,0,4746,3703,132,197,391,2380,560,1386,277,83,42,670,273,920,,,0.193806615,0.157994523,0.990941647,0.008847693,110.372093,0.012639562,0.13512636,0.241562476,0.990959743,0.002015487,0.491347049
Jammu and Kashmir,Kathua,Criminal,2615,2335,998,1118,120,0,0,7186,6052,48,889,101,2149,306,3867,318,300,147,72,244,1428,,,0.198692083,0.172255461,0.979407263,0.020453597,48.55405405,0.029219424,0.138532619,0.263366444,0.979425148,0.000886638,0.491028049
Jammu and Kashmir,Kathua,Total,4364,3804,1776,1724,263,1,0,11932,9755,180,1086,492,4529,866,5253,595,383,189,742,517,2348,,,0.196765273,0.166596832,0.984077768,0.015838431,62.8,0.02262633,0.137189204,0.2547148,0.984095738,0.001146781,0.491146226
Jammu and Kashmir,Udhampur,Civil,2027,1383,881,828,90,0,0,5209,4562,108,351,188,2178,773,1597,331,123,53,1043,483,1786,,,0.342802303,0.176199616,0.989635317,0.010172745,96.46296296,0.014532492,0.239009528,0.269396779,0.989653388,0.001761495,0.460441921
Jammu and Kashmir,Udhampur,Criminal,2809,1743,1115,979,35,0,0,6681,5639,84,837,120,1858,325,2851,278,339,222,110,374,2128,,,0.318467525,0.151750973,0.966626758,0.033223586,29.95964126,0.047462265,0.22204277,0.232016528,0.96664441,0.000547088,0.48556707
Jammu and Kashmir,Udhampur,Total,4836,3126,1996,1807,125,0,0,11890,10201,192,1188,308,4036,1098,4448,609,462,275,1153,857,3914,,,0.329156505,0.162475822,0.976789168,0.023126735,43.07971014,0.033038192,0.229495369,0.248414066,0.976807005,0.000786672,0.474558837
Jammu and Kashmir,Baramulla,Civil,2341,1671,795,1031,202,10,2,6052,2799,198,477,336,1491,773,1064,117,108,104,1078,212,116,,,0.019164051,0.205683132,0.98265323,0.017181563,57.63809524,0.02454509,0.01336161,0.314474995,0.982671174,0.00105252,0.506236003
Jammu and Kashmir,Baramulla,Criminal,3957,3801,2316,4201,951,12,0,15238,9166,228,1112,7,2462,293,3733,137,188,233,226,205,728,,,0.047772164,0.33886738,0.984644662,0.015289717,65.11965812,0.021842453,0.033307834,0.51810431,0.984662642,0.00118914,0.449523579
Jammu and Kashmir,Baramulla,Total,6298,5472,3111,5232,1153,22,2,21290,11965,426,1589,343,3953,1066,4797,254,296,337,1304,417,844,,,0.039641163,0.30101921,0.984124748,0.015828284,62.98816568,0.022611835,0.027638716,0.46023713,0.984142718,0.001150217,0.465630258
Jammu and Kashmir,Anantnag,Civil,3504,2173,870,706,154,10,0,7417,5134,182,47,493,3294,1093,1582,228,299,223,1095,977,1271,,,0.171339984,0.117282286,0.969803181,0.030062011,33.11160714,0.04294573,0.119462117,0.179316339,0.969820891,0.000604646,0.52147378
Jammu and Kashmir,Anantnag,Criminal,32862,3069,1389,1979,361,5,0,39665,8046,125,30287,393,3546,794,3054,1583,505,270,185,1028,1392,,,0.035093027,0.059118641,0.993167952,0.006806837,146.3653137,0.009724053,0.024467653,0.09038823,0.993186088,0.002672753,0.554301759
Jammu and Kashmir,Anantnag,Total,36366,5242,2259,2685,515,15,0,47082,13180,307,30334,886,6840,1887,4636,1811,804,493,1280,2005,2663,,,0.056559692,0.068283669,0.98950789,0.010470871,95.30769231,0.014958387,0.039434698,0.104400912,0.98952596,0.001740398,0.549180242
Jammu and Kashmir,Srinagar,Civil,5359,3325,1475,2290,659,60,7,13175,10674,388,894,1231,4050,2991,4879,1217,434,505,1154,1274,3790,,,0.287644202,0.228901032,0.961596843,0.038327262,26.03754941,0.054753231,0.200552051,0.349973525,0.961614402,0.000475467,0.463688535
Jammu and Kashmir,Srinagar,Criminal,15203,10748,4271,4978,1824,33,0,37057,24832,376,2952,219,9150,3501,19502,1053,5580,2501,676,1353,12720,,,0.343245723,0.184440607,0.932484214,0.067488801,14.81095124,0.096412573,0.23931869,0.281996672,0.932501242,0.00027046,0.486257017
Jammu and Kashmir,Srinagar,Total,20562,14073,5746,7268,2483,93,7,50232,35506,764,3846,1450,13200,6492,24381,2270,6014,3006,1830,2627,16510,,,0.328668405,0.196106145,0.940138952,0.05984114,16.70502162,0.085487343,0.229155054,0.299832457,0.94015612,0.000305048,0.480332822
Jammu and Kashmir,Pulwama,Civil,1734,1001,335,499,74,3,0,3646,2664,109,244,316,1285,793,930,433,134,88,430,319,720,,,0.197422539,0.157938031,0.975596381,0.024129421,40.96629213,0.034470602,0.137647465,0.241476104,0.975614196,0.000748079,0.498618927
Jammu and Kashmir,Pulwama,Criminal,4223,2484,901,1297,184,2,0,9091,5620,125,2274,2,2915,964,3559,208,462,265,132,403,1472,,,0.161900572,0.163110427,0.970743511,0.029146502,34.17669173,0.041637861,0.112880745,0.249384332,0.970761237,0.000624095,0.505017095
Jammu and Kashmir,Pulwama,Total,5957,3485,1236,1796,258,5,0,12737,8284,234,2518,318,4200,1757,4489,641,596,353,562,722,2192,,,0.17208353,0.16164233,0.972209138,0.027712357,35.98022599,0.039589081,0.119980533,0.247139716,0.972226891,0.000657029,0.503162107
Jammu and Kashmir,Ganderbal,Civil,742,413,196,215,55,1,0,1622,1432,61,50,78,685,155,407,341,50,25,291,232,388,,,0.239063463,0.166974738,0.983980283,0.015403574,62.38461538,0.022005105,0.16668046,0.255292591,0.983998252,0.001139195,0.483911303
Jammu and Kashmir,Ganderbal,Criminal,1257,791,516,742,75,0,0,3381,2786,63,459,67,1079,259,1930,73,157,108,58,224,1393,,,0.411886458,0.241573034,0.96777055,0.031933767,31.01834862,0.045619667,0.287176565,0.369348121,0.967788222,0.000566421,0.435116495
Jammu and Kashmir,Ganderbal,Total,1999,1204,712,957,130,1,0,5003,4218,124,509,145,1764,414,2337,414,207,133,349,456,1781,,,0.355915268,0.217426059,0.973221423,0.026578737,37.3358209,0.037969624,0.248152184,0.332429101,0.973239195,0.000681783,0.450875647
Jammu and Kashmir,Budgam,Civil,2097,1399,459,575,149,8,0,4687,2558,193,192,337,1314,554,902,335,116,80,872,404,1153,,,0.245947099,0.156143345,0.982721843,0.017064846,57.86419753,0.024378352,0.171479887,0.238732155,0.982739788,0.001056649,0.487677486
Jammu and Kashmir,Budgam,Criminal,3124,2292,1653,1923,433,0,0,9425,6220,208,768,122,2048,286,2838,124,462,211,357,352,2914,,,0.309144918,0.249946955,0.977509018,0.022384893,44.45754717,0.031978418,0.215542837,0.382151256,0.977526868,0.000811832,0.44400237
Jammu and Kashmir,Budgam,Total,5221,3691,2112,2498,582,8,0,14112,8778,401,960,459,3362,840,3740,459,578,291,1229,756,4067,,,0.288174024,0.218805357,0.979309856,0.020619287,48.32876712,0.029456125,0.200921455,0.33453795,0.979327739,0.000882524,0.458485758
Jammu and Kashmir,Reasi,Civil,800,499,158,256,59,7,0,1779,1452,50,211,66,735,247,591,204,37,22,280,123,171,,,0.096067416,0.180898876,0.987078652,0.012359551,77.34782609,0.017656501,0.066980378,0.276581616,0.987096677,0.001412436,0.500636945
Jammu and Kashmir,Reasi,Criminal,1284,1191,603,560,24,0,0,3662,3117,29,420,65,766,265,2426,165,98,80,37,86,924,,,0.252252252,0.159432159,0.977886978,0.021840022,45.20987654,0.031200031,0.175875982,0.243760521,0.977904835,0.00082557,0.487822213
Jammu and Kashmir,Reasi,Total,2084,1690,761,816,83,7,0,5441,4569,79,631,131,1501,512,3017,369,135,102,317,209,1095,,,0.201212789,0.166482911,0.981073135,0.018743109,52.82524272,0.02677587,0.140290113,0.254540622,0.98109105,0.000964633,0.491960734
Jammu and Kashmir,Shopian,Civil,855,459,157,222,90,2,0,1785,1556,26,70,124,668,327,554,229,62,28,435,102,510,,,0.285554311,0.17581187,0.983762598,0.015677492,61.55172414,0.022396417,0.199094932,0.268803943,0.983780562,0.001123986,0.472971791
Jammu and Kashmir,Shopian,Criminal,1471,1688,672,879,504,0,0,5214,4388,39,662,3,2029,498,2403,213,106,61,77,144,1282,,,0.245829338,0.265196548,0.988111218,0.011697028,84.09677419,0.01671004,0.171397781,0.405466808,0.988129261,0.001535678,0.443182353
Jammu and Kashmir,Shopian,Total,2326,2147,829,1101,594,2,0,6999,5944,65,732,127,2697,825,2957,442,168,89,512,246,1792,,,0.256,0.242428571,0.987142857,0.012714286,77.76666667,0.018163265,0.178488997,0.370656178,0.987160883,0.001420084,0.450732534
Jammu and Kashmir,Kupwara,Civil,1235,1254,649,903,212,7,2,4262,2639,106,86,212,1486,147,387,111,31,43,352,313,221,,,0.051841426,0.263664086,0.98967863,0.010086793,96.86363636,0.014409705,0.036145016,0.403123782,0.989696702,0.001768811,0.475002436
Jammu and Kashmir,Kupwara,Criminal,1788,2271,1939,2920,1023,21,0,9962,8000,84,909,85,2428,379,3329,1078,93,59,62,273,149,,,0.014955335,0.397872127,0.993977718,0.005921911,166.0333333,0.008459873,0.010427198,0.608318405,0.993995868,0.003031908,0.427462263
Jammu and Kashmir,Kupwara,Total,3023,3525,2588,3823,1235,28,2,14224,10639,190,995,297,3914,526,3716,1189,124,102,414,586,370,,,0.026010545,0.357680141,0.992759227,0.007170475,138.0970874,0.010243535,0.018135141,0.546867694,0.992777355,0.002521769,0.44169503
Jammu and Kashmir,Poonch,Civil,1287,388,125,324,52,0,0,2176,872,20,113,61,73,64,145,77,34,19,190,89,285,,,0.130914102,0.172714745,0.990813045,0.008727607,108.8,0.01246801,0.091276276,0.264068657,0.990831139,0.001986779,0.496101983
Jammu and Kashmir,Poonch,Criminal,2157,900,358,867,82,0,0,4364,1237,10,318,0,367,107,963,64,17,6,40,404,317,,,0.072623139,0.217411226,0.998396334,0.00137457,623.4285714,0.001963672,0.050634497,0.332406422,0.998414566,0.011384328,0.483991484
Jammu and Kashmir,Poonch,Total,3444,1288,483,1191,134,0,0,6540,2109,30,431,61,440,171,1108,141,51,25,230,493,602,,,0.092034857,0.202568415,0.996025073,0.003822046,251.5384615,0.005460065,0.064168786,0.309712811,0.996043261,0.004593303,0.488310922
Jammu and Kashmir,Rajouri,Civil,869,1050,787,928,126,1,0,3761,3323,36,262,136,1961,536,1006,243,3,1,349,263,308,,,0.081871345,0.280435938,0.999468368,0.000265816,1880.5,0.000379737,0.057082556,0.42876676,0.999486619,0.034339505,0.455666139
Jammu and Kashmir,Rajouri,Criminal,1275,2154,1336,1575,212,2,0,6554,5194,36,1069,240,2482,341,3232,450,27,17,62,301,639,,,0.097482838,0.272921434,0.997254005,0.00259344,364.1111111,0.003704914,0.067967242,0.417277613,0.997272215,0.006648974,0.459663542
Jammu and Kashmir,Rajouri,Total,2144,3204,2123,2503,338,3,0,10315,8517,72,1331,376,4443,877,4238,693,30,18,411,564,947,,,0.091799147,0.275688251,0.998158201,0.001744862,542.8947368,0.00249266,0.064004444,0.421507881,0.998176428,0.009913713,0.458801867
Jammu and Kashmir,Ramban,Civil,1258,747,264,248,16,0,0,2533,1980,64,4,166,981,407,468,66,77,31,318,138,62,,,0.024467245,0.10418311,0.987371744,0.012233623,79.15625,0.017476604,0.017059118,0.159288623,0.987389775,0.001445459,0.541739072
Jammu and Kashmir,Ramban,Criminal,1222,928,461,440,17,0,0,3068,2235,39,473,122,606,173,1053,78,183,150,63,156,129,,,0.042033236,0.148908439,0.950798306,0.048875855,20.31788079,0.06982265,0.029306524,0.227670495,0.950815668,0.000371022,0.540298432
Jammu and Kashmir,Ramban,Total,2480,1675,725,688,33,0,0,5601,4215,103,477,288,1587,580,1521,144,260,181,381,294,191,,,0.034094966,0.128704034,0.967511603,0.032309889,30.77472527,0.046156985,0.023771782,0.196779386,0.967529271,0.000561972,0.540930409
Jammu and Kashmir,Doda,Civil,990,923,440,409,29,1,0,2792,2266,42,410,74,1134,299,1189,164,85,81,571,233,185,,,0.066237021,0.157178661,0.970640888,0.029001074,34.04878049,0.041430106,0.046181951,0.240315081,0.970658613,0.000621759,0.523079765
Jammu and Kashmir,Doda,Criminal,1935,1075,469,479,84,0,0,4042,2857,34,752,156,1056,174,2550,179,299,242,101,120,154,,,0.038090527,0.13925303,0.939896117,0.059856542,16.63374486,0.085509346,0.026557578,0.212908056,0.93991328,0.000303746,0.550180591
Jammu and Kashmir,Doda,Total,2925,1998,909,888,113,1,0,6834,5123,76,1162,230,2190,473,3739,343,384,323,672,353,339,,,0.049597659,0.146598391,0.952596928,0.047256767,21.09259259,0.067509667,0.034580611,0.224138594,0.952614323,0.000385168,0.53907384
Jammu and Kashmir,Bandipora,Civil,838,558,114,193,53,1,0,1757,1288,58,230,32,690,196,535,126,39,23,338,143,100,,,0.056882821,0.140500569,0.986348123,0.013083049,73.20833333,0.01869007,0.039659991,0.214815455,0.986366134,0.001336846,0.522954439
Jammu and Kashmir,Bandipora,Criminal,1176,1210,624,1410,394,4,0,4818,4035,47,542,0,1168,123,2292,108,86,41,54,125,543,,,0.112678979,0.375181573,0.991284499,0.008507989,114.7142857,0.01215427,0.078562336,0.573626149,0.991302601,0.002094779,0.421416539
Jammu and Kashmir,Bandipora,Total,2014,1768,738,1603,447,5,0,6575,5323,105,772,32,1858,319,2827,234,125,64,392,268,643,,,0.097779805,0.3125,0.990115572,0.00973236,101.1538462,0.013903372,0.068174294,0.477790447,0.990133652,0.001847154,0.44850743
Jammu and Kashmir,Jammu,Civil,10006,6506,3703,6981,2271,145,13,29625,24364,695,3048,1516,14097,4023,9627,1718,655,411,5143,2658,13187,,,0.445115777,0.317626409,0.986093296,0.013872949,71.90533981,0.019818499,0.310344799,0.485628365,0.986111303,0.001313052,0.391257666
Jammu and Kashmir,Jammu,Criminal,11585,9051,4084,7083,2087,24,4,33918,27857,144,5373,543,15576,3039,13437,1459,1149,736,660,1749,14874,,,0.438515286,0.271175447,0.978271765,0.021698753,46.02170963,0.030998218,0.305742787,0.414608123,0.978289629,0.000840395,0.414128346
Jammu and Kashmir,Jammu,Total,21591,15557,7787,14064,4358,169,17,63543,52221,839,8421,2059,29673,7062,23064,3177,1804,1147,5803,4407,28061,,,0.441599522,0.29283646,0.981933778,0.018050485,55.3510453,0.025786407,0.307893186,0.447726282,0.981951709,0.001010756,0.403463882
Jammu and Kashmir,Kulgam,Civil,1215,672,226,259,102,3,0,2477,1658,70,202,186,866,239,699,127,156,78,419,182,321,,,0.129539952,0.146892655,0.968119451,0.031476998,31.35443038,0.044967139,0.090318188,0.224588504,0.96813713,0.000572558,0.517821701
Jammu and Kashmir,Kulgam,Criminal,2098,1473,792,1123,340,0,0,5826,3687,40,510,24,1198,160,2693,86,248,181,51,238,879,,,0.150849494,0.251072593,0.968766089,0.031062296,32.01098901,0.044374709,0.105175683,0.383872277,0.968783779,0.000584547,0.47414866
Jammu and Kashmir,Kulgam,Total,3313,2145,1018,1382,442,3,0,8303,5345,110,712,210,2064,399,3392,213,404,259,470,420,1200,,,0.144508671,0.220014451,0.968689788,0.031189788,31.93461538,0.04455684,0.100754717,0.336386569,0.968707477,0.000583153,0.487141378
Jammu and Kashmir,Samba,Civil,1111,776,392,519,137,3,0,2938,2472,103,156,205,928,356,1503,149,79,35,439,316,38,,,0.012929568,0.224225927,0.987750936,0.011908813,81.61111111,0.017012589,0.009014788,0.342825619,0.987768973,0.001490287,0.497502668
Jammu and Kashmir,Samba,Criminal,1391,1232,571,1114,152,0,0,4460,3920,22,501,17,1547,213,2165,510,144,109,58,264,121,,,0.027123963,0.283792872,0.975341852,0.024433983,40.54545455,0.034905691,0.018911441,0.433899274,0.975359662,0.000740394,0.478717561
Jammu and Kashmir,Samba,Total,2502,2008,963,1633,289,3,0,7398,6392,125,657,222,2475,569,3668,659,223,144,497,580,159,,,0.02148939,0.260170293,0.980402757,0.019462089,51.02068966,0.027802985,0.01498289,0.397782019,0.98042066,0.000931681,0.486145327
Jammu and Kashmir,Kishtwar,Civil,570,389,234,253,34,0,0,1480,1271,44,88,75,654,130,398,117,34,19,378,201,8,,,0.005401756,0.193787981,0.986495611,0.012829169,74,0.018327385,0.003766226,0.296288148,0.986513625,0.001351302,0.510953343
Jammu and Kashmir,Kishtwar,Criminal,1012,488,289,281,25,0,0,2095,1512,51,470,57,765,98,950,234,100,85,50,223,88,,,0.041984733,0.145992366,0.958969466,0.040553435,24.36046512,0.057933479,0.029272706,0.223212026,0.958986977,0.000444843,0.537247318
Jammu and Kashmir,Kishtwar,Total,1582,877,523,534,59,0,0,3575,2783,95,558,132,1419,228,1348,351,134,104,428,424,96,,,0.026845638,0.16582774,0.970637584,0.029082774,34.04761905,0.04154682,0.018717386,0.253538913,0.970655309,0.000621738,0.526301706
Meghalaya,East Khasi Hills,Civil,683,406,247,448,194,35,4,2017,1773,93,84,67,498,418,906,168,81,105,266,508,2317,,,1.148166501,0.337462834,0.947472745,0.052031715,19.02830189,0.074331021,0.800527684,0.51595686,0.947490047,0.000347473,0.286937978
Meghalaya,East Khasi Hills,Criminal,722,811,793,1255,328,29,0,3938,3762,20,156,0,1667,372,1480,378,121,138,38,230,4779,,,1.213252094,0.409240924,0.964711856,0.035034273,28.33093525,0.050048961,0.845906833,0.625700493,0.964729472,0.000517347,0.240046162
Meghalaya,East Khasi Hills,Total,1405,1217,1040,1703,522,64,4,5955,5535,113,240,67,2165,790,2386,546,202,243,304,738,7096,,,1.191403627,0.384989926,0.959032908,0.040799194,24.4057377,0.058284563,0.830673586,0.588622429,0.959050421,0.000445669,0.255840778
Meghalaya,West Garo Hills,Civil,89,36,21,15,2,2,0,165,150,4,9,1,25,31,72,37,4,0,10,19,47,,,0.28313253,0.114457831,0.993975904,0,165,0,0.197406411,0.174997947,0.993994054,0.003013038,0.489992847
Meghalaya,West Garo Hills,Criminal,389,380,136,136,20,3,0,1064,1018,2,44,0,250,102,563,148,48,61,1,3,342,,,0.321126761,0.149295775,0.941784038,0.057276995,17.16129032,0.081824279,0.223896849,0.228262704,0.941801235,0.00031338,0.498411814
Meghalaya,West Garo Hills,Total,478,416,157,151,22,5,0,1229,1168,6,53,1,275,133,635,185,52,61,11,22,389,,,0.316260163,0.144715447,0.949593496,0.049593496,19.82258065,0.070847851,0.220503747,0.221259706,0.949610836,0.000361977,0.497057231
Meghalaya,West Jaintia Hills,Civil,28,40,6,33,6,4,2,119,119,0,0,0,5,72,39,3,3,4,11,50,34,,,0.283333333,0.375,0.958333333,0.033333333,23.8,0.047619048,0.197546416,0.573348537,0.958350833,0.000434608,0.407787017
Meghalaya,West Jaintia Hills,Criminal,181,184,135,201,83,13,2,799,780,1,18,0,134,96,524,43,39,29,0,12,935,,,1.16875,0.37375,0.9625,0.03625,26.63333333,0.051785714,0.814878965,0.571437375,0.962517576,0.000486347,0.261828729
Meghalaya,West Jaintia Hills,Total,209,224,141,234,89,17,4,918,899,1,18,0,139,168,563,46,42,33,11,62,969,,,1.054406964,0.374319913,0.963003264,0.035908596,27,0.051297995,0.735156411,0.572308732,0.96302085,0.000493043,0.280297647
Meghalaya,East Garo Hills,Civil,21,4,106,5,0,0,0,136,135,0,1,0,121,1,6,8,1,0,7,19,105,,,0.766423358,0.03649635,0.99270073,0,136,0,0.53436772,0.055800344,0.992718857,0.002483474,0.440308291
Meghalaya,East Garo Hills,Criminal,85,45,22,12,13,15,5,197,179,3,12,0,71,12,80,26,8,4,0,0,69,,,0.348484848,0.227272727,0.974747475,0.02020202,39.4,0.028860029,0.242971527,0.347483962,0.974765274,0.000719477,0.446192803
Meghalaya,East Garo Hills,Total,106,49,128,17,13,15,5,333,314,3,13,0,192,13,86,34,9,4,7,19,174,,,0.520958084,0.149700599,0.98502994,0.011976048,66.6,0.01710864,0.363223773,0.228881651,0.985047928,0.001216172,0.442732516
Meghalaya,Ri Bhoi,Civil,51,56,33,216,14,0,1,371,338,1,14,17,52,85,133,101,3,0,42,173,367,,,0.98655914,0.620967742,0.997311828,0,371,0,0.687851372,0.949415857,0.99733004,0.006774771,0.178717651
Meghalaya,Ri Bhoi,Criminal,488,269,136,121,60,8,0,1082,1042,7,33,0,374,108,516,83,28,9,4,29,514,,,0.474607572,0.174515235,0.99076639,0.008310249,108.2,0.011871785,0.330907146,0.26682148,0.990784482,0.001975823,0.438507803
Meghalaya,Ri Bhoi,Total,539,325,169,337,74,8,1,1453,1380,8,47,17,426,193,649,184,31,9,46,202,881,,,0.605914718,0.288858322,0.993122421,0.006189821,145.3,0.008842602,0.422457462,0.44164399,0.993140556,0.0026533,0.371841809
Meghalaya,South West Khasi Hills,Civil,4,1,1,0,0,0,0,6,4,1,1,0,0,2,2,2,1,0,1,0,1,,,0.142857143,0,0.857142857,0,6,0,0.099603235,0,0.857158509,0.000109565,0.587815054
Meghalaya,South West Khasi Hills,Criminal,42,42,23,26,12,3,0,148,143,0,5,0,14,8,116,10,20,9,0,0,81,,,0.543624161,0.275167785,0.932885906,0.060402685,14.8,0.086289549,0.379027075,0.420712125,0.932902941,0.00027026,0.416318331
Meghalaya,South West Khasi Hills,Total,46,43,24,26,12,3,0,154,147,1,6,0,14,10,118,12,21,9,1,0,82,,,0.529032258,0.264516129,0.935483871,0.058064516,15.4,0.082949309,0.36885327,0.404426495,0.935500954,0.000281217,0.421568433
Meghalaya,West Khasi Hills,Civil,40,17,4,0,0,0,0,61,54,0,7,0,35,3,19,2,1,1,0,5,10,,,0.161290323,0,0.967741935,0.016129032,30.5,0.023041475,0.112455265,0,0.967759607,0.000556956,0.564579782
Meghalaya,West Khasi Hills,Criminal,154,123,32,30,0,0,0,339,314,1,24,0,59,33,222,23,25,24,2,11,153,,,0.45,0.088235294,0.926470588,0.070588235,13.56,0.100840336,0.31375019,0.134905538,0.926487506,0.000247617,0.507668456
Meghalaya,West Khasi Hills,Total,194,140,36,30,0,0,0,400,368,1,31,0,94,36,241,25,26,25,2,16,163,,,0.406483791,0.074812968,0.935162095,0.06234414,15.38461538,0.089063057,0.283409703,0.114383748,0.935179172,0.000280936,0.515733131
Meghalaya,South West Garo Hills,Civil,0,11,4,5,0,0,0,20,19,0,0,1,7,0,6,5,0,0,10,6,3,,,0.142857143,0.238095238,0.952380952,0,20,0,0.099603235,0.364030817,0.952398344,0.000365217,0.475365644
Meghalaya,South West Garo Hills,Criminal,50,67,14,27,0,0,0,158,144,1,13,0,41,0,90,25,3,1,0,6,75,,,0.471698113,0.169811321,0.987421384,0.006289308,79,0.008984726,0.328878606,0.259629526,0.987439415,0.001442606,0.441016233
Meghalaya,South West Garo Hills,Total,50,78,18,32,0,0,0,178,163,1,13,1,48,0,96,30,3,1,10,12,78,,,0.43575419,0.17877095,0.988826816,0.005586592,89,0.007980846,0.303817688,0.273328166,0.988844872,0.001625215,0.44299723
Meghalaya,KHADC Court,Civil,441,226,135,291,135,23,7,1258,1189,45,1,23,173,341,500,225,58,37,339,648,1,,,0.000794281,0.362192216,0.969817315,0.029388403,33.10526316,0.041983434,0.000553791,0.553766339,0.969835025,0.00060453,0.455692368
Meghalaya,KHADC Court,Criminal,813,235,90,376,268,31,8,1821,747,9,1065,0,146,240,870,121,343,307,60,882,0,,,0,0.374862788,0.830954995,0.168496158,5.912337662,0.240708797,0,0.57313875,0.830970168,0.000107964,0.521209311
Meghalaya,KHADC Court,Total,1254,461,225,667,403,54,15,3079,1936,54,1066,23,319,581,1370,346,401,344,399,1530,1,,,0.000324675,0.369805195,0.887987013,0.111688312,8.924637681,0.159554731,0.000226371,0.565406046,0.888003228,0.000162971,0.494350403
Meghalaya,North Garo Hills,Civil,4,1,0,0,0,0,0,5,4,0,0,1,1,2,2,0,0,0,0,1,0,,,0,0,0.833333333,0,5,0,0,0,0.833348551,9.13E-05,0.616740827
Meghalaya,North Garo Hills,Criminal,81,100,28,18,9,1,0,237,231,2,4,0,31,22,121,60,0,0,0,0,50,,,0.210084034,0.117647059,0.995798319,0,237,0,0.146475345,0.179874051,0.995816503,0.004327819,0.500315757
Meghalaya,North Garo Hills,Total,85,101,28,18,9,1,0,242,235,2,4,1,32,24,123,60,0,0,0,1,50,,,0.205761317,0.115226337,0.995884774,0,242,0,0.143461449,0.176172939,0.995902959,0.004419123,0.501929281
Meghalaya,East Jaintia Hills,Civil,37,24,8,2,2,0,0,73,69,2,1,0,26,18,27,2,6,7,7,14,3,,,0.040540541,0.054054054,0.891891892,0.094594595,9.125,0.135135135,0.028265783,0.082644834,0.891908179,0.00016663,0.602913533
Meghalaya,East Jaintia Hills,Criminal,250,296,179,215,104,10,10,1064,1023,10,23,0,234,196,581,51,53,128,0,17,333,,,0.312676056,0.318309859,0.878873239,0.120187793,8.248062016,0.171696848,0.218004827,0.486673312,0.878889288,0.000150617,0.466878552
Meghalaya,East Jaintia Hills,Total,287,320,187,217,106,10,10,1137,1092,12,24,0,260,214,608,53,59,135,7,31,336,,,0.295254833,0.301405975,0.880492091,0.118629174,8.360294118,0.169470249,0.205858355,0.460828467,0.88050817,0.000152666,0.475429151
Meghalaya,South Garo Hills,Civil,8,1,0,0,0,0,0,9,9,0,0,0,5,1,1,2,0,0,0,0,0,,,0,0,0.9,0,9,0,0,0,0.900016435,0.000164348,0.601850481
Meghalaya,South Garo Hills,Criminal,75,183,4,1,9,1,0,273,268,0,5,0,220,3,35,15,4,0,6,39,0,,,0,0.040145985,0.996350365,0,273,0,0,0.061380379,0.996368559,0.004985209,0.564524521
Meghalaya,South Garo Hills,Total,83,184,4,1,9,1,0,282,277,0,5,0,225,4,36,17,4,0,6,39,0,,,0,0.038869258,0.996466431,0,282,0,0,0.059428352,0.996484627,0.005149556,0.564972316
Meghalaya,Eastern West Khasi Hills,Civil,0,0,0,0,0,0,0,0,0,0,0,0,0,0,0,0,0,0,0,0,0,,,0,0,0,0,0,0,0,0,0,0,0.802794471
Meghalaya,Eastern West Khasi Hills,Criminal,28,2,0,0,0,0,0,30,27,0,3,0,12,1,11,3,11,12,0,0,0,,,0,0,0.580645161,0.387096774,2.307692308,0.552995392,0,0,0.580655764,4.21E-05,0.78221282
Meghalaya,Eastern West Khasi Hills,Total,28,2,0,0,0,0,0,30,27,0,3,0,12,1,11,3,11,12,0,0,0,,,0,0,0.580645161,0.387096774,2.307692308,0.552995392,0,0,0.580655764,4.21E-05,0.78221282
Goa,North Goa,Civil,6137,3308,2113,3574,1321,388,185,17026,13032,642,1852,1500,3556,6146,6382,730,488,351,5767,4092,2787,,,0.163681212,0.321137018,0.979326951,0.020614318,48.36931818,0.029449026,0.114122248,0.490995838,0.979344835,0.000883264,0.439872649
Goa,North Goa,Criminal,8358,6981,5238,4249,330,4,0,25160,21596,695,2869,0,8609,4116,10993,1392,1153,1248,560,1003,3984,,,0.158340289,0.182146973,0.950359684,0.049600572,20.14411529,0.07085796,0.110398435,0.278489869,0.950377038,0.000367848,0.508653361
Goa,North Goa,Total,14495,10289,7351,7823,1651,392,185,42186,34628,1337,4721,1500,12165,10262,17375,2122,1641,1599,6327,5095,6771,,,0.16049968,0.23824875,0.962073625,0.037902671,26.36625,0.054146673,0.111904011,0.364265525,0.962091193,0.00048147,0.480894655
Goa,South Goa,Civil,3591,2048,1279,1640,588,126,51,9323,5617,314,2439,955,1468,3392,3686,683,310,198,2844,2416,650,,,0.06971257,0.257936508,0.978657229,0.021235521,46.84924623,0.030336459,0.048605182,0.394366718,0.9786751,0.000855506,0.479927598
Goa,South Goa,Criminal,3229,1883,1375,880,40,8,24,7439,6426,287,726,0,1621,1383,3851,260,517,399,294,812,271,,,0.036424731,0.127956989,0.946236559,0.053629032,18.5975,0.076612903,0.025396147,0.195637207,0.946253838,0.000339606,0.551607725
Goa,South Goa,Total,6820,3931,2654,2520,628,134,75,16762,12043,601,3165,955,3089,4775,7537,943,827,597,3138,3228,921,,,0.054942433,0.200262483,0.964326195,0.03561415,28.03010033,0.050877357,0.038307108,0.306187204,0.964343804,0.000511853,0.511733026
DNH at Silvasa,Silvassa,Civil,585,627,173,588,81,0,0,2054,1678,17,153,203,310,573,968,203,34,33,235,173,813,,,0.395620438,0.325547445,0.983454988,0.016058394,60.41176471,0.022940563,0.275835528,0.49773907,0.983472947,0.001103169,0.397628414
DNH at Silvasa,Silvassa,Criminal,989,560,448,313,66,12,0,2388,2141,20,227,0,448,561,1096,226,104,47,55,133,624,,,0.261197154,0.163666806,0.979907911,0.019673504,49.75,0.028105005,0.18211257,0.250234997,0.979925805,0.000908477,0.483653418
DNH at Silvasa,Silvassa,Total,1574,1187,621,901,147,12,0,4442,3819,37,380,203,758,1134,2064,429,138,80,290,306,1437,,,0.323430115,0.238577538,0.981769075,0.018005852,54.83950617,0.025722646,0.2255028,0.364768219,0.981787003,0.001001415,0.443792598
Himachal Pradesh,Hamirpur,Civil,6671,4299,2709,2614,121,2,0,16416,9455,505,5665,791,2318,7707,4362,1987,567,444,7089,2010,6469,,,0.394042761,0.166717427,0.972893951,0.027045136,36.88988764,0.038635909,0.274735535,0.254899181,0.972911717,0.00067364,0.46419564
Himachal Pradesh,Hamirpur,Criminal,14277,2980,1300,1190,34,0,0,19781,16918,250,2333,280,13386,3047,2544,751,5088,1687,553,1460,3043,,,0.153826711,0.061874431,0.914669902,0.085279547,11.7186019,0.121827924,0.107251466,0.094601639,0.914686605,0.000213991,0.573483681
Himachal Pradesh,Hamirpur,Total,20948,7279,4009,3804,155,2,0,36197,26373,755,7998,1071,15704,10754,6906,2738,5655,2131,7642,3470,9512,,,0.262776949,0.109425935,0.941101718,0.058870656,16.97795497,0.084100937,0.183214039,0.167304533,0.941118904,0.000310032,0.523921929
Himachal Pradesh,Kangra,Civil,13330,9836,6454,6686,845,10,0,37161,21432,984,12520,2229,7810,15665,10339,3323,1708,1300,13352,3301,13327,,,0.358619019,0.20292234,0.96499112,0.034981971,28.56341276,0.049974244,0.250037301,0.310253938,0.965008742,0.000521592,0.46020169
Himachal Pradesh,Kangra,Criminal,26608,7227,5321,5907,449,1,0,45513,39831,744,4767,173,25303,6116,9594,4448,2335,2970,1267,2810,11486,,,0.252361911,0.13967131,0.934723382,0.065254647,15.31908448,0.093220924,0.175952439,0.213547576,0.934740451,0.000279739,0.517287848
Himachal Pradesh,Kangra,Total,39938,17063,11775,12593,1294,11,0,82674,61263,1728,17287,2402,33113,21781,19933,7771,4043,4270,14619,6111,24813,,,0.300127003,0.168104022,0.948339885,0.051648019,19.35705924,0.073782885,0.209255343,0.257019186,0.948357203,0.000353476,0.491627673
Himachal Pradesh,Sirmaur,Civil,4261,2590,1426,1257,116,5,0,9655,5852,150,2903,750,1889,4101,2629,964,371,494,2623,1024,3687,,,0.381835128,0.142709196,0.948736537,0.051159901,19.50505051,0.073085572,0.266224098,0.21819229,0.948753862,0.000356179,0.487621651
Himachal Pradesh,Sirmaur,Criminal,15037,4285,1922,1929,100,0,0,23273,21210,270,1637,156,14941,1903,4307,2108,669,770,445,750,5282,,,0.226948526,0.087178826,0.966872905,0.033084128,30.18547341,0.04726304,0.158233651,0.133290273,0.966890561,0.000551212,0.525320672
Himachal Pradesh,Sirmaur,Total,19298,6875,3348,3186,216,5,0,32928,27062,420,4540,906,16830,6004,6936,3072,1040,1264,3068,1774,8969,,,0.272373895,0.103465031,0.961584014,0.038385618,26.03003953,0.054836596,0.189905247,0.158190731,0.961601573,0.00047533,0.514259222
Himachal Pradesh,Una,Civil,5597,4648,3046,3616,608,9,1,17525,10552,460,5700,813,3404,6933,5302,1815,646,525,6386,2622,5881,,,0.335558599,0.241583932,0.969987447,0.029955495,33.31749049,0.042793564,0.233959053,0.369364784,0.97000516,0.000608405,0.446670112
Himachal Pradesh,Una,Criminal,10436,3444,2163,2596,240,0,0,18879,16411,288,1972,208,10218,2062,4674,1900,1344,755,507,1697,3706,,,0.196292373,0.150211864,0.959957627,0.039989407,24.97222222,0.057127724,0.136859487,0.22966334,0.959975157,0.000456014,0.509750371
Himachal Pradesh,Una,Total,16033,8092,5209,6212,848,9,1,36404,26963,748,7672,1021,13622,8995,9976,3715,1990,1280,6893,4319,9587,,,0.263342947,0.194204093,0.964812526,0.035160005,28.41842311,0.050228579,0.183608666,0.296924353,0.964830144,0.000518944,0.47937535
Himachal Pradesh,Solan,Civil,6626,4939,2895,3011,492,13,1,17977,11000,488,5331,1158,3718,7226,5417,1583,584,567,3908,1890,8134,,,0.452441873,0.19562799,0.968405829,0.031538547,31.64964789,0.045055067,0.315452719,0.299101391,0.968423513,0.000577949,0.445751848
Himachal Pradesh,Solan,Criminal,43859,10939,5016,3879,233,2,0,63928,60705,539,2450,234,51406,3138,6965,2410,1765,1833,688,1369,11544,,,0.180575326,0.064352641,0.971311924,0.028672433,34.85714286,0.040960619,0.125901206,0.098390647,0.971329661,0.000636521,0.539482377
Himachal Pradesh,Solan,Total,50485,15878,7911,6890,725,15,1,81905,71705,1027,7781,1392,55124,10364,12382,3993,2349,2400,4596,3259,19678,,,0.240251019,0.093167778,0.970685908,0.029301883,34.11286964,0.041859832,0.167508451,0.142446957,0.970703634,0.00062293,0.5189058
Himachal Pradesh,Mandi,Civil,9313,5030,2599,2397,202,13,0,19554,11240,366,6931,1017,3249,8327,5747,1900,1074,719,6023,1868,6777,,,0.346560982,0.133571976,0.963180772,0.03676809,27.15833333,0.052525843,0.241630164,0.204222126,0.963198361,0.000495934,0.489657464
Himachal Pradesh,Mandi,Criminal,40290,7084,4174,3606,88,0,0,55242,49640,357,4771,474,40159,3485,8040,2510,6713,3374,966,2021,9829,,,0.177922995,0.0668682,0.938906287,0.061075611,16.368,0.087250873,0.124051941,0.10223676,0.938923432,0.000298893,0.555352009
Himachal Pradesh,Mandi,Total,49603,12114,6773,6003,290,13,0,74796,60880,723,11702,1491,43408,11812,13787,4410,7787,4093,6989,3889,16606,,,0.222014252,0.084308194,0.945265184,0.054721446,18.26966292,0.078173494,0.154793364,0.128901279,0.945282446,0.000333619,0.538175002
Himachal Pradesh,Bilaspur,Civil,5081,2832,1588,1485,165,2,2,11155,6915,366,3439,435,2229,4509,3354,1041,512,477,3855,1193,4655,,,0.417264252,0.148261025,0.957153101,0.042757261,23.33682008,0.061081801,0.290926085,0.226680645,0.95717058,0.00042615,0.475388238
Himachal Pradesh,Bilaspur,Criminal,11556,3642,1628,2165,400,0,0,19391,17499,252,1177,464,11380,1823,4400,1754,3088,2895,527,856,6574,,,0.339005776,0.13227104,0.850660066,0.149288366,6.695787293,0.213269095,0.236362503,0.202233085,0.8506756,0.000122271,0.548258745
Himachal Pradesh,Bilaspur,Total,16637,6474,3216,3650,565,2,2,30546,24414,618,4616,899,13609,6332,7754,2795,3600,3372,4382,2049,11229,,,0.367597473,0.138115036,0.889579991,0.110387272,9.056033205,0.157696103,0.256297282,0.211168143,0.889596236,0.000165371,0.521643792
Himachal Pradesh,Chamba,Civil,2570,1932,809,682,92,2,0,6087,3872,91,1689,435,1071,2557,1700,677,314,279,1691,1198,1788,,,0.29369251,0.127463863,0.954007884,0.045827858,21.73928571,0.065468369,0.204769068,0.194883252,0.954025305,0.000396978,0.50534254
Himachal Pradesh,Chamba,Criminal,10662,3087,1557,1116,121,0,0,16543,14926,54,1466,97,11149,1390,2908,1087,861,868,244,1290,2558,,,0.154617988,0.074770309,0.947473404,0.052466151,19.03682394,0.074951644,0.107803163,0.114318527,0.947490706,0.000347628,0.551835161
Himachal Pradesh,Chamba,Total,13232,5019,2366,1798,213,2,0,22630,18798,145,3155,532,12220,3947,4608,1764,1175,1147,1935,2488,4346,,,0.192037471,0.088948787,0.949273121,0.050682692,19.71254355,0.072403846,0.133892873,0.135996418,0.949290455,0.000359968,0.539317108
Himachal Pradesh,Kinnaur,Civil,1942,1583,764,326,13,0,0,4628,3342,94,557,635,1321,1314,1474,474,230,133,875,745,1624,,,0.350831713,0.07323396,0.971052063,0.028731908,34.53731343,0.041045582,0.244607815,0.111969557,0.971069795,0.00063068,0.508020644
Himachal Pradesh,Kinnaur,Criminal,21546,3295,1633,1251,97,0,0,27822,26498,96,1225,3,22667,1431,2602,1110,2556,1382,316,929,3730,,,0.134061747,0.048449125,0.950292923,0.049671135,20.11713666,0.070958765,0.093470886,0.074075293,0.950310276,0.000367356,0.56389161
Himachal Pradesh,Kinnaur,Total,23488,4878,2397,1577,110,0,0,32450,29840,190,1782,638,23988,2745,4076,1584,2786,1515,1191,1674,5354,,,0.164987211,0.051986071,0.953283412,0.046685772,21.40501319,0.066693961,0.11503282,0.079483034,0.95330082,0.000390873,0.555915782
Himachal Pradesh,Kullu,Civil,3845,2466,1480,1445,128,0,0,9364,5911,150,2054,1249,2529,3267,2739,814,413,329,1434,440,3125,,,0.333689269,0.16796583,0.964762413,0.035130806,28.37575758,0.050186866,0.232655714,0.256807901,0.964780031,0.000518165,0.477799267
Himachal Pradesh,Kullu,Criminal,82752,14927,2876,3360,351,0,0,104266,102011,188,2064,7,95940,2696,4206,1407,4880,3558,382,638,13662,,,0.131028993,0.035591318,0.965866477,0.034123932,29.29643158,0.048748474,0.091356381,0.054416614,0.965884115,0.000534977,0.561443597
Himachal Pradesh,Kullu,Total,86597,17393,4356,4805,479,0,0,113630,107922,338,4118,1256,98469,5963,6945,2221,5293,3887,1816,1078,16787,,,0.147732573,0.046501395,0.965783985,0.034207215,29.22582305,0.048867449,0.103002495,0.071097351,0.965801621,0.000533688,0.554547842
Himachal Pradesh,Shimla,Civil,7149,4646,2629,2772,423,9,1,17629,10994,450,4453,1732,5222,6365,4886,1022,933,696,4172,1552,6124,,,0.34736245,0.181792399,0.960465116,0.039478162,25.29268293,0.056397375,0.242188966,0.27794775,0.960482655,0.000461866,0.472434951
Himachal Pradesh,Shimla,Criminal,46236,26181,4828,4587,359,4,0,82195,77913,430,3603,251,66960,3388,7809,3740,4861,4846,1270,1546,17504,,,0.212954402,0.060221909,0.941031194,0.05895664,16.95791211,0.084223772,0.148476631,0.092075048,0.941048378,0.000309666,0.551035164
Himachal Pradesh,Shimla,Total,53385,30827,7457,7359,782,13,1,99824,88907,880,8056,1983,72182,9753,12695,4762,5794,5542,5442,3098,23628,,,0.236694215,0.081692963,0.944472827,0.055517155,18.00902039,0.079310221,0.165028566,0.124902775,0.944490074,0.00032886,0.53715184
Ladakh,Kargil,Civil,187,185,28,26,4,0,0,430,288,8,36,36,120,73,157,15,22,17,64,32,29,,,0.067285383,0.069605568,0.958236659,0.039443155,23.88888889,0.056347365,0.046912893,0.106422002,0.958254157,0.000436231,0.562165255
Ladakh,Kargil,Criminal,182,80,15,7,0,0,0,284,152,2,60,10,37,33,161,6,30,18,1,34,17,,,0.059649123,0.024561404,0.933333333,0.063157895,14.94736842,0.090225564,0.041588719,0.037552653,0.933350377,0.000272951,0.59292982
Ladakh,Kargil,Total,369,265,43,33,4,0,0,714,440,10,96,46,157,106,318,21,52,35,65,66,46,,,0.064335664,0.051748252,0.94965035,0.048951049,19.83333333,0.06993007,0.044856282,0.079119425,0.949667691,0.000362173,0.574092392
Ladakh,Leh,Civil,172,88,20,24,3,0,0,307,258,2,34,13,25,85,177,20,21,9,62,43,17,,,0.055194805,0.087662338,0.967532468,0.029220779,30.7,0.04174397,0.038483068,0.134029528,0.967550135,0.000560608,0.552282984
Ladakh,Leh,Criminal,289,128,54,42,1,0,0,514,343,4,119,9,49,88,313,21,69,44,1,37,23,,,0.044660194,0.083495146,0.912621359,0.085436893,11.42222222,0.122052705,0.031138099,0.127658186,0.912638024,0.000208579,0.583748378
Ladakh,Leh,Total,461,216,74,66,4,0,0,821,601,6,153,22,74,173,490,41,90,53,63,80,40,,,0.0486618,0.085158151,0.934306569,0.064476886,15.2037037,0.092109837,0.033928109,0.130200803,0.934323631,0.000277632,0.571697757
Nagaland,Dimapur,Civil,202,130,42,15,9,1,0,399,382,0,0,17,193,0,45,30,18,10,12,8,75,,,0.1875,0.0625,0.9725,0.025,36.27272727,0.035714286,0.130729246,0.095558089,0.972517759,0.00066237,0.537745131
Nagaland,Dimapur,Criminal,384,327,204,159,56,0,0,1130,1086,33,11,0,208,0,149,0,2,12,13,7,422,,,0.373121132,0.190097259,0.988505747,0.01061008,86.92307692,0.015157257,0.260148502,0.290645294,0.988523798,0.001587288,0.450501649
Nagaland,Dimapur,Total,586,457,246,174,65,1,0,1529,1468,33,11,17,401,0,194,30,20,22,25,15,497,,,0.324836601,0.156862745,0.98496732,0.014379085,66.47826087,0.02054155,0.226483434,0.239832068,0.984985307,0.001213949,0.473092354
Nagaland,Kohima,Civil,95,37,1,8,1,0,0,142,139,0,0,3,3,0,47,9,13,14,8,7,28,,,0.195804196,0.062937063,0.895104895,0.097902098,9.466666667,0.13986014,0.136519119,0.096226328,0.89512124,0.000172869,0.574067443
Nagaland,Kohima,Criminal,117,176,57,125,2,0,0,477,476,0,1,0,111,7,209,39,21,18,13,9,163,,,0.341004184,0.265690377,0.960251046,0.037656904,25.10526316,0.053795577,0.237755839,0.406221836,0.960268581,0.000458443,0.440897295
Nagaland,Kohima,Total,212,213,58,133,3,0,0,619,615,0,1,3,114,7,256,48,34,32,21,16,191,,,0.308064516,0.219354839,0.946774194,0.051612903,18.75757576,0.073732719,0.214789556,0.335378069,0.946791482,0.000342529,0.471033317
Nagaland,Mokokchung,Civil,61,43,8,3,1,0,0,116,115,0,0,1,9,1,71,27,0,0,3,20,8,,,0.068376068,0.034188034,0.991452991,0,116,0,0.047673343,0.052271092,0.991471096,0.002118257,0.55686332
Nagaland,Mokokchung,Criminal,26,32,14,4,1,0,0,77,77,0,0,0,20,0,33,8,0,0,0,0,24,,,0.307692308,0.064102564,0.987179487,0,77,0,0.214530044,0.098008297,0.987197514,0.001406085,0.506879796
Nagaland,Mokokchung,Total,87,75,22,7,2,0,0,193,192,0,0,1,29,1,104,35,0,0,3,20,32,,,0.164948454,0.046391753,0.994845361,0,193,0,0.115005797,0.070929716,0.994863528,0.003524342,0.535344315
Nagaland,Wokha,Civil,27,4,2,27,4,0,0,64,61,3,0,0,4,0,4,38,0,0,5,1,2,,,0.030769231,0.476923077,0.984615385,0,64,0,0.021453004,0.729181729,0.984633365,0.001168694,0.395174721
Nagaland,Wokha,Criminal,43,53,32,59,22,0,0,209,209,0,0,0,40,0,30,0,0,0,3,3,41,,,0.195238095,0.385714286,0.995238095,0,209,0,0.136124421,0.589729924,0.995256269,0.003816515,0.400301913
Nagaland,Wokha,Total,70,57,34,86,26,0,0,273,270,3,0,0,44,0,34,38,0,0,8,4,43,,,0.156934307,0.408759124,0.996350365,0,273,0,0.109418152,0.624963855,0.996368559,0.004985209,0.397452469
Nagaland,Zunheboto,Civil,2,1,0,0,0,0,0,3,2,1,0,0,0,0,1,2,1,0,1,0,0,,,0,0,0.75,0,3,0,0,0,0.750013696,5.48E-05,0.635348713
Nagaland,Zunheboto,Criminal,31,3,1,1,0,0,0,36,36,0,0,0,13,0,9,0,11,0,3,3,0,,,0,0.027027027,0.972972973,0,36,0,0,0.041322417,0.97299074,0.00065739,0.575165252
Nagaland,Zunheboto,Total,33,4,1,1,0,0,0,39,38,1,0,0,13,0,10,2,12,0,4,3,0,,,0,0.025,0.975,0,39,0,0,0.038223236,0.975017804,0.000712173,0.575483787
Nagaland,Phek,Civil,11,1,0,0,0,0,0,12,12,0,0,0,0,0,1,1,0,0,3,2,0,,,0,0,0.923076923,0,12,0,0,0,0.923093779,0.00021913,0.596693414
Nagaland,Phek,Criminal,29,3,0,1,0,0,0,33,33,0,0,0,10,0,7,0,0,0,2,5,1,,,0.029411765,0.029411765,0.970588235,0,33,0,0.020506548,0.044968513,0.970605959,0.000602608,0.569929039
Nagaland,Phek,Total,40,4,0,1,0,0,0,45,45,0,0,0,10,0,8,1,0,0,5,7,1,,,0.02173913,0.02173913,0.97826087,0,45,0,0.015157014,0.033237596,0.978278733,0.000821738,0.572401639
Nagaland,Mon,Civil,0,0,0,0,0,0,0,0,0,0,0,0,0,0,0,0,0,0,0,0,0,,,0,0,0,0,0,0,0,0,0,0,0.802794471
Nagaland,Mon,Criminal,47,24,13,7,12,2,0,105,105,0,0,0,19,0,19,0,4,5,2,1,20,,,0.188679245,0.198113208,0.943396226,0.047169811,17.5,0.067385445,0.131551442,0.302901114,0.943413454,0.000319565,0.498400564
Nagaland,Mon,Total,47,24,13,7,12,2,0,105,105,0,0,0,19,0,19,0,4,5,2,1,20,,,0.188679245,0.198113208,0.943396226,0.047169811,17.5,0.067385445,0.131551442,0.302901114,0.943413454,0.000319565,0.498400564
Nagaland,Longleng,Civil,0,0,0,0,0,0,0,0,0,0,0,0,0,0,0,0,0,0,0,0,0,,,0,0,0,0,0,0,0,0,0,0,0.802794471
Nagaland,Longleng,Criminal,28,18,0,2,0,0,0,48,48,0,0,0,0,0,20,0,0,8,2,2,2,,,0.040816327,0.040816327,0.816326531,0.163265306,5.333333333,0.233236152,0.028458067,0.062405283,0.816341437,9.74E-05,0.644159239
Nagaland,Longleng,Total,28,18,0,2,0,0,0,48,48,0,0,0,0,0,20,0,0,8,2,2,2,,,0.040816327,0.040816327,0.816326531,0.163265306,5.333333333,0.233236152,0.028458067,0.062405283,0.816341437,9.74E-05,0.644159239
Nagaland,Tuensang,Civil,1,0,0,1,0,0,0,2,1,0,0,1,0,0,0,0,0,0,2,0,0,,,0,0.333333333,0.666666667,0,2,0,0,0.509643144,0.666678841,3.65E-05,0.526325943
Nagaland,Tuensang,Criminal,19,8,1,4,2,0,0,34,34,0,0,0,7,0,13,0,0,0,0,0,6,,,0.171428571,0.171428571,0.971428571,0,34,0,0.119523882,0.262102188,0.971446311,0.000620868,0.491893731
Nagaland,Tuensang,Total,20,8,1,5,2,0,0,36,35,0,0,1,7,0,13,0,0,0,2,0,6,,,0.162162162,0.189189189,0.972972973,0,36,0,0.113063131,0.289256919,0.97299074,0.00065739,0.486276628
Nagaland,Peren,Civil,0,0,0,0,0,0,0,0,0,0,0,0,0,0,0,0,0,0,0,0,0,,,0,0,0,0,0,0,0,0,0,0,0.802794471
Nagaland,Peren,Criminal,0,14,1,28,0,0,0,43,0,0,0,0,0,0,0,0,0,0,5,1,1,,,0.022727273,0.636363636,0.977272727,0,43,0,0.015845969,0.972955093,0.977290573,0.000785216,0.33713062
Nagaland,Peren,Total,0,14,1,28,0,0,0,43,0,0,0,0,0,0,0,0,0,0,5,1,1,,,0.022727273,0.636363636,0.977272727,0,43,0,0.015845969,0.972955093,0.977290573,0.000785216,0.33713062
Nagaland,Kiphire,Civil,0,0,0,0,0,0,0,0,0,0,0,0,0,0,0,0,0,0,0,0,0,,,0,0,0,0,0,0,0,0,0,0,0.802794471
Nagaland,Kiphire,Criminal,10,0,0,0,0,0,0,10,10,0,0,0,1,0,3,0,0,0,0,0,0,,,0,0,0.909090909,0,10,0,0,0,0.90910751,0.000182608,0.599819215
Nagaland,Kiphire,Total,10,0,0,0,0,0,0,10,10,0,0,0,1,0,3,0,0,0,0,0,0,,,0,0,0.909090909,0,10,0,0,0,0.90910751,0.000182608,0.599819215
Tripura,West Tripura,Civil,3169,1735,666,475,37,3,1,6086,4474,85,1060,465,1072,1324,2632,884,194,241,1053,1332,538,,,0.088385083,0.084770823,0.960243141,0.039592574,25.14876033,0.05656082,0.061624081,0.129608606,0.960260676,0.000459237,0.552463769
Tripura,West Tripura,Criminal,7909,2720,1400,1206,421,157,94,13907,8445,76,5386,0,5569,1295,6507,410,1442,388,276,919,1960,,,0.140926086,0.135030198,0.972030486,0.027897613,35.75064267,0.039853733,0.098256858,0.206451645,0.972048236,0.000652837,0.518593073
Tripura,West Tripura,Total,11078,4455,2066,1681,458,160,95,19993,12919,161,6446,465,6641,2619,9139,1294,1636,629,1329,2251,2498,,,0.124937481,0.119735921,0.968490547,0.031459438,31.73492063,0.044942054,0.087109241,0.183067773,0.968508233,0.000579506,0.528891827
Tripura,North Tripura,Civil,895,310,79,52,13,0,0,1349,957,63,251,78,219,250,677,203,74,79,386,475,169,,,0.125185185,0.048148148,0.940740741,0.058518519,16.8625,0.083597884,0.087281946,0.073615121,0.940757919,0.000307923,0.57010433
Tripura,North Tripura,Criminal,1600,454,265,89,60,26,13,2507,2098,19,390,0,1338,136,895,137,615,536,20,377,611,,,0.243620415,0.074960128,0.785885167,0.213716108,4.668528864,0.305308726,0.16985767,0.114608745,0.785899518,8.53E-05,0.618581096
Tripura,North Tripura,Total,2495,764,344,141,73,26,13,3856,3055,82,641,78,1557,386,1572,340,689,615,406,852,780,,,0.202229712,0.065595022,0.840290381,0.15945035,6.25974026,0.227786214,0.140999135,0.10029016,0.840305726,0.000114308,0.601570343
Tripura,South Tripura,Civil,520,283,104,37,4,0,0,948,625,27,156,140,183,236,426,101,50,81,228,334,77,,,0.08113804,0.043203372,0.913593256,0.085353003,11.56097561,0.121932862,0.056571279,0.066054907,0.913609939,0.000211113,0.592906411
Tripura,South Tripura,Criminal,2033,500,51,50,25,22,9,2690,2467,41,178,0,1261,117,1262,50,671,307,24,186,295,,,0.109624675,0.039390561,0.885544407,0.114083984,8.733766234,0.162977119,0.076432806,0.060225388,0.885560578,0.000159486,0.604019531
Tripura,South Tripura,Total,2553,783,155,87,29,22,9,3638,3092,68,334,140,1444,353,1688,151,721,388,252,520,372,,,0.102225886,0.040395713,0.893102501,0.106622699,9.35218509,0.152318141,0.071274203,0.061762195,0.893118809,0.000170779,0.601066966
Tripura,Unakoti Tripura,Civil,612,276,96,32,1,2,0,1019,850,20,74,75,137,203,517,162,55,54,271,264,100,,,0.098039216,0.034313725,0.946078431,0.052941176,18.52727273,0.075630252,0.068355161,0.052463265,0.946095708,0.000338324,0.577121759
Tripura,Unakoti Tripura,Criminal,2007,404,95,26,19,9,0,2560,1914,8,410,228,1291,124,1037,108,496,243,32,491,121,,,0.047247169,0.021085513,0.904724717,0.094884811,10.49180328,0.135549729,0.032941796,0.032238262,0.904741238,0.000191589,0.6116429
Tripura,Unakoti Tripura,Total,2619,680,191,58,20,11,0,3579,2764,28,484,303,1428,327,1554,270,551,297,303,755,221,,,0.061731844,0.024860335,0.916759777,0.082960894,12.01006711,0.118515563,0.043040839,0.038009698,0.916776517,0.000219314,0.601755175
Tripura,Gomati Tripura,Civil,491,274,104,22,0,0,0,891,657,35,113,86,115,123,537,116,43,70,246,300,223,,,0.25,0.024663677,0.920403587,0.078475336,12.54929577,0.112107623,0.174305661,0.037709022,0.920420395,0.000229161,0.56863927
Tripura,Gomati Tripura,Criminal,2628,497,119,51,34,21,5,3355,3119,31,201,4,1620,66,1600,68,915,414,35,178,478,,,0.142431466,0.033075089,0.876340882,0.123361144,8.084337349,0.176230206,0.099306443,0.050569478,0.876356885,0.000147627,0.605685406
Tripura,Gomati Tripura,Total,3119,771,223,73,34,21,5,4246,3776,66,314,90,1735,189,2137,184,958,484,281,478,701,,,0.165057688,0.031316223,0.885801742,0.113962797,8.754639175,0.162803996,0.115081957,0.047880295,0.885817918,0.000159867,0.597858625
Tripura,Sepahijala Tripura,Civil,583,244,61,32,7,1,0,928,666,33,165,64,162,133,482,151,45,67,247,258,120,,,0.129171152,0.043057051,0.926803014,0.07212056,13.64705882,0.103029371,0.090061052,0.065831192,0.926819938,0.000249207,0.578343987
Tripura,Sepahijala Tripura,Criminal,3652,771,393,273,127,38,18,5272,4994,17,210,51,2500,165,2413,193,859,152,22,197,923,,,0.17504267,0.086478286,0.970984259,0.028826095,34.45751634,0.041180136,0.122043713,0.132219196,0.97100199,0.000629223,0.532042196
Tripura,Sepahijala Tripura,Total,4235,1015,454,305,134,39,18,6200,5660,50,375,115,2662,298,2895,344,904,219,269,455,1043,,,0.168198678,0.079987099,0.964521851,0.035316884,28.18181818,0.050452692,0.117271927,0.12229463,0.964539464,0.000514624,0.538940535
Tripura,Khowai Tripura,Civil,314,128,42,14,2,0,1,501,365,14,83,39,116,76,248,61,30,25,117,163,82,,,0.163346614,0.033864542,0.948207171,0.049800797,19.26923077,0.071143995,0.113888958,0.051776495,0.948224486,0.000351872,0.565139859
Tripura,Khowai Tripura,Criminal,3636,422,136,52,19,19,3,4287,1698,10,2553,26,3139,133,957,57,825,242,19,132,367,,,0.085587687,0.021688433,0.943330224,0.056436567,17.64197531,0.080623667,0.059673673,0.033160083,0.94334745,0.000322157,0.58561332
Tripura,Khowai Tripura,Total,3950,550,178,66,21,19,4,4788,2063,24,2636,65,3255,209,1205,118,855,267,136,295,449,,,0.093756525,0.022969305,0.944038421,0.055752767,17.86567164,0.07964681,0.065369172,0.035118446,0.94405566,0.000326242,0.583421786
Tripura,Dhalai Tripura,Civil,290,87,15,9,0,0,0,401,299,17,71,14,92,37,211,59,10,28,69,129,23,,,0.05721393,0.02238806,0.927860697,0.069651741,13.82758621,0.099502488,0.039890848,0.034229763,0.92787764,0.000252503,0.597217538
Tripura,Dhalai Tripura,Criminal,2151,244,86,59,19,7,1,2567,2370,4,188,5,1412,75,1033,46,286,551,12,113,168,,,0.065420561,0.033489097,0.785046729,0.214563863,4.650362319,0.306519804,0.045612696,0.051202465,0.785061065,8.49E-05,0.664335094
Tripura,Dhalai Tripura,Total,2441,331,101,68,19,7,1,2968,2669,21,259,19,1504,112,1244,105,296,579,81,242,191,,,0.064331425,0.031997305,0.80464803,0.195015157,5.117241379,0.278593081,0.044853326,0.048921622,0.804662723,9.34E-05,0.655202107
Chandigarh,Chandigarh,Civil,10078,6729,4126,2354,102,4,1,23394,17659,1626,885,3224,8281,1711,12909,478,26,0,4091,4781,8921,,,0.381320795,0.105193417,0.999957256,0,23394,0,0.265865493,0.160833312,0.999975516,0.42719404,0.436915082
Chandigarh,Chandigarh,Criminal,51590,27318,8078,2701,99,4,0,89790,72237,2242,15130,181,57373,2320,29391,609,2943,1070,1606,2969,20524,,,0.228575247,0.031228074,0.988072301,0.011916562,83.83753501,0.01702366,0.159367838,0.047745522,0.988090344,0.001530944,0.535688199
Chandigarh,Chandigarh,Total,61668,34047,12204,5055,201,8,1,113184,89896,3868,16015,3405,65654,4031,42300,1087,2969,1070,5697,7750,29445,,,0.260149313,0.046516765,0.990537615,0.009453549,105.6806723,0.013505071,0.181381992,0.07112085,0.990555703,0.001929818,0.523335432
Puducherry,Puducherry,Civil,5078,2326,862,1006,393,39,2,9706,7938,244,59,1463,681,1529,3872,2528,842,607,1744,2449,2507,,,0.25826723,0.148346554,0.937364788,0.062532193,15.96381579,0.089331705,0.180069761,0.226811413,0.937381905,0.000291513,0.511632535
Puducherry,Puducherry,Criminal,5799,3789,2941,4215,1073,14,0,17831,15993,248,1576,0,6671,866,4943,5270,1419,1253,480,991,9924,,,0.556527591,0.297330642,0.929676985,0.070266936,14.21929825,0.100381337,0.388023638,0.454597569,0.929693962,0.000259656,0.409196407
Puducherry,Puducherry,Total,10877,6115,3803,5221,1466,53,2,27537,23931,492,1635,1463,7352,2395,8815,7798,2261,1860,2224,3440,12431,,,0.451412594,0.244825332,0.932420655,0.067543031,14.7968834,0.096490045,0.314735082,0.374320656,0.932437682,0.000270203,0.445290374
Puducherry,Karaikal,Civil,767,1465,223,168,20,3,0,2646,2207,12,6,421,125,508,1272,574,106,159,407,622,439,,,0.16584813,0.072157159,0.939554212,0.060068002,16.5375,0.085811431,0.115633072,0.110323204,0.939571369,0.000301989,0.55489362
Puducherry,Karaikal,Criminal,1012,2223,161,260,159,18,0,3833,3583,13,237,0,1260,152,1405,993,130,119,121,178,288,,,0.075117371,0.113980177,0.968701095,0.03103808,31.94166667,0.044340115,0.052373532,0.174267648,0.968718785,0.000583282,0.539162817
Puducherry,Karaikal,Total,1779,3688,384,428,179,21,0,6479,5790,25,243,421,1385,660,2677,1567,236,278,528,800,727,,,0.112191358,0.09691358,0.956944444,0.042901235,23.22222222,0.061287478,0.078222355,0.148174025,0.956961919,0.000424057,0.545552062
Puducherry,Mahe,Civil,114,21,10,6,0,0,0,151,127,4,0,20,8,23,67,25,14,11,59,59,4,,,0.026315789,0.039473684,0.921052632,0.072368421,12.58333333,0.103383459,0.018347964,0.060352478,0.921069451,0.000229782,0.59806926
Puducherry,Mahe,Criminal,89,75,31,46,2,0,0,243,227,0,16,0,133,2,86,22,44,42,34,18,127,,,0.520491803,0.196721311,0.823770492,0.172131148,5.651162791,0.245901639,0.362898671,0.300773003,0.823785535,0.000103195,0.506029559
Puducherry,Mahe,Total,203,96,41,52,2,0,0,394,354,4,16,20,141,25,153,47,58,53,93,77,131,,,0.33164557,0.136708861,0.863291139,0.134177215,7.296296296,0.191681736,0.231230801,0.209018201,0.863306904,0.000133236,0.540697808
Puducherry,Yanam,Civil,52,41,10,22,2,0,0,127,94,0,0,33,7,13,65,15,8,6,24,25,29,,,0.2265625,0.1875,0.9453125,0.046875,18.14285714,0.066964286,0.157964505,0.286674268,0.945329762,0.000331304,0.495691699
Puducherry,Yanam,Criminal,139,91,30,12,1,0,0,273,252,0,21,0,52,16,176,20,136,141,4,9,12,,,0.04379562,0.047445255,0.481751825,0.51459854,1.922535211,0.735140772,0.030535298,0.072540447,0.481760622,3.51E-05,0.81480809
Puducherry,Yanam,Total,191,132,40,34,3,0,0,400,346,0,21,33,59,29,241,35,144,147,28,34,41,,,0.102244389,0.092269327,0.630922693,0.366583541,2.702702703,0.523690773,0.071287103,0.141073289,0.630934214,4.94E-05,0.712982863
Arunachal Pradesh,Lohit,Civil,34,17,16,19,0,0,0,86,62,1,16,7,10,4,59,7,6,4,2,45,11,,,0.126436782,0.218390805,0.942528736,0.045977011,17.2,0.065681445,0.088154587,0.333904129,0.942545947,0.000314086,0.500780838
Arunachal Pradesh,Lohit,Criminal,128,116,68,123,45,0,0,480,459,15,6,0,29,0,393,53,16,8,1,2,92,,,0.191268191,0.349272349,0.981288981,0.016632017,53.33333333,0.023760024,0.133356514,0.534012774,0.9813069,0.000973911,0.422972703
Arunachal Pradesh,Lohit,Total,162,133,84,142,45,0,0,566,521,16,22,7,39,4,452,60,22,12,3,47,103,,,0.181657848,0.329805996,0.97707231,0.021164021,43.53846154,0.030234316,0.126655965,0.504250095,0.977090153,0.000795049,0.434248944
Arunachal Pradesh,Upper Subansiri,Civil,11,3,0,0,0,0,0,14,11,0,2,1,0,0,4,2,0,1,1,5,0,,,0,0,0.866666667,0.066666667,7,0.095238095,0,0,0.866682493,0.000127826,0.628077133
Arunachal Pradesh,Upper Subansiri,Criminal,32,4,0,0,1,0,0,37,36,0,0,0,14,0,10,1,2,4,0,1,1,,,0.026315789,0.026315789,0.868421053,0.105263158,7.4,0.15037594,0.018347964,0.040234985,0.868436911,0.00013513,0.624133365
Arunachal Pradesh,Upper Subansiri,Total,43,7,0,0,1,0,0,51,47,0,2,1,14,0,14,3,2,5,1,6,1,,,0.019230769,0.019230769,0.884615385,0.096153846,8.5,0.137362637,0.013408128,0.029402489,0.884631538,0.000155217,0.621833396
Arunachal Pradesh,Papum Pare,Civil,488,299,157,98,17,0,0,1059,805,16,56,132,81,66,442,40,63,74,35,230,45,,,0.04245283,0.108490566,0.929245283,0.069811321,14.12,0.099730458,0.029599075,0.165874419,0.929262252,0.000257843,0.566424777
Arunachal Pradesh,Papum Pare,Criminal,3087,1589,621,1422,208,113,3,7043,6486,12,101,0,2107,163,1082,307,196,124,13,300,612,,,0.086882453,0.247870528,0.982254401,0.017603634,56.344,0.025148049,0.060576414,0.378976546,0.982272338,0.001028889,0.479102009
Arunachal Pradesh,Papum Pare,Total,3575,1888,778,1520,225,113,3,8102,7291,28,157,132,2188,229,1524,347,259,198,48,530,657,,,0.081081081,0.229668024,0.975441195,0.024435394,40.71356784,0.034907706,0.056531566,0.351146202,0.975459007,0.000743464,0.490502262
Arunachal Pradesh,West Kameng,Civil,81,11,0,0,0,0,0,92,64,0,14,6,10,1,38,9,1,3,3,58,0,,,0,0,0.956989247,0.032258065,23,0.046082949,0,0,0.957006723,0.000419999,0.598191657
Arunachal Pradesh,West Kameng,Criminal,103,11,5,9,0,0,0,128,62,0,3,0,31,0,27,0,1,2,0,0,13,,,0.100775194,0.069767442,0.976744186,0.015503876,42.66666667,0.022148394,0.070262747,0.106669495,0.976762022,0.000779129,0.545661074
Arunachal Pradesh,West Kameng,Total,184,22,5,9,0,0,0,220,126,0,17,6,41,1,65,9,2,5,3,58,13,,,0.058823529,0.040723982,0.972850679,0.022624434,36.66666667,0.032320621,0.041013097,0.062264094,0.972868444,0.000669564,0.566599702
Arunachal Pradesh,Upper Siang,Civil,84,2,0,0,0,0,0,86,2,0,78,0,0,0,77,2,0,0,1,13,1,,,0.011494253,0,0.988505747,0,86,0,0.008014053,0,0.988523798,0.001570432,0.580062171
Arunachal Pradesh,Upper Siang,Criminal,55,19,11,2,0,0,0,87,81,0,1,0,18,10,31,8,0,0,0,2,11,,,0.125,0.022727273,0.988636364,0,87,0,0.08715283,0.034748396,0.988654417,0.001588693,0.55257144
Arunachal Pradesh,Upper Siang,Total,139,21,11,2,0,0,0,173,83,0,79,0,18,10,108,10,0,0,1,15,12,,,0.068965517,0.011494253,0.994252874,0,173,0,0.04808432,0.017573902,0.994271029,0.003159125,0.56473412
Arunachal Pradesh,East Siang,Civil,49,53,0,0,0,0,0,102,3,14,22,0,11,12,36,7,0,0,0,28,5,,,0.048543689,0,0.990291262,0,102,0,0.033845759,0,0.990309346,0.001862605,0.573513866
Arunachal Pradesh,East Siang,Criminal,142,108,24,4,1,0,0,279,204,3,0,0,46,35,118,36,0,0,0,0,30,,,0.107142857,0.017857143,0.996428571,0,279,0,0.074702426,0.027302311,0.996446767,0.005094774,0.555324693
Arunachal Pradesh,East Siang,Total,191,161,24,4,1,0,0,381,207,17,22,0,57,47,154,43,0,0,0,28,35,,,0.091623037,0.013089005,0.997382199,0,381,0,0.063881656,0.020012165,0.997400412,0.006957379,0.559330719
Arunachal Pradesh,West Siang,Civil,203,30,16,14,0,0,0,263,93,6,44,23,0,2,98,15,14,20,62,38,1,,,0.003787879,0.053030303,0.920454545,0.075757576,12.52380952,0.108225108,0.002640995,0.081079591,0.920471354,0.000228695,0.597689987
Arunachal Pradesh,West Siang,Criminal,123,49,26,33,6,1,0,238,217,0,9,0,40,8,110,12,18,22,1,36,1,,,0.0041841,0.167364017,0.90376569,0.092050209,10.34782609,0.131500299,0.00291725,0.255887771,0.903782194,0.00018896,0.562167137
Arunachal Pradesh,West Siang,Total,326,79,42,47,6,1,0,501,310,6,53,23,40,10,208,27,32,42,63,74,2,,,0.003984064,0.107569721,0.914342629,0.083665339,11.65116279,0.119521912,0.002777779,0.164466513,0.914359326,0.00021276,0.580368907
Arunachal Pradesh,Lower Subansiri,Civil,93,26,4,13,3,0,0,139,78,7,38,0,3,20,37,21,17,25,10,6,14,,,0.1,0.114285714,0.814285714,0.178571429,5.346153846,0.255102041,0.069722264,0.174734792,0.814300584,9.76E-05,0.611015775
Arunachal Pradesh,Lower Subansiri,Criminal,96,34,13,17,8,1,0,169,159,0,6,0,23,7,65,16,1,5,1,2,18,,,0.105882353,0.152941176,0.964705882,0.029411765,28.16666667,0.042016807,0.073823574,0.233836266,0.964723499,0.000514347,0.519601079
Arunachal Pradesh,Lower Subansiri,Total,189,60,17,30,11,1,0,308,237,7,44,0,26,27,102,37,18,30,11,8,32,,,0.103559871,0.13592233,0.899676375,0.097087379,9.935483871,0.138696255,0.072204287,0.207815651,0.899692804,0.00018143,0.560115682
Arunachal Pradesh,Tirap,Civil,0,0,0,0,0,0,0,0,0,0,0,0,0,0,0,0,0,0,0,0,0,,,0,0,0,0,0,0,0,0,0,0,0.802794471
Arunachal Pradesh,Tirap,Criminal,0,0,0,0,0,0,0,0,0,0,0,0,0,0,0,0,0,0,0,0,0,,,0,0,0,0,0,0,0,0,0,0,0.802794471
Arunachal Pradesh,Tirap,Total,0,0,0,0,0,0,0,0,0,0,0,0,0,0,0,0,0,0,0,0,0,,,0,0,0,0,0,0,0,0,0,0,0.802794471
Arunachal Pradesh,Lower Dibang Valley,Civil,21,18,1,2,0,0,0,42,19,0,17,1,1,2,4,6,1,0,6,5,3,,,0.069767442,0.046511628,0.976744186,0,42,0,0.04864344,0.071112997,0.976762022,0.000766955,0.555323085
Arunachal Pradesh,Lower Dibang Valley,Criminal,96,19,13,6,0,0,0,134,120,0,0,0,18,4,28,12,17,11,0,1,18,,,0.133333333,0.044444444,0.911111111,0.081481481,11.16666667,0.116402116,0.092963019,0.067952419,0.911127749,0.000203913,0.583269567
Arunachal Pradesh,Lower Dibang Valley,Total,117,37,14,8,0,0,0,176,139,0,17,1,19,6,32,18,18,11,6,6,21,,,0.118644068,0.04519774,0.93220339,0.062146893,14.66666667,0.088781275,0.082721331,0.069104155,0.932220413,0.000267826,0.575246872
Arunachal Pradesh,Leparada,Civil,38,12,1,1,1,0,0,53,9,18,26,0,12,2,18,5,9,0,12,9,3,,,0.055555556,0.037037037,0.981481481,0,53,0,0.038734591,0.056627016,0.981499404,0.000967824,0.560223313
Arunachal Pradesh,Leparada,Criminal,32,20,6,4,10,4,0,76,67,1,8,0,5,0,36,9,4,1,0,0,26,,,0.337662338,0.233766234,0.974025974,0.012987013,38,0.018552876,0.235425828,0.357412075,0.974043761,0.000693912,0.443625853
Arunachal Pradesh,Leparada,Total,70,32,7,5,11,4,0,129,76,19,34,0,17,2,54,14,13,1,12,9,29,,,0.223076923,0.153846154,0.984615385,0.007692308,64.5,0.010989011,0.155534282,0.235219913,0.984633365,0.001177824,0.489262214
Arunachal Pradesh,Tawang,Civil,28,8,1,0,0,0,0,37,17,0,18,0,2,0,6,0,8,4,6,18,0,,,0,0,0.868421053,0.105263158,7.4,0.15037594,0,0,0.868436911,0.00013513,0.638558274
Arunachal Pradesh,Tawang,Criminal,40,14,2,0,0,0,0,56,37,0,6,0,7,12,18,1,6,4,0,12,1,,,0.01754386,0,0.912280702,0.070175439,11.2,0.100250627,0.012231976,0,0.912297361,0.000204521,0.615975749
Arunachal Pradesh,Tawang,Total,68,22,3,0,0,0,0,93,54,0,24,0,9,12,24,1,14,8,6,30,1,,,0.010638298,0,0.904255319,0.085106383,10.33333333,0.121580547,0.007417262,0,0.904271832,0.000188695,0.623116496
Arunachal Pradesh,East Kameng,Civil,29,11,0,0,0,0,0,40,21,0,16,3,3,0,18,10,3,5,2,11,0,,,0,0,0.853658537,0.12195122,6.666666667,0.174216028,0,0,0.853674125,0.000121739,0.646556699
Arunachal Pradesh,East Kameng,Criminal,209,36,5,20,35,27,1,333,317,0,16,0,43,13,44,15,21,10,0,7,33,,,0.098802395,0.248502994,0.967065868,0.02994012,30.27272727,0.0427716,0.068887267,0.379943541,0.967083528,0.000552805,0.48380017
Arunachal Pradesh,East Kameng,Total,238,47,5,20,35,27,1,373,338,0,32,3,46,13,62,25,24,15,2,18,33,,,0.088235294,0.221925134,0.957219251,0.040106952,23.3125,0.057295646,0.061519645,0.339307868,0.957236731,0.000425706,0.500797027
Uttarakhand,Nainital,Civil,2281,1255,391,267,64,3,0,4261,3437,533,0,288,81,434,2809,937,87,94,787,754,608,,,0.14265603,0.078366964,0.977709995,0.022055373,44.85263158,0.031507676,0.099463014,0.119817558,0.977727849,0.000819047,0.537073625
Uttarakhand,Nainital,Criminal,11700,8023,4283,1469,31,3,0,25509,25095,390,23,0,16545,1445,6961,554,610,527,454,1883,9091,,,0.356370051,0.058918071,0.979302234,0.020658565,48.3125,0.029512236,0.248469269,0.090081573,0.979320117,0.000882227,0.508447256
Uttarakhand,Nainital,Total,13981,9278,4674,1736,95,6,0,29770,28532,923,23,288,16626,1879,9770,1491,697,621,1241,2637,9699,,,0.32578684,0.061704343,0.979107185,0.020859225,47.86173633,0.029798893,0.227145962,0.094341586,0.979125064,0.000873995,0.512535432
Uttarakhand,Pauri Garhwal,Civil,954,434,128,90,11,0,0,1617,1327,138,0,152,17,230,864,492,36,28,386,383,397,,,0.245364648,0.062422744,0.982076638,0.017305315,55.75862069,0.024721879,0.171073788,0.095439971,0.982094571,0.001018199,0.523873466
Uttarakhand,Pauri Garhwal,Criminal,6882,2216,896,252,5,0,0,10251,10075,173,3,0,7930,426,1646,224,366,318,159,649,2012,,,0.196254389,0.025068279,0.96888412,0.031018338,32.13479624,0.044311911,0.136833004,0.03832763,0.968901813,0.000586808,0.553140219
Uttarakhand,Pauri Garhwal,Total,7836,2650,1024,342,16,0,0,11868,11402,311,3,152,7947,656,2510,716,402,346,545,1032,2409,,,0.202965709,0.030162608,0.970764176,0.029151571,34.20172911,0.041645102,0.141512288,0.0461165,0.970781903,0.000624552,0.549131441
Uttarakhand,Tehri Garhwal,Civil,428,110,36,18,0,0,0,592,361,142,0,89,20,99,408,65,25,15,129,53,76,,,0.128161889,0.030354132,0.97301855,0.02529511,37,0.036135871,0.089357371,0.046409325,0.973036318,0.000675651,0.559825703
Uttarakhand,Tehri Garhwal,Criminal,1993,701,182,37,3,0,0,2916,2739,120,57,0,1666,145,1060,43,156,137,24,73,405,,,0.138841275,0.013712719,0.952691121,0.046966061,21.13043478,0.067094373,0.096803281,0.020965779,0.952708518,0.000385859,0.575102672
Uttarakhand,Tehri Garhwal,Total,2421,811,218,55,3,0,0,3508,3100,262,57,89,1686,244,1468,108,181,152,153,126,481,,,0.13707609,0.016528926,0.956397834,0.043317184,22.92810458,0.061881692,0.095572554,0.025271561,0.956415299,0.000418686,0.572457565
Uttarakhand,Udham Singh Nagar,Civil,4317,2062,770,498,107,0,0,7754,6038,1074,76,566,498,536,4889,1813,42,26,329,1210,1215,,,0.156673114,0.078014184,0.996518375,0.003352676,287.1851852,0.004789537,0.109236043,0.119278183,0.996536573,0.005244242,0.525016707
Uttarakhand,Udham Singh Nagar,Criminal,28655,22960,8038,6312,419,2,0,66386,63481,1250,1008,0,45280,1248,17979,1350,1452,1193,237,2721,14476,,,0.21805474,0.101420459,0.982014551,0.017970386,55.59966499,0.02567198,0.152032702,0.155064724,0.982032483,0.001015296,0.513656469
Uttarakhand,Udham Singh Nagar,Total,32972,25022,8808,6810,526,2,0,74140,69519,2324,1084,566,45778,1784,22868,3163,1494,1219,566,3931,15691,,,0.211637286,0.098973577,0.983544867,0.016441645,60.7704918,0.023488064,0.147558308,0.151323615,0.983562828,0.00110972,0.514872868
Uttarakhand,Dehradun,Civil,7343,3503,1830,1404,322,29,0,14431,10365,1585,1576,898,594,2527,9118,2182,137,82,3067,2316,2444,,,0.169345898,0.121604767,0.994248891,0.005681818,173.8674699,0.008116883,0.118071795,0.185925108,0.994267047,0.003174966,0.507585548
Uttarakhand,Dehradun,Criminal,57355,31859,11330,12039,2206,28,0,114817,106699,1082,7035,0,92797,1743,18917,1345,2815,1441,1428,3688,13977,,,0.121731784,0.124309777,0.987440994,0.012550297,79.62343967,0.017928996,0.084874156,0.190060877,0.987459025,0.001453991,0.518031904
Uttarakhand,Dehradun,Total,64698,35362,13160,13443,2528,57,0,129248,117064,2667,8611,898,93391,4270,28035,3527,2952,1523,4495,6004,16421,,,0.127049339,0.124008696,0.988208806,0.011783457,84.80839895,0.01683351,0.088581676,0.189600546,0.988226852,0.001548672,0.516872235
Uttarakhand,Uttarkashi,Civil,288,92,19,5,3,0,0,407,311,74,0,22,0,40,311,56,28,31,106,57,55,,,0.134803922,0.019607843,0.921568627,0.075980392,12.71875,0.108543417,0.093988347,0.029979008,0.921585456,0.000232255,0.588649073
Uttarakhand,Uttarkashi,Criminal,1000,199,53,8,1,0,0,1261,967,128,166,0,610,113,523,15,94,92,41,104,67,,,0.053090333,0.007131537,0.926307448,0.072900158,13.55913978,0.104143084,0.037015782,0.010903617,0.926324364,0.000247601,0.605002897
Uttarakhand,Uttarkashi,Total,1288,291,72,13,4,0,0,1668,1278,202,166,22,610,153,834,71,122,123,147,161,122,,,0.073097663,0.01018574,0.925704014,0.073696824,13.4516129,0.105281178,0.050965346,0.015573278,0.925720919,0.000245638,0.600886418
Uttarakhand,Almora,Civil,366,165,58,22,3,1,0,615,506,56,0,53,2,97,380,136,29,30,148,136,104,,,0.168831169,0.042207792,0.949675325,0.048701299,19.83870968,0.069573284,0.117712914,0.064532736,0.949692667,0.000362271,0.56040048
Uttarakhand,Almora,Criminal,1220,418,73,32,2,0,0,1745,1520,52,173,0,605,223,850,67,98,155,44,232,179,,,0.102520046,0.019473081,0.910652921,0.088774341,11.18589744,0.126820488,0.071479297,0.029772967,0.91066955,0.000204264,0.600079787
Uttarakhand,Almora,Total,1586,583,131,54,5,1,0,2360,2026,108,173,53,607,320,1230,203,127,185,192,368,283,,,0.119864464,0.025412961,0.921219822,0.078356629,12.68817204,0.111938041,0.083572219,0.038854623,0.921236644,0.000231697,0.589642621
Uttarakhand,Chamoli,Civil,191,64,10,6,5,0,0,276,206,53,0,17,1,21,180,74,15,26,47,87,33,,,0.119133574,0.039711191,0.902527076,0.093862816,10.22222222,0.134089737,0.083062625,0.060715609,0.902543557,0.000186666,0.592834621
Uttarakhand,Chamoli,Criminal,719,203,47,10,2,0,0,981,884,71,26,0,284,113,557,27,141,86,20,117,59,,,0.060081466,0.012219959,0.911405295,0.087576375,11.27586207,0.125109107,0.041890159,0.018683455,0.911421938,0.000205907,0.609364679
Uttarakhand,Chamoli,Total,910,267,57,16,7,0,0,1257,1090,124,26,17,285,134,737,101,156,112,67,204,92,,,0.073131955,0.018282989,0.910174881,0.089030207,11.12389381,0.12718601,0.050989255,0.0279534,0.910191501,0.000203132,0.605571034
Uttarakhand,Haridwar,Civil,5829,3740,2161,2464,293,18,1,14506,11882,735,0,1889,464,1655,9822,2545,65,29,1965,1762,5393,,,0.371751568,0.191355897,0.997932033,0.001999035,483.5333333,0.002855764,0.259193611,0.292569663,0.997950256,0.008829724,0.445048725
Uttarakhand,Haridwar,Criminal,41843,25308,13234,9514,1622,22,2,91545,81619,1472,8456,0,66759,3837,20018,870,2504,2504,452,3560,35096,,,0.383370109,0.121905927,0.972636707,0.027352369,36.54491018,0.039074813,0.267294321,0.18638556,0.972654468,0.000667341,0.4832617
Uttarakhand,Haridwar,Total,47672,29048,15395,11978,1915,40,3,106051,93501,2207,8456,1889,67223,5492,29840,3415,2569,2533,2417,5322,40489,,,0.381784408,0.131407234,0.976106061,0.023884509,41.85122336,0.034120728,0.266188734,0.200912388,0.976123886,0.000764238,0.478125382
Uttarakhand,Champawat,Civil,225,75,16,5,0,0,0,321,244,68,0,9,0,26,222,73,36,24,65,82,23,,,0.071428571,0.01552795,0.922360248,0.074534161,12.84,0.106477374,0.049801617,0.02374114,0.922377092,0.000234469,0.600100224
Uttarakhand,Champawat,Criminal,2671,461,108,29,1,0,0,3270,3174,87,9,0,1983,75,1013,33,730,572,17,91,143,,,0.043717518,0.009171507,0.824824213,0.17487007,5.706806283,0.249814386,0.030480843,0.014022587,0.824839275,0.000104211,0.657167725
Uttarakhand,Champawat,Total,2896,536,124,34,1,0,0,3591,3418,155,9,9,1983,101,1235,106,766,596,82,173,166,,,0.046213808,0.009743875,0.833797327,0.165924276,6.015075377,0.23703468,0.032221314,0.014897698,0.833812553,0.00010984,0.652012003
Uttarakhand,Bageshwar,Civil,157,18,3,2,0,0,0,180,144,17,0,19,1,10,121,48,26,15,41,44,6,,,0.033149171,0.011049724,0.91160221,0.082872928,11.25,0.118389897,0.023112353,0.016894248,0.911618857,0.000205434,0.612894583
Uttarakhand,Bageshwar,Criminal,349,74,17,7,0,0,0,447,365,34,48,0,116,57,259,15,76,40,15,72,20,,,0.044642857,0.015625,0.908482143,0.089285714,10.90243902,0.12755102,0.031126011,0.023889522,0.908498733,0.000199088,0.611747105
Uttarakhand,Bageshwar,Total,506,92,20,9,0,0,0,627,509,51,48,19,117,67,380,63,102,55,56,116,26,,,0.041401274,0.01433121,0.910828025,0.087579618,11.19642857,0.12511374,0.028865906,0.021911409,0.910844658,0.000204456,0.611773315
Uttarakhand,Pithoragarh,Civil,244,71,31,8,1,0,0,355,300,35,0,20,14,21,234,86,35,26,59,106,51,,,0.143258427,0.025280899,0.924157303,0.073033708,13.14814815,0.104333868,0.099883019,0.03865271,0.924174179,0.000240096,0.583670945
Uttarakhand,Pithoragarh,Criminal,1616,733,190,42,0,0,0,2581,2426,132,23,0,1215,138,1176,48,359,187,26,217,363,,,0.140588691,0.01626646,0.927188226,0.072424477,13.7287234,0.103463539,0.098021619,0.02487027,0.927205157,0.000250698,0.586714379
Uttarakhand,Pithoragarh,Total,1860,804,221,50,1,0,0,2936,2726,167,23,20,1229,159,1410,134,394,213,85,323,414,,,0.140960163,0.017364658,0.927136534,0.072522983,13.71962617,0.103604261,0.098280618,0.026549336,0.927153464,0.000250532,0.586271811
Uttarakhand,Rudraprayag,Civil,126,14,3,0,1,0,0,144,132,5,0,7,0,5,90,49,4,3,22,43,2,,,0.013793103,0.006896552,0.972413793,0.020689655,36,0.02955665,0.009616864,0.010544341,0.97243155,0.00065739,0.58654708
Uttarakhand,Rudraprayag,Criminal,418,37,17,2,2,0,0,476,466,9,1,0,210,68,169,29,100,67,9,55,32,,,0.067085954,0.008385744,0.857442348,0.140461216,7,0.20065888,0.046773846,0.012821211,0.857458006,0.000127826,0.636628674
Uttarakhand,Rudraprayag,Total,544,51,20,2,3,0,0,620,598,14,1,7,210,73,259,78,104,70,31,98,34,,,0.054750403,0.00805153,0.885668277,0.112721417,8.732394366,0.161030596,0.03817322,0.012310221,0.88568445,0.000159461,0.624675819
Kerala,Kasaragod,Civil,4829,1917,469,396,84,10,3,7708,5179,245,192,2092,1163,3357,1372,906,460,337,1582,1598,290,,,0.037618368,0.063951226,0.956155143,0.043715138,22.80473373,0.062450197,0.026228378,0.097776911,0.956172604,0.000416434,0.57090303
Kerala,Kasaragod,Criminal,9163,4635,2140,1677,69,8,1,17693,16695,419,579,0,8952,2639,3934,1640,1398,1515,323,1034,2363,,,0.133548095,0.099186165,0.914321239,0.085622245,11.67084433,0.122317493,0.093112756,0.151648647,0.914337935,0.000213119,0.562723208
Kerala,Kasaragod,Total,13992,6552,2609,2073,153,18,4,25401,21874,664,771,2092,10115,5996,5306,2546,1858,1852,1905,2632,2653,,,0.104440595,0.088496969,0.927052988,0.072907645,13.70804101,0.104153779,0.072818348,0.13530562,0.927069917,0.00025032,0.565198427
Kerala,Ernakulam,Civil,29465,15540,8423,4236,927,81,17,58689,45509,1946,1934,9300,14806,19047,9125,6598,1887,3467,11947,13581,515,,,0.008774919,0.089640484,0.940909865,0.059073096,16.92301038,0.084390137,0.006118072,0.137053974,0.940927047,0.000309028,0.573573747
Kerala,Ernakulam,Criminal,105585,47033,42550,55376,1156,49,1,251750,240659,1386,2325,0,183968,12202,14761,4423,7120,15100,2671,4174,17579,,,0.069826932,0.224753824,0.940016127,0.059979901,16.67108139,0.085685573,0.048684918,0.343632737,0.940033293,0.000304428,0.512206607
Kerala,Ernakulam,Total,135050,62573,50973,59612,2083,130,18,310439,286168,3332,4259,9300,198774,31249,23886,11021,9007,18567,14618,17755,18094,,,0.058285015,0.199210798,0.94018812,0.059808659,16.71903274,0.085440941,0.040637632,0.304579251,0.940205289,0.000305304,0.523807389
Kerala,Kannur,Civil,16348,9170,3767,2075,494,40,10,31904,22536,1455,472,5550,5008,11157,4875,4518,1175,1706,6724,9153,5230,,,0.16392415,0.082087447,0.946497414,0.053471243,18.69009959,0.07638749,0.114291629,0.125505914,0.946514698,0.000341297,0.547997226
Kerala,Kannur,Criminal,20465,10446,5182,3809,150,4,0,40056,34046,910,2758,0,15378,7340,6215,3108,3428,3815,1157,3567,8202,,,0.20475822,0.098934019,0.904735752,0.095239284,10.49685535,0.13605612,0.142762067,0.151263133,0.904752273,0.000191681,0.555902904
Kerala,Kannur,Total,36813,19616,8949,5884,644,44,10,71960,56582,2365,3230,5550,20386,18497,11090,7626,4603,5521,7881,12720,13432,,,0.186656661,0.091466211,0.92326399,0.076722113,13.03151032,0.109603019,0.130141251,0.139845382,0.92328085,0.000237966,0.552396218
Kerala,Thrissur,Civil,35950,23287,14586,12174,1137,51,10,87195,55934,2686,2107,26377,21979,30450,10861,9887,2844,3681,13587,14686,5000,,,0.05734208,0.153355659,0.957773292,0.042215239,23.68142314,0.060307485,0.039980197,0.23446998,0.957790782,0.000432443,0.532626421
Kerala,Thrissur,Criminal,42550,26449,18297,19442,1011,10,1,107760,96045,2155,9560,0,38604,15096,10362,2861,5753,7632,3685,6021,4839,,,0.044904928,0.189901727,0.929167324,0.070823396,14.11764706,0.10117628,0.031308733,0.290346339,0.929184291,0.0002578,0.535150808
Kerala,Thrissur,Total,78500,49736,32883,31616,2148,61,11,194955,151979,4841,11667,26377,60583,45546,21223,12748,8597,11313,17272,20707,9839,,,0.050467798,0.17355711,0.941966392,0.058028478,17.23130635,0.082897826,0.035187291,0.265356574,0.941983594,0.000314658,0.534022335
Kerala,Kozhikode,Civil,19873,9257,2178,1245,262,26,15,32856,24837,1103,610,5538,7198,12839,3654,5967,1675,1771,6933,8711,2915,,,0.088717777,0.047113248,0.946069331,0.053900234,18.54176072,0.077000335,0.061856043,0.072032832,0.946086607,0.000338588,0.574033641
Kerala,Kozhikode,Criminal,29899,16239,7059,3730,123,17,0,57067,49640,562,2255,0,31603,6982,9923,2992,3778,5436,1515,4152,4735,,,0.082971192,0.067813836,0.904727693,0.095254784,10.49604561,0.136078263,0.057849394,0.10368257,0.904744214,0.000191667,0.587951057
Kerala,Kozhikode,Total,49772,25496,9237,4975,385,43,15,89923,74477,1665,2865,5538,38801,19821,13577,8959,5453,7207,8448,12863,7650,,,0.085071838,0.060250879,0.919843423,0.080145456,12.47544395,0.114493509,0.059314012,0.092119341,0.91986022,0.000227812,0.582865049
Kerala,Alappuzha,Civil,16911,10835,6588,2682,450,39,9,37514,28499,1116,1741,6156,11156,12424,5184,4315,1259,1740,8913,10033,9294,,,0.247740904,0.084766094,0.953591897,0.046381447,21.54738656,0.066259211,0.172730568,0.129601375,0.95360931,0.000393473,0.529534054
Kerala,Alappuzha,Criminal,24682,12578,7749,4923,111,13,2,50058,48542,463,1053,0,32228,4639,9190,3086,4040,6991,1301,2887,12950,,,0.25869474,0.100860984,0.860324817,0.139655207,7.159324943,0.199507438,0.180367831,0.154209327,0.860340527,0.000130735,0.568685062
Kerala,Alappuzha,Total,41593,23413,14337,7605,561,52,11,87572,77041,1579,2794,6156,43384,17063,14374,7401,5299,8731,10214,12920,22244,,,0.25400523,0.093967319,0.900288902,0.099699679,10.02885937,0.142428113,0.177098198,0.143669399,0.900305342,0.000183135,0.551916206
Kerala,Idukki,Civil,6907,2939,1467,625,176,19,0,12133,8988,469,442,1775,1691,3501,2190,2375,584,700,2481,2901,2352,,,0.193835504,0.067578704,0.942228449,0.057689138,17.30813124,0.082413054,0.135146502,0.10332307,0.942245655,0.000316061,0.550752959
Kerala,Idukki,Criminal,24161,13081,8174,4284,106,23,0,49829,47639,348,1472,0,28174,7678,4133,3419,2552,6269,556,1367,7897,,,0.158478828,0.088561108,0.874172185,0.125807746,7.947208931,0.179725352,0.110495027,0.135403684,0.874188149,0.000145123,0.582962218
Kerala,Idukki,Total,31068,16020,9641,4909,282,42,0,61962,56627,817,1914,1775,29865,11179,6323,5794,3136,6969,3037,4268,10249,,,0.165405161,0.084453626,0.887513516,0.112470345,8.889813486,0.160671922,0.115324224,0.129123634,0.887529723,0.000162335,0.57665274
Kerala,Palakkad,Civil,16667,11047,4959,2535,606,48,32,35894,26577,1301,914,6980,7466,10935,4481,6479,1073,1084,7658,9878,569,,,0.01585179,0.089733946,0.969772949,0.030199192,33.08202765,0.043141703,0.011052227,0.137196871,0.969790658,0.000604106,0.557763041
Kerala,Palakkad,Criminal,25652,13456,8569,6540,589,15,1,54822,49193,584,4768,0,26685,5151,3442,3138,3588,4197,1297,3958,1639,,,0.029896211,0.130328512,0.923426299,0.07655546,13.05907575,0.109364943,0.020844316,0.199263097,0.923443162,0.00023847,0.563339286
Kerala,Palakkad,Total,42319,24503,13528,9075,1195,63,33,90716,75770,1885,5682,6980,34151,16086,7923,9617,4661,5281,8955,13836,2208,,,0.024339429,0.114267447,0.941774971,0.058214006,17.17455509,0.083162866,0.016970001,0.174706863,0.941792168,0.000313622,0.561136634
Kerala,Thiruvananthapuram,Civil,34154,24290,15047,10796,2098,164,23,86572,63416,2460,3479,13798,21013,23341,13919,12242,2327,3007,13784,24855,15419,,,0.178104028,0.151097917,0.965254756,0.034733693,28.78058511,0.049619561,0.124178161,0.231018053,0.965272382,0.000525558,0.509747249
Kerala,Thiruvananthapuram,Criminal,68807,54929,69126,95997,6235,38,7,295139,278575,745,13814,0,127894,37549,12742,4557,6854,17670,12470,9204,11429,,,0.038723995,0.346537237,0.94012672,0.059869892,16.70188444,0.085528418,0.026999246,0.52983098,0.940143887,0.00030499,0.470661655
Kerala,Thiruvananthapuram,Total,102961,79219,84173,106793,8333,202,30,381711,341991,3205,17293,13798,148907,60890,26661,16799,9181,20677,26254,34059,26848,,,0.070335751,0.302212139,0.945828268,0.054169112,18.459764,0.077384445,0.049039678,0.462061034,0.94584554,0.000337091,0.479527122
Kerala,Kottayam,Civil,15524,9283,3904,1327,258,5,4,30305,22993,979,617,5716,5744,10107,4056,6871,1103,1211,6338,7709,4022,,,0.132712994,0.052596846,0.960007919,0.039959084,25.00412541,0.057084406,0.092530505,0.080416865,0.96002545,0.000456596,0.557613164
Kerala,Kottayam,Criminal,18718,11120,8910,5138,209,3,2,44100,40597,667,2529,0,28275,6294,4344,1781,3893,6420,1068,2116,11186,,,0.253645042,0.121357792,0.854402395,0.14557493,6.868089083,0.207964186,0.176847067,0.1855475,0.854417997,0.000125417,0.564662026
Kerala,Kottayam,Total,34242,20403,12814,6465,467,8,6,74405,63590,1646,3146,5716,34019,16401,8400,8652,4996,7631,7406,9825,15208,,,0.204392119,0.093352687,0.897427627,0.102558933,9.749082809,0.146512762,0.142506814,0.14272967,0.897444015,0.000178026,0.56179536
Kerala,Malappuram,Civil,15537,7356,2316,1538,216,19,2,26984,19971,784,358,5859,5387,5052,1333,1557,907,1171,4848,7048,3892,,,0.144228275,0.065777284,0.956568464,0.043394478,23.02389078,0.061992112,0.100559219,0.100568825,0.956585932,0.000420436,0.552402566
Kerala,Malappuram,Criminal,32741,16144,8532,7891,250,14,2,65574,58983,295,5479,0,28171,5780,3202,3317,3505,4860,841,4219,4332,,,0.066061761,0.124391918,0.92587114,0.07411361,13.48981691,0.105876586,0.046059756,0.190186464,0.925888047,0.000246335,0.558401158
Kerala,Malappuram,Total,48278,23500,10848,9429,466,33,4,92558,78954,1079,5837,5859,33558,10832,4535,4874,4412,6031,5689,11267,8224,,,0.088851435,0.10730453,0.934830757,0.065158439,15.34449602,0.093083485,0.061949233,0.164061054,0.934847827,0.000280203,0.556651221
Kerala,Pathanamthitta,Civil,9163,5893,3517,2110,464,32,4,21183,17860,509,665,2132,4933,6661,3600,3334,563,870,5556,6363,4967,,,0.234469411,0.123206193,0.958884063,0.041068731,24.32032147,0.058669616,0.163477383,0.188373575,0.958901573,0.000444109,0.514326211
Kerala,Pathanamthitta,Criminal,16352,14180,13932,22912,2009,14,1,69400,67193,352,1855,0,25906,7467,2214,1068,1894,8762,1959,3148,24092,,,0.347141972,0.35930318,0.873733808,0.126251783,7.919662216,0.18035969,0.242035244,0.549349207,0.873749763,0.00014462,0.448343235
Kerala,Pathanamthitta,Total,25515,20073,17449,25022,2473,46,5,90583,85053,861,2520,2132,30839,14128,5814,4402,2457,9632,7515,9511,29059,,,0.320796167,0.304093438,0.893656716,0.106332244,9.403404962,0.151903206,0.223666352,0.464937407,0.893673035,0.000171714,0.463774075
Kerala,Lakshadweep,Civil,0,0,0,0,0,0,0,0,0,0,0,0,0,0,0,0,0,0,0,0,0,,,0,0,0,0,0,0,0,0,0,0,0.802794471
Kerala,Lakshadweep,Criminal,0,0,0,0,0,0,0,0,0,0,0,0,0,0,0,0,0,0,0,0,0,,,0,0,0,0,0,0,0,0,0,0,0.802794471
Kerala,Lakshadweep,Total,0,0,0,0,0,0,0,0,0,0,0,0,0,0,0,0,0,0,0,0,0,,,0,0,0,0,0,0,0,0,0,0,0.802794471
Kerala,Kollam,Civil,21144,13813,5892,3962,562,31,8,45412,32047,2935,1600,6398,10069,14367,5918,5665,1456,2847,8341,15583,5494,,,0.120978574,0.100477837,0.93728668,0.0626913,15.94522472,0.089559,0.084349001,0.153623522,0.937303796,0.000291173,0.552711401
Kerala,Kollam,Criminal,41869,34446,29234,44318,1815,4,0,151686,143177,364,7575,0,90314,13643,6831,3221,5104,14247,1743,7069,45443,,,0.299584012,0.304159223,0.906069736,0.093923672,10.64612577,0.134176674,0.208876757,0.465037987,0.906086281,0.000194407,0.460985279
Kerala,Kollam,Total,63013,48259,35126,48280,2377,35,8,197098,175224,3299,9175,6398,100383,28010,12749,8886,6560,17094,10084,22652,50937,,,0.258433579,0.257231138,0.913266937,0.086727989,11.52957005,0.123897128,0.180185743,0.393288257,0.913283614,0.00021054,0.482118458
Kerala,Wayanad,Civil,4469,1005,291,185,44,8,1,6003,4412,226,151,1205,1130,3068,585,1028,371,360,1092,1231,230,,,0.038307795,0.03964024,0.939873418,0.059960027,16.62880886,0.085657181,0.026709062,0.060607129,0.939890581,0.000303656,0.58831935
Kerala,Wayanad,Criminal,10760,4613,2240,2135,122,0,0,19870,17981,228,1661,0,10813,5380,2285,827,1145,1398,272,967,593,,,0.029842484,0.113582608,0.929595894,0.070353782,14.20300214,0.100505403,0.020806856,0.173659792,0.929612869,0.000259359,0.56663349
Kerala,Wayanad,Total,15229,5618,2531,2320,166,8,1,25873,22393,454,1812,1205,11943,8448,2870,1855,1516,1758,1364,2198,823,,,0.031807993,0.096428847,0.932016696,0.067944655,14.70892553,0.097063793,0.022177253,0.147432903,0.932033716,0.000268597,0.571656612
Assam,Kamrup Metro,Civil,10859,7170,3763,3830,511,28,1,26162,20229,616,3890,1427,5380,3062,13958,3535,737,1076,2663,6523,2533,,,0.096816114,0.167029775,0.958834996,0.041126782,24.2915506,0.058752546,0.067502387,0.255376739,0.958852505,0.000443584,0.520322619
Assam,Kamrup Metro,Criminal,42882,44814,7819,10404,1809,80,2,107810,104570,409,2828,0,35328,51333,18019,1190,2139,1200,633,4077,3633,,,0.03369786,0.114042166,0.988860135,0.01113059,89.76686095,0.015900842,0.023494911,0.174362425,0.988878192,0.001639218,0.535777839
Assam,Kamrup Metro,Total,53741,51984,11582,14234,2320,108,3,133972,124799,1025,6718,1427,40708,54395,31977,4725,2876,2276,3296,10600,6166,,,0.046024199,0.124390735,0.983004038,0.016988498,58.83706632,0.024269282,0.032089114,0.190184656,0.983021989,0.001074414,0.532788175
Assam,Tinsukia,Civil,1387,722,309,280,62,4,1,2765,2018,128,464,154,427,511,1546,274,74,68,199,692,54,,,0.019522777,0.125451916,0.97505423,0.024584237,40.07246377,0.035120339,0.013611722,0.191807127,0.975072035,0.000731757,0.54070775
Assam,Tinsukia,Criminal,5791,1677,631,700,99,2,0,8900,8439,164,297,0,3187,1450,3543,282,310,430,182,1044,444,,,0.049882036,0.089989889,0.951578474,0.048309179,20.64965197,0.069013112,0.034778885,0.137588189,0.951595851,0.00037708,0.561226106
Assam,Tinsukia,Total,7178,2399,940,980,161,6,1,11665,10457,292,761,154,3614,1961,5089,556,384,498,381,1736,498,,,0.042688154,0.098405623,0.957226127,0.042688154,23.37675351,0.060983077,0.029763147,0.150455253,0.957243607,0.000426879,0.556343673
Assam,Sivasagar,Civil,748,456,142,137,33,2,0,1518,1003,146,196,173,270,191,968,89,44,38,268,440,35,,,0.023041475,0.11323239,0.974325214,0.025016458,38.92307692,0.035737797,0.016065038,0.173124333,0.974343006,0.000710768,0.545091403
Assam,Sivasagar,Criminal,1173,830,222,126,16,0,0,2367,1993,113,261,0,548,127,1496,94,84,79,79,321,238,,,0.100506757,0.059966216,0.966216216,0.033361486,29.5875,0.047659266,0.070075587,0.091684113,0.96623386,0.000540293,0.556861491
Assam,Sivasagar,Total,1921,1286,364,263,49,2,0,3885,2996,259,457,173,818,318,2464,183,128,117,347,761,273,,,0.070252187,0.080802882,0.969634586,0.03010808,32.92372881,0.043011543,0.048981416,0.123541905,0.969652292,0.000601215,0.552197929
Assam,Morigaon,Civil,1042,786,326,272,27,0,0,2453,2028,50,277,97,678,191,1404,180,61,36,529,519,377,,,0.153626732,0.121841891,0.984922575,0.014669927,66.2972973,0.020957038,0.107112036,0.186287653,0.984940561,0.001210644,0.514887684
Assam,Morigaon,Criminal,4175,2794,1256,856,25,0,0,9106,8789,48,269,0,3551,850,4277,424,278,168,129,780,1767,,,0.194026573,0.096738772,0.981442846,0.018447348,53.8816568,0.026353355,0.13527972,0.147906756,0.981460768,0.000983924,0.519684806
Assam,Morigaon,Total,5217,3580,1582,1128,52,0,0,11559,10817,98,546,97,4229,1041,5681,604,339,204,658,1299,2144,,,0.185467128,0.102076125,0.982266436,0.017647059,56.38536585,0.025210084,0.129311881,0.156067191,0.982284373,0.001029644,0.518642194
Assam,Lakhimpur,Civil,478,216,86,58,4,0,0,842,626,45,72,98,156,179,435,72,18,24,171,307,118,,,0.139976275,0.073546856,0.970344009,0.028469751,33.68,0.040671073,0.097594629,0.112447953,0.970361729,0.000615025,0.542832385
Assam,Lakhimpur,Criminal,4103,2153,777,788,53,0,0,7874,7582,68,224,0,3564,291,2829,230,412,146,119,1279,621,,,0.078857143,0.106793651,0.981333333,0.018539683,53.56462585,0.026485261,0.054980986,0.163279956,0.981351253,0.000978135,0.534918772
Assam,Lakhimpur,Total,4581,2369,863,846,57,0,0,8716,8208,113,296,98,3720,470,3264,302,430,170,290,1586,739,,,0.084776873,0.103590685,0.980383159,0.019502122,50.97076023,0.027860175,0.059108355,0.158382847,0.980401062,0.000930769,0.535654487
Assam,Sonitpur,Civil,1702,771,311,323,54,2,0,3163,2765,73,24,301,547,572,1523,507,116,95,583,725,346,,,0.109355247,0.119785082,0.96965866,0.030025284,32.94791667,0.042893264,0.076244954,0.183142938,0.969676367,0.000601657,0.530781258
Assam,Sonitpur,Criminal,4771,2620,1261,1317,181,1,0,10151,9997,61,93,0,5059,741,4003,287,549,236,101,692,1268,,,0.124901497,0.147655634,0.976654846,0.023246651,42.83122363,0.033209501,0.087084152,0.225755045,0.976672681,0.000782134,0.514052581
Assam,Sonitpur,Total,6473,3391,1572,1640,235,3,0,13314,12762,134,117,301,5606,1313,5526,794,665,331,684,1417,1614,,,0.121216673,0.141043935,0.975065715,0.024859181,40.10240964,0.035513116,0.084515009,0.215646224,0.975083521,0.000732304,0.518006721
Assam,Dibrugarh,Civil,1615,1077,343,609,91,1,0,3736,2322,246,627,527,851,738,1818,324,147,122,583,640,689,,,0.184372491,0.187583623,0.967085898,0.032646508,30.37398374,0.046637868,0.128548676,0.286802122,0.967103558,0.000554654,0.49374193
Assam,Dibrugarh,Criminal,5290,2872,1029,1102,204,4,0,10501,10022,80,385,0,5358,473,4176,387,748,194,128,526,2039,,,0.194153495,0.124738145,0.981432108,0.018472672,53.85128205,0.026389531,0.135368213,0.190715821,0.98145003,0.00098337,0.508952819
Assam,Dibrugarh,Total,6905,3949,1372,1711,295,5,0,14237,12344,326,1012,527,6209,1211,5994,711,895,316,711,1166,2728,,,0.191599944,0.141241747,0.977735637,0.022194128,44.91167192,0.031705898,0.133587819,0.215948665,0.977753491,0.000820125,0.504944508
Assam,Darrang,Civil,1276,952,430,491,111,1,0,3261,2734,99,323,103,760,1026,1152,298,51,18,564,299,1,,,0.00030656,0.184855917,0.994175353,0.005518087,171.6315789,0.007882982,0.000213741,0.282631651,0.994193507,0.003134136,0.511276932
Assam,Darrang,Criminal,9200,3462,1142,1020,188,0,0,15012,13917,137,958,0,4289,2857,4585,597,228,94,127,1108,906,,,0.060347699,0.080463598,0.993672151,0.00626124,158.0210526,0.008944629,0.042075782,0.123023163,0.993690296,0.002885597,0.541669605
Assam,Darrang,Total,10476,4414,1572,1511,299,1,0,18273,16651,236,1281,103,5049,3883,5737,895,279,112,691,1407,907,,,0.049633359,0.09910255,0.993816351,0.006128926,161.7079646,0.008755609,0.034605502,0.151520806,0.993834499,0.002952923,0.536227972
Assam,Bongaigaon,Civil,1675,1160,321,272,30,3,0,3461,2815,105,418,123,684,353,1840,559,76,36,715,887,2,,,0.000577701,0.088099365,0.989312536,0.010398614,93.54054054,0.014855162,0.000402786,0.134697711,0.989330602,0.001708129,0.550870862
Assam,Bongaigaon,Criminal,4473,3407,943,433,6,0,0,9262,8445,203,614,0,5385,894,2570,383,277,69,76,743,4,,,0.000431826,0.047392853,0.992443053,0.007448991,132.3142857,0.010641415,0.000301079,0.072460328,0.992461176,0.00241617,0.564885881
Assam,Bongaigaon,Total,6148,4567,1264,705,36,3,0,12723,11260,308,1032,123,6069,1247,4410,942,353,105,791,1630,6,,,0.00047155,0.058472179,0.991669286,0.008252122,120.0283019,0.011788746,0.000328775,0.089399835,0.991687395,0.002191817,0.561056854
Assam,Nagaon,Civil,2211,1730,507,577,103,3,1,5132,3976,182,626,340,1164,1077,2314,528,125,106,1066,1152,150,,,0.029222677,0.133255406,0.979154491,0.020650692,47.96261682,0.029500988,0.020374712,0.203738112,0.979172371,0.000875838,0.534080058
Assam,Nagaon,Criminal,7449,5920,2728,3583,443,5,0,20128,17694,163,2271,0,9698,1279,7672,764,656,327,260,3026,1748,,,0.086839883,0.200258334,0.983705102,0.016245218,61.36585366,0.023207455,0.060546733,0.30618086,0.983723065,0.001120592,0.496624114
Assam,Nagaon,Total,9660,7650,3235,4160,546,8,1,25260,21670,345,2897,340,10862,2356,9986,1292,781,433,1326,4178,1898,,,0.075135584,0.18665136,0.982819366,0.017141047,58.20276498,0.024487211,0.052386231,0.285376757,0.982837313,0.001062831,0.504223733
Assam,Jorhat,Civil,1096,639,218,225,29,0,1,2208,1554,67,378,209,223,559,1231,162,73,56,436,524,12,,,0.005432322,0.115436849,0.974196469,0.025350837,38.73684211,0.036215482,0.003787538,0.176494796,0.974214259,0.000707367,0.547280684
Assam,Jorhat,Criminal,8112,2084,1092,436,18,0,0,11742,11357,66,319,0,7733,645,3183,174,466,109,76,146,676,,,0.05756621,0.03866133,0.990632717,0.009282126,106.7454545,0.013260179,0.040136465,0.059110446,0.990650807,0.001949261,0.55975066
Assam,Jorhat,Total,9208,2723,1310,661,47,0,1,13950,12911,133,697,209,7956,1204,4414,336,539,165,512,670,688,,,0.049315461,0.05082073,0.988101211,0.011827109,84.03614458,0.01689587,0.034383856,0.077701309,0.988119255,0.00153457,0.557778837
Assam,Karimganj,Civil,1842,1368,486,556,175,18,7,4452,3179,218,917,138,1068,749,2232,279,97,44,1220,741,617,,,0.138558275,0.169773187,0.989894453,0.009880979,98.93333333,0.014115684,0.096605967,0.259571222,0.989912529,0.001806606,0.496511596
Assam,Karimganj,Criminal,6264,3573,1123,1038,82,1,1,12082,11094,222,766,0,4129,1028,4261,473,578,133,186,1291,1253,,,0.103699412,0.092857734,0.988910039,0.0110072,90.1641791,0.015724572,0.072301578,0.141972922,0.988928097,0.001646473,0.532274082
Assam,Karimganj,Total,8106,4941,1609,1594,257,19,8,16534,14273,440,1683,138,5197,1777,6493,752,675,177,1406,2032,1870,,,0.113093438,0.11357726,0.989234956,0.010704566,92.88764045,0.015292237,0.078851306,0.173651616,0.98925302,0.001696206,0.522626015
Assam,Cachar,Civil,3086,2475,1209,1241,379,33,8,8431,6676,198,685,872,1771,1312,4137,906,120,104,1308,2086,1381,,,0.163780835,0.196987666,0.987547438,0.012333966,80.2952381,0.017619951,0.114191707,0.30118024,0.987565472,0.001466258,0.483169643
Assam,Cachar,Criminal,5792,4897,3540,3856,1100,4,0,19189,17160,297,1542,190,8371,1563,6795,470,321,164,440,2612,4894,,,0.255028661,0.258467952,0.991401772,0.008546118,116.2969697,0.01220874,0.177811757,0.395179259,0.991419876,0.00212368,0.442561907
Assam,Cachar,Total,8878,7372,4749,5097,1479,37,8,27620,23836,495,2227,1062,10142,2875,10932,1376,441,268,1748,4698,6275,,,0.227182216,0.239708917,0.990261033,0.009702762,102.6765799,0.013861089,0.158396586,0.366498018,0.990279116,0.00187496,0.45494982
Assam,Nalbari,Civil,1124,621,280,221,16,0,0,2262,1809,80,265,108,448,186,1328,289,46,14,562,288,84,,,0.037118869,0.104728237,0.993371631,0.006186478,150.8,0.008837826,0.025880116,0.160122084,0.99338977,0.002753734,0.536275953
Assam,Nalbari,Criminal,3974,2722,1341,576,15,0,0,8628,8118,86,424,0,4383,722,3324,189,401,96,66,624,654,,,0.075790938,0.068489976,0.988758836,0.011125275,88.94845361,0.01589325,0.052843158,0.10471634,0.988776892,0.001624273,0.546285387
Assam,Nalbari,Total,5098,3343,1621,797,31,0,0,10890,9927,166,689,108,4831,908,4652,478,447,110,628,912,738,,,0.067762373,0.076026077,0.989808098,0.010100083,98.10810811,0.014428689,0.047245461,0.116238506,0.989826173,0.001791536,0.544188234
Assam,Dhubri,Civil,2120,1490,614,871,114,7,0,5216,3901,62,1078,175,1077,531,3047,514,90,25,1183,756,142,,,0.027218708,0.190147594,0.995016293,0.004792026,200.6153846,0.006845752,0.0189775,0.290722253,0.995034463,0.003663405,0.504362296
Assam,Dhubri,Criminal,9574,8160,3244,2676,135,3,0,23792,23242,77,473,0,10991,2369,7046,588,333,73,83,1782,1176,,,0.049426302,0.118270079,0.996889842,0.003068129,321.5135135,0.004383042,0.034461137,0.180826605,0.996908046,0.005871106,0.527105993
Assam,Dhubri,Total,11694,9650,3858,3547,249,10,0,29008,27143,139,1551,175,12068,2900,10093,1102,423,98,1266,2538,1318,,,0.045434176,0.131200662,0.996587266,0.003378262,293.010101,0.004826088,0.031677736,0.200596553,0.996605465,0.00535061,0.523017634
Assam,Dhemaji,Civil,197,151,50,30,0,0,0,428,347,24,23,27,65,47,254,62,3,4,53,176,1,,,0.002331002,0.06993007,0.988344988,0.009324009,85.6,0.013320013,0.001625228,0.106918142,0.988363036,0.001563128,0.55746452
Assam,Dhemaji,Criminal,824,606,239,259,5,0,0,1933,1643,178,112,0,494,60,1265,84,21,18,26,81,43,,,0.022233713,0.136504654,0.990175801,0.009307135,101.7368421,0.013295908,0.015501848,0.208705982,0.990193883,0.0018578,0.528244241
Assam,Dhemaji,Total,1021,757,289,289,5,0,0,2361,1990,202,135,27,559,107,1519,146,24,22,79,257,44,,,0.018628281,0.124470787,0.990262489,0.009314141,102.6521739,0.013305915,0.012988059,0.19030705,0.990280572,0.001874515,0.533428764
Assam,Goalpara,Civil,1655,1145,313,245,36,0,0,3394,2867,34,372,121,805,219,1993,351,64,39,559,918,170,,,0.050073638,0.082768778,0.988217968,0.011487482,84.85,0.016410688,0.034912474,0.12654762,0.988236013,0.001549432,0.545297935
Assam,Goalpara,Criminal,5650,2186,1030,1096,137,0,0,10099,9005,86,1008,0,2971,2609,4079,414,272,74,107,1291,1626,,,0.160990099,0.122079208,0.992574257,0.007326733,134.6533333,0.010466761,0.112245942,0.186650494,0.992592383,0.002458883,0.509687989
Assam,Goalpara,Total,7305,3331,1343,1341,173,0,0,13493,11872,120,1380,121,3776,2828,6072,765,336,113,666,2209,1796,,,0.133096191,0.112198014,0.991551801,0.008374092,118.3596491,0.011962989,0.092797678,0.171542846,0.991569907,0.002161346,0.518631837
Assam,Golaghat,Civil,661,476,245,349,64,0,0,1795,1483,32,140,140,419,247,990,134,43,24,160,633,134,,,0.074610245,0.229955457,0.986080178,0.013363029,71.8,0.019090041,0.052019952,0.351585665,0.986098185,0.001311128,0.48591477
Assam,Golaghat,Criminal,2188,1751,999,355,27,0,0,5320,4892,192,236,0,1807,526,2800,129,181,139,82,438,378,,,0.071039278,0.071791017,0.973689156,0.026122909,38,0.037318442,0.049530193,0.109763398,0.973706937,0.000693912,0.553481933
Assam,Golaghat,Total,2849,2227,1244,704,91,0,0,7115,6375,224,376,140,2226,773,3790,263,224,163,242,1071,512,,,0.071950534,0.111720067,0.976953345,0.022906127,43.38414634,0.032723039,0.050165542,0.170812099,0.976971185,0.000792231,0.53639899
Assam,Barpeta,Civil,2263,1752,452,619,124,1,0,5211,4150,154,421,486,938,526,3225,512,80,48,978,714,18,,,0.003453569,0.142747506,0.990598619,0.009209517,106.3469388,0.013156452,0.002407906,0.218250863,0.990616708,0.001941984,0.528827884
Assam,Barpeta,Criminal,7044,2584,1354,976,262,0,0,12220,11045,44,1131,0,4764,1100,4816,541,346,218,104,1837,73,,,0.005973325,0.101301039,0.982080026,0.017838147,55.79908676,0.025483068,0.004164737,0.15488214,0.98209796,0.001018938,0.548698473
Assam,Barpeta,Total,9307,4336,1806,1595,386,1,0,17431,15195,198,1552,486,5702,1626,8041,1053,426,266,1082,2551,91,,,0.005220285,0.113698944,0.984683341,0.015259293,65.28464419,0.02179899,0.003639701,0.173837663,0.984701322,0.001192152,0.542752251
Assam,Hailakandi,Civil,1395,727,381,361,45,3,1,2913,2321,79,243,269,448,510,1689,266,61,50,575,544,603,,,0.206932052,0.140700069,0.982498284,0.017158545,57.11764706,0.024512207,0.144277712,0.215120476,0.982516225,0.001043016,0.500115688
Assam,Hailakandi,Criminal,2989,2251,4161,2068,59,0,0,11528,10653,95,780,0,3577,1594,3128,271,137,173,115,236,3892,,,0.337583485,0.184491283,0.984907624,0.015005638,66.25287356,0.021436626,0.23537085,0.282074152,0.984925609,0.001209833,0.460597423
Assam,Hailakandi,Total,4384,2978,4542,2429,104,3,1,14441,12974,174,1023,269,4025,2104,4817,537,198,223,690,780,4495,,,0.31124498,0.17566819,0.984489683,0.015441075,64.46875,0.022058678,0.217007048,0.268584266,0.98450766,0.001177253,0.46854734
Assam,Kokrajhar,Civil,775,381,84,59,9,0,0,1308,1043,28,180,57,182,174,678,272,32,29,288,282,117,,,0.089381207,0.051948052,0.977081742,0.022154316,43.6,0.031649023,0.062318601,0.079424906,0.977099584,0.000796173,0.556163498
Assam,Kokrajhar,Criminal,2128,656,321,251,25,0,0,3381,3114,73,194,0,1168,287,1681,171,167,98,36,313,139,,,0.041099941,0.081608516,0.97072738,0.028976937,34.15151515,0.041395624,0.028655809,0.124773661,0.970745107,0.000623635,0.556142447
Assam,Kokrajhar,Total,2903,1037,405,310,34,0,0,4689,4157,101,374,57,1350,461,2359,443,199,127,324,595,256,,,0.054584222,0.073347548,0.972707889,0.027078891,36.6328125,0.03868413,0.038057355,0.112143225,0.972725652,0.000668946,0.556096006
Assam,Kamrup,Civil,2021,1467,639,702,11,0,1,4841,3198,153,1229,261,1580,664,2214,353,76,56,1049,688,1574,,,0.325072284,0.147459727,0.988228005,0.011565469,84.92982456,0.016522098,0.226647757,0.225455517,0.988246051,0.00155089,0.475102048
Assam,Kamrup,Criminal,3537,1945,1336,1713,170,1,0,8702,8083,109,510,0,3807,545,3710,285,273,69,100,502,1478,,,0.169826497,0.216477077,0.991956797,0.007928301,124.3142857,0.011326144,0.118406879,0.330978174,0.99197491,0.002270083,0.472408692
Assam,Kamrup,Total,5558,3412,1975,2415,181,1,1,13543,11281,262,1739,261,5387,1209,5924,638,349,125,1149,1190,3052,,,0.225339634,0.191819256,0.990696988,0.009229179,107.484127,0.013184541,0.157111895,0.293278106,0.990715079,0.00196275,0.473351818
Assam,Udalguri,Civil,379,158,63,17,0,0,0,617,542,14,49,12,108,72,317,118,28,11,141,191,76,,,0.122977346,0.027508091,0.980582524,0.017799353,51.41666667,0.025427647,0.08574259,0.042057929,0.980600431,0.000938911,0.557947556
Assam,Udalguri,Criminal,1343,485,90,53,6,0,0,1977,1800,29,148,0,778,156,937,77,74,66,25,85,146,,,0.073811931,0.029828109,0.966127401,0.033367037,29.50746269,0.047667196,0.05146335,0.045605074,0.966145044,0.000538831,0.572834081
Assam,Udalguri,Total,1722,643,153,70,6,0,0,2594,2342,43,197,12,886,228,1254,195,102,77,166,276,222,,,0.085549133,0.029287091,0.969942197,0.029672447,33.25641026,0.04238921,0.059646793,0.044777895,0.969959908,0.00060729,0.569202723
Assam,Chirang,Civil,390,196,41,12,4,0,0,643,522,8,85,28,153,65,303,121,35,12,132,184,99,,,0.153726708,0.02484472,0.979813665,0.01863354,49.46153846,0.026619343,0.107181742,0.037985824,0.979831557,0.000903209,0.554295647
Assam,Chirang,Criminal,1688,580,210,110,2,0,0,2590,2367,25,198,0,1085,66,1041,82,151,68,28,208,480,,,0.185256658,0.043226553,0.973369355,0.026244693,37.53623188,0.037492419,0.129165137,0.06609035,0.97338713,0.000685443,0.545649861
Assam,Chirang,Total,2078,776,251,122,6,0,0,3233,2889,33,283,28,1238,131,1344,203,186,80,160,392,579,,,0.17903525,0.039579468,0.974953618,0.024737168,39.91358025,0.035338811,0.124827431,0.060514214,0.974971421,0.000728855,0.547292035
Assam,Karbi Anglong,Civil,142,38,9,4,2,1,0,196,122,23,31,20,32,29,120,14,12,3,37,53,12,,,0.060913706,0.035532995,0.979695431,0.015228426,49,0.021754895,0.042470415,0.054327442,0.979713322,0.000894781,0.564609361
Assam,Karbi Anglong,Criminal,1292,536,248,271,188,31,1,2567,1964,28,550,0,1196,37,1115,38,113,97,16,91,405,,,0.15771028,0.191199377,0.961838006,0.037772586,26.19387755,0.053960837,0.109959179,0.292330355,0.96185557,0.000478322,0.499386464
Assam,Karbi Anglong,Total,1434,574,257,275,190,32,1,2763,2086,51,581,20,1228,66,1235,52,125,100,53,144,417,,,0.150868307,0.180173661,0.963458755,0.03617945,27.35643564,0.051684929,0.1051888,0.275472814,0.963476349,0.000499551,0.503926153
Assam,Baksa,Civil,236,84,26,19,0,0,0,365,254,23,60,28,54,61,199,33,17,14,65,37,36,,,0.098360656,0.051912568,0.959016393,0.038251366,24.33333333,0.054644809,0.068579276,0.079370654,0.959033906,0.000444347,0.563293606
Assam,Baksa,Criminal,1542,744,354,148,0,0,0,2788,923,27,1837,0,845,104,1673,74,139,69,18,184,562,,,0.201505916,0.053065615,0.974901398,0.02474005,39.82857143,0.035342929,0.140494488,0.08113358,0.974919201,0.000727303,0.538427486
Assam,Baksa,Total,1778,828,380,167,0,0,0,3153,1177,50,1897,28,899,165,1872,107,156,83,83,221,598,,,0.189600507,0.052948637,0.973367153,0.026315789,37.53571429,0.037593985,0.132193767,0.080954729,0.973384927,0.000685434,0.541230062
Assam,Dima Hasao,Civil,34,9,3,1,0,0,0,47,29,10,7,1,9,6,25,4,4,3,7,9,9,,,0.1875,0.020833333,0.916666667,0.0625,11.75,0.089285714,0.130729246,0.031852696,0.916683406,0.000214565,0.576769604
Assam,Dima Hasao,Criminal,268,116,38,71,48,13,0,554,521,16,17,0,111,32,372,27,17,18,11,16,193,,,0.347747748,0.237837838,0.965765766,0.032432432,29.15789474,0.046332046,0.242457604,0.36363727,0.965783401,0.000532448,0.44773738
Assam,Dima Hasao,Total,302,125,41,72,48,13,0,601,550,26,24,1,120,38,397,31,21,21,18,25,202,,,0.335548173,0.220930233,0.96345515,0.034883721,27.31818182,0.049833887,0.233951784,0.337786735,0.963472743,0.000498853,0.457436709
Assam,Charaideo,Civil,161,76,9,9,2,0,0,257,190,19,37,11,53,25,154,25,11,6,42,65,19,,,0.073643411,0.042635659,0.972868217,0.023255814,36.71428571,0.033222591,0.051345854,0.065186914,0.972885982,0.000670434,0.563592496
Assam,Charaideo,Criminal,644,610,0,0,0,0,0,1254,1230,15,9,0,503,65,578,97,29,22,6,67,10,,,0.007968127,0,0.981673307,0.01752988,54.52173913,0.025042686,0.005555559,0,0.981691233,0.000995613,0.587161761
Assam,Charaideo,Total,805,686,9,9,2,0,0,1511,1420,34,46,11,556,90,732,122,40,28,48,132,29,,,0.019179894,0.007275132,0.980820106,0.018518519,52.10344828,0.026455026,0.013372657,0.011123164,0.980838016,0.000951453,0.582996424
Assam,Hojai,Civil,746,741,6,11,2,0,0,1506,1062,51,325,68,414,444,475,135,14,15,337,239,267,,,0.177173192,0.00862641,0.98938288,0.00995355,94.125,0.014219357,0.123529161,0.013189172,0.989400947,0.001718801,0.551973847
Assam,Hojai,Criminal,6221,4407,57,77,11,0,0,10773,7559,35,3178,0,5293,479,2313,462,128,30,242,2114,1430,,,0.132726935,0.008167811,0.997122703,0.002784481,347.516129,0.00397783,0.092540225,0.012488007,0.997140911,0.006345936,0.555320859
Assam,Hojai,Total,6967,5148,63,88,13,0,0,12279,8621,86,3503,68,5707,923,2788,597,142,45,579,2353,1697,,,0.138192182,0.008224756,0.996254072,0.003664495,266.9347826,0.005234993,0.096350719,0.012575071,0.996272264,0.004874453,0.554973226
Assam,South Salmara,Civil,433,443,129,79,0,0,0,1084,548,23,487,26,268,68,560,116,23,8,316,213,399,,,0.367741935,0.07281106,0.991705069,0.007373272,120.4444444,0.010533246,0.256398004,0.111322972,0.991723178,0.002199416,0.494615451
Assam,South Salmara,Criminal,2907,957,264,267,61,0,0,4456,3937,9,510,0,1868,566,1520,217,170,92,19,681,432,,,0.096926184,0.073592102,0.979133947,0.020641687,47.91397849,0.029488125,0.06757913,0.112517131,0.979151826,0.000874949,0.545737835
Assam,South Salmara,Total,3340,1400,393,346,61,0,0,5540,4485,32,997,26,2136,634,2080,333,193,100,335,894,831,,,0.149972929,0.073452445,0.981772243,0.018047284,54.85148515,0.025781834,0.104564522,0.112303606,0.981790171,0.001001634,0.535693246
Assam,Bajali,Civil,388,208,82,77,8,0,0,763,553,23,163,24,100,71,520,70,22,21,132,61,76,,,0.09947644,0.111256545,0.971204188,0.027486911,34.68181818,0.039267016,0.069357226,0.170103405,0.971221923,0.000633319,0.534616214
Assam,Bajali,Criminal,990,480,192,207,10,0,0,1879,1752,37,90,0,604,113,989,101,58,39,22,113,170,,,0.090425532,0.115425532,0.978723404,0.020744681,46.975,0.029635258,0.063046728,0.176477493,0.978741277,0.000857803,0.530916906
Assam,Bajali,Total,1378,688,274,284,18,0,0,2642,2305,60,253,24,704,184,1509,171,80,60,154,174,246,,,0.09307605,0.114264094,0.976920166,0.022701476,43.31147541,0.032430679,0.06489473,0.174701736,0.976938006,0.000790904,0.531883596
Assam,Biswanath,Civil,323,258,145,131,29,0,0,886,424,13,430,19,316,66,386,106,39,7,121,314,5,,,0.005636979,0.180383315,0.990980834,0.00789177,110.75,0.011273957,0.003930229,0.275793359,0.99099893,0.002022388,0.513592821
Assam,Biswanath,Criminal,1801,740,348,302,32,0,0,3223,3027,68,128,0,1094,164,1754,157,105,57,39,254,34,,,0.010545906,0.103598015,0.982009926,0.017679901,55.56896552,0.025257001,0.007352844,0.158394054,0.982027858,0.001014736,0.547034784
Assam,Biswanath,Total,2124,998,493,433,61,0,0,4109,3451,81,558,19,1410,230,2140,263,144,64,160,568,39,,,0.009489051,0.120194647,0.984184915,0.015571776,63.21538462,0.022245395,0.006615981,0.183769134,0.984202887,0.001154366,0.539762466
Assam,Majuli,Civil,65,7,0,0,0,0,0,72,53,0,14,3,4,28,28,11,5,1,20,16,0,,,0,0,0.97260274,0.01369863,36,0.019569472,0,0,0.9726205,0.00065739,0.589455412
Assam,Majuli,Criminal,470,60,45,5,0,0,0,580,549,1,30,0,87,327,150,15,15,15,4,28,1,,,0.00172117,0.008605852,0.972461274,0.025817556,36.25,0.036882223,0.001200039,0.01315774,0.972479032,0.000661955,0.589321237
Assam,Majuli,Total,535,67,45,5,0,0,0,652,602,1,44,3,91,355,178,26,20,16,24,44,1,,,0.001531394,0.007656968,0.973966309,0.024502297,38.35294118,0.035003282,0.001067722,0.011706963,0.973984095,0.000700357,0.589005835
Assam,West Karbi Anglong,Civil,0,0,0,0,0,0,0,0,0,0,0,0,0,0,0,0,0,0,0,0,0,,,0,0,0,0,0,0,0,0,0,0,0.802794471
Assam,West Karbi Anglong,Criminal,0,0,0,0,0,0,0,0,0,0,0,0,0,0,0,0,0,0,0,0,0,,,0,0,0,0,0,0,0,0,0,0,0.802794471
Assam,West Karbi Anglong,Total,0,0,0,0,0,0,0,0,0,0,0,0,0,0,0,0,0,0,0,0,0,,,0,0,0,0,0,0,0,0,0,0,0.802794471
Andhra Pradesh,Ananthapur,Civil,15224,12510,6460,5732,744,19,4,40693,32977,725,51,6939,8761,7264,12845,10070,630,678,8494,7935,4185,,,0.102840714,0.159704133,0.983314494,0.016660933,59.93078056,0.023801333,0.071702874,0.24417635,0.98333245,0.001094386,0.509714231
Andhra Pradesh,Ananthapur,Criminal,13894,15471,4568,3540,71,8,11,37563,36516,194,853,0,20890,2599,13282,539,913,982,489,1198,1824,,,0.048557129,0.096635076,0.973831328,0.026142051,38.21261445,0.037345787,0.03385513,0.147748212,0.973849111,0.000697794,0.547658153
Uttar Pradesh,Mahoba,Civil,2086,1717,783,648,99,5,1,5339,4899,297,0,143,82,118,2608,2531,0,0,1402,513,2327,,,0.43576779,0.141011236,0.999812734,0,5339,0,0.303827171,0.215596229,0.999830992,0.097494613,0.444597495
Andhra Pradesh,Ananthapur,Total,29118,27981,11028,9272,815,27,15,78256,69493,919,904,6939,29651,9863,26127,10609,1543,1660,8983,9133,6009,,,0.076785463,0.129432511,0.978775062,0.02121216,47.11378688,0.030303086,0.053536564,0.197893175,0.978792935,0.000860337,0.527927903
Andhra Pradesh,Chittoor,Civil,16033,14822,7465,7435,1125,45,0,46925,36231,2661,2,8031,9334,10188,14535,11788,710,817,11064,11092,1672,,,0.035630567,0.183373823,0.982568299,0.017410391,57.36552567,0.024871987,0.024842438,0.280365634,0.982586242,0.001047543,0.512140582
Andhra Pradesh,Chittoor,Criminal,14997,14753,5361,2893,174,6,3,38187,36468,661,1058,0,21354,3200,12485,1128,949,1303,1054,2062,911,,,0.023855661,0.080548864,0.965853148,0.034120666,29.2845092,0.048743809,0.016632707,0.123153528,0.965870785,0.00053476,0.561943437
Andhra Pradesh,Chittoor,Total,31030,29575,12826,10328,1299,51,3,85112,72699,3322,1060,8031,30688,13388,27020,12916,1659,2120,12118,13154,2583,,,0.03034789,0.13724108,0.975080188,0.024908063,40.1282414,0.035582948,0.021159236,0.209831926,0.975097993,0.000732775,0.53449022
Andhra Pradesh,East Godavari,Civil,16408,11550,5959,4836,556,33,7,39349,29239,3343,1,6762,7701,9209,14230,6968,739,1232,7105,8558,6590,,,0.16747141,0.138043202,0.96866582,0.031308767,31.91321979,0.044726811,0.11676486,0.211058314,0.968683508,0.000582762,0.514771191
Andhra Pradesh,East Godavari,Criminal,18891,14626,4956,2798,82,5,60,41418,38324,1473,1621,0,21548,3803,14587,1117,2213,2629,1300,2598,6944,,,0.167652527,0.071102634,0.936502571,0.063473285,15.74828897,0.090676122,0.116891138,0.10871091,0.936519673,0.000287577,0.556641153
Andhra Pradesh,East Godavari,Total,35299,26176,10915,7634,638,38,67,80767,67563,4816,1622,6762,29249,13012,28817,8085,2952,3861,8405,11156,13534,,,0.167566363,0.103716819,0.952184033,0.047803586,20.91325738,0.068290837,0.116831063,0.158575696,0.952201421,0.000381894,0.536243706
Andhra Pradesh,Guntur,Civil,17906,13360,6933,6118,691,20,7,45035,33330,2618,9,6624,10197,8269,15487,7203,763,898,8450,9502,16,,,0.000355271,0.151789679,0.980038192,0.019939604,50.0945495,0.028485148,0.000247703,0.232075708,0.980056088,0.000914768,0.531352938
Andhra Pradesh,Guntur,Criminal,18795,17745,8365,3751,95,51,13,48815,43057,2104,1985,0,22189,3190,16725,920,1403,1550,1957,2763,4,,,8.19E-05,0.08009669,0.96822763,0.031751885,31.47324307,0.045359835,5.71E-05,0.122462186,0.968245311,0.000574728,0.564844272
Andhra Pradesh,Guntur,Total,36701,31105,15298,9869,786,71,20,93850,76387,4722,1994,6624,32386,11459,32212,8123,2166,2448,10407,12265,20,,,0.000213104,0.114500645,0.973905446,0.026083899,38.32176399,0.037262713,0.000148581,0.175063405,0.97392323,0.000699788,0.54877386
Andhra Pradesh,Kadapa,Civil,10519,8483,4206,2889,414,2,0,26513,20790,1001,0,4722,5826,5526,8730,5797,419,641,5860,5347,1379,,,0.052010259,0.124651128,0.975786377,0.024175907,41.29750779,0.03453701,0.03626273,0.190582778,0.975804196,0.000754127,0.535364943
Andhra Pradesh,Kadapa,Criminal,8060,7209,3434,1218,44,0,0,19965,19056,422,487,0,12775,2006,4887,290,2117,2317,515,914,2234,,,0.111890213,0.063207453,0.883902634,0.11604728,8.613028473,0.165781829,0.07801239,0.096639735,0.883918775,0.000157281,0.595445793
Andhra Pradesh,Kadapa,Total,18579,15692,7640,4107,458,2,0,46478,39846,1423,487,4722,18601,7532,13617,6087,2536,2958,6375,6261,3613,,,0.07773403,0.098259429,0.93633684,0.063641645,15.70733356,0.090916635,0.054197926,0.150231733,0.936353939,0.000286829,0.561187565
Andhra Pradesh,Kurnool,Civil,15081,11247,6071,5364,456,5,1,38225,28122,1313,0,8790,9068,7166,11451,8802,723,782,7177,5334,1683,,,0.044027625,0.152409355,0.979516559,0.02045728,48.81864623,0.029224686,0.030697057,0.233023148,0.979534446,0.000891469,0.52416284
Andhra Pradesh,Kurnool,Criminal,16117,17724,6862,3057,46,4,1,43811,42544,615,626,0,26221,3168,13586,637,853,1054,732,1552,803,,,0.018328312,0.070939469,0.975919839,0.024057336,41.52701422,0.034367623,0.012778914,0.108461441,0.97593766,0.000758318,0.561433113
Andhra Pradesh,Kurnool,Total,31198,28971,12933,8421,502,9,2,82036,70666,1928,626,8790,35289,10334,25037,9439,1576,1836,7909,6886,2486,,,0.0303034,0.108902081,0.977607665,0.022380146,44.6575939,0.031971636,0.021128216,0.166503596,0.977625517,0.000815485,0.544064147
Andhra Pradesh,Krishna,Civil,17114,13013,6146,4759,645,29,5,41711,30931,2650,392,7738,10576,9216,13834,6452,990,1112,7562,8607,5159,,,0.123681435,0.130370157,0.973317031,0.026658995,37.47619048,0.038084279,0.086233497,0.19932677,0.973334805,0.000684347,0.522588111
Andhra Pradesh,Krishna,Criminal,24088,16993,6634,2595,249,98,4,50661,46432,1314,2198,0,29392,3957,15944,733,3791,3431,4246,2565,3562,,,0.070309107,0.058150093,0.932256918,0.067723343,14.76136364,0.096747633,0.049021102,0.088907388,0.932273942,0.000269555,0.579834301
Andhra Pradesh,Krishna,Total,41202,30006,12780,7354,894,127,9,92372,77363,3964,2590,7738,39968,13173,29778,7185,4781,4543,11808,11172,8721,,,0.094410704,0.090762452,0.950808137,0.049181038,20.32834507,0.070258625,0.065825281,0.138769384,0.950825499,0.000371213,0.553989655
Andhra Pradesh,Nellore,Civil,8028,7280,3445,2766,476,16,0,22011,16911,1012,5,4083,5201,4504,6933,4011,245,668,4368,4440,122,,,0.005542431,0.148010176,0.969607487,0.030347083,32.90134529,0.043352976,0.003864309,0.226297115,0.969625193,0.000600806,0.537232463
Andhra Pradesh,Nellore,Criminal,9796,9053,4372,1989,86,3,0,25299,24213,536,550,0,14825,1705,7657,198,1563,2409,1169,1413,468,,,0.018498024,0.082134387,0.904743083,0.095217391,10.49751037,0.136024845,0.012897241,0.125577682,0.904759604,0.000191693,0.593108742
Andhra Pradesh,Nellore,Total,17824,16333,7817,4755,562,19,0,47310,41124,1548,555,4083,20026,6209,14590,4209,1808,3077,5537,5853,590,,,0.012470673,0.11278561,0.934941134,0.065037729,15.37037037,0.092911042,0.008694835,0.172441239,0.934958207,0.000280676,0.567116548
Andhra Pradesh,Prakasham,Civil,12396,10561,5005,4500,754,44,2,33262,26254,1488,1,5519,6575,6673,11180,7524,525,663,7472,6073,11525,,,0.346481075,0.159336199,0.98003788,0.019932057,50.09337349,0.028474367,0.241574451,0.243613805,0.980055776,0.000914747,0.471260811
Andhra Pradesh,Prakasham,Criminal,10811,10112,5901,3387,306,10,2,30529,28640,683,1206,0,16335,2096,10959,637,686,1153,688,1692,12422,,,0.40687848,0.121356043,0.962201114,0.037766132,26.45493934,0.053951617,0.28368489,0.185544826,0.962218684,0.000483089,0.484867807
Andhra Pradesh,Prakasham,Total,23207,20673,10906,7887,1060,54,4,63791,54894,2171,1207,5519,22910,8769,22139,8161,1211,1816,8160,7765,23947,,,0.375391899,0.141161901,0.971516805,0.028467519,35.10787012,0.040667885,0.261731732,0.215826585,0.971534545,0.000641099,0.477773918
Andhra Pradesh,Srikakulam,Civil,4734,3743,2121,1378,191,3,0,12170,9725,530,2,1913,2394,2211,4030,3100,233,306,2349,1909,3983,,,0.327253307,0.129159477,0.974776107,0.02514173,39.64169381,0.035916758,0.228168416,0.197475726,0.974793907,0.000723891,0.488652627
Andhra Pradesh,Srikakulam,Criminal,7251,5308,2351,869,31,4,0,15814,15386,134,294,0,10169,1147,4253,178,1432,1897,376,596,4102,,,0.259374012,0.057160923,0.879987354,0.119949415,8.331928346,0.171356307,0.180841434,0.087395018,0.880003423,0.000152148,0.575361712
Andhra Pradesh,Srikakulam,Total,11985,9051,4472,2247,222,7,0,27984,25111,664,296,1913,12563,3358,8283,3278,1665,2203,2725,2505,8085,,,0.28890477,0.088475969,0.921243523,0.078720743,12.6969147,0.112458205,0.201430948,0.135273513,0.921260346,0.000231856,0.53765836
Andhra Pradesh,Visakapatnam,Civil,13873,10611,5551,5527,630,33,0,36225,27964,2479,110,5672,7739,8939,14012,4713,553,839,5886,9638,10911,,,0.301192514,0.17087175,0.976812234,0.023160161,43.125,0.033085945,0.209998241,0.261250847,0.976830072,0.000787499,0.475969655
Andhra Pradesh,Visakapatnam,Criminal,16471,14638,6457,6452,522,50,3,44593,38832,2781,2980,0,25308,4346,12327,1552,1478,1765,867,1864,14134,,,0.316948468,0.157577253,0.96039826,0.039579316,25.25084938,0.056541879,0.220983649,0.240924499,0.960415798,0.000461102,0.48677631
Andhra Pradesh,Visakapatnam,Total,30344,25249,12008,11979,1152,83,3,80818,66796,5260,3090,5672,33047,13285,26339,6265,2031,2604,6753,11502,25045,,,0.309890001,0.163538277,0.96776748,0.032220146,31.02418426,0.04602878,0.216062326,0.250038485,0.967785153,0.000566528,0.481932231
Andhra Pradesh,Vizianagaram,Civil,5102,3996,2155,1687,170,6,1,13117,10284,348,184,2301,2183,2691,4363,3341,201,555,2652,2344,3838,,,0.292575088,0.142094832,0.95761549,0.042308279,23.59172662,0.060440398,0.203989976,0.21725297,0.957632977,0.000430805,0.498125126
Andhra Pradesh,Vizianagaram,Criminal,6280,4745,1808,879,25,0,0,13737,13352,138,247,0,7277,803,5227,412,982,1400,305,510,3679,,,0.26779735,0.065802883,0.89802009,0.101907119,9.805139186,0.145581598,0.186714377,0.100607964,0.898036489,0.00017905,0.561549503
Andhra Pradesh,Vizianagaram,Total,11382,8741,3963,2566,195,6,1,26854,23636,486,431,2301,9460,3494,9590,3753,1183,1955,2957,2854,7517,,,0.279910631,0.103072054,0.927164401,0.072798362,13.72903885,0.103997659,0.19516003,0.157589896,0.927181332,0.000250704,0.530564015
Andhra Pradesh,West Godavari,Civil,10729,8970,4874,4362,711,48,0,29694,23336,1958,549,3851,4443,7099,11784,5538,544,854,5742,6016,10203,,,0.343593198,0.172453275,0.971207274,0.02875905,34.72982456,0.041084358,0.239560958,0.263668888,0.971225009,0.000634196,0.471199771
Andhra Pradesh,West Godavari,Criminal,14776,12699,4780,1985,73,2,1,34316,32483,942,891,0,18465,3265,11200,607,1480,1815,884,1659,9876,,,0.287787394,0.060057697,0.947081621,0.052889239,18.89647577,0.075556055,0.200651888,0.091823981,0.947098916,0.000345065,0.535667803
Andhra Pradesh,West Godavari,Total,25505,21669,9654,6347,784,50,1,64010,55819,2900,1440,3851,22908,10364,22984,6145,2024,2669,6626,7675,20079,,,0.313680461,0.112199466,0.958288419,0.041695959,23.97378277,0.059565655,0.21870512,0.171545065,0.958305918,0.000437781,0.505760425
Uttar Pradesh,Prayagraj,Civil,29571,15237,8027,15967,8724,1942,674,80142,71593,4048,2251,2453,1407,1006,68284,2895,2603,2178,15354,5339,32913,,,0.410678412,0.340728448,0.9728111,0.027176422,36.77925654,0.03882346,0.286334288,0.520949752,0.972828865,0.00067162,0.394875563
Uttar Pradesh,Prayagraj,Criminal,38820,44261,37538,64596,73312,14333,1208,274068,255023,1980,17347,0,168860,1742,87569,11077,4132,2522,1859,7632,107631,,,0.392714973,0.559891852,0.990794289,0.009202062,108.627824,0.013145803,0.273809772,0.856035131,0.990812382,0.001983635,0.304729967
Uttar Pradesh,Prayagraj,Total,68391,59498,45565,80563,82036,16275,1882,354210,326616,6028,19598,2453,170267,2748,155853,13972,6735,4700,17213,12971,140544,,,0.39678045,0.510306004,0.98672825,0.013268927,75.34779834,0.01895561,0.276644314,0.780221869,0.986746268,0.001375914,0.325153333
Uttar Pradesh,Bareilly,Civil,8654,6256,3102,3465,973,182,255,22887,20334,761,1101,666,3730,861,13145,3768,99,10,2247,2181,9793,,,0.427866131,0.212993708,0.999519399,0.00043691,2080.636364,0.000624157,0.298317955,0.32565235,0.999537651,0.037994163,0.424010179
Uttar Pradesh,Bareilly,Criminal,54960,52869,35875,32794,27146,4582,534,208760,178473,919,29350,16,85782,436,92056,3742,4774,3137,1261,7957,117419,,,0.562456589,0.311629088,0.984968457,0.015026753,66.52644997,0.02146679,0.39215747,0.476458884,0.984986443,0.001214829,0.37474749
Uttar Pradesh,Bareilly,Total,63614,59125,38977,36259,28119,4764,789,231647,198807,1680,30451,682,89512,1297,105201,7510,4873,3147,3508,10138,127212,,,0.549160796,0.301884756,0.986410416,0.013585267,73.58545108,0.019407525,0.382887342,0.461560489,0.986428428,0.001343732,0.379935832
Uttar Pradesh,Gorakhpur,Civil,13457,12869,7519,18782,3856,861,397,57741,52068,1334,2355,1984,639,5421,41550,10079,32,14,14187,9984,35395,,,0.612985349,0.413840878,0.999740224,0.000242458,3849.4,0.000346368,0.427387265,0.632733499,0.99975848,0.070293269,0.313437172
Uttar Pradesh,Gorakhpur,Criminal,49401,38458,17449,45993,46359,10360,906,208926,192126,592,16208,0,95106,5463,93704,14018,6934,2023,3691,20631,137181,,,0.656597759,0.495953132,0.990312406,0.009682808,103.2243083,0.013832583,0.457794825,0.75827734,0.99033049,0.001884962,0.285854212
Uttar Pradesh,Gorakhpur,Total,62858,51327,24968,64775,50215,11221,1303,266667,244194,1926,18563,1984,95745,10884,135254,24097,6966,2037,17878,30615,172576,,,0.647156764,0.478175109,0.992357538,0.007638712,130.8473994,0.010912445,0.45121235,0.731095998,0.992375659,0.002389383,0.293142495
Uttar Pradesh,Hardoi,Civil,6768,4955,2438,3268,1570,198,25,19222,18272,285,395,271,276,1267,8059,9618,6,0,4037,2645,9605,,,0.499661863,0.263278364,0.999947979,0,19222,0,0.348375565,0.40253404,0.999966239,0.351009824,0.363847345
Uttar Pradesh,Hardoi,Criminal,47536,39455,30126,26706,26979,1461,292,172555,162398,375,9782,0,76028,1191,66753,8932,6298,3801,2137,13748,93465,,,0.541650247,0.321275412,0.977966573,0.022027632,45.38532351,0.031468045,0.377650817,0.491207433,0.977984432,0.000828774,0.378063542
Uttar Pradesh,Hardoi,Total,54304,44410,32564,29974,28549,1659,317,191777,180670,660,10177,271,76304,2458,74812,18550,6304,3801,6174,16393,103070,,,0.537444337,0.315463713,0.980174994,0.019819792,50.44108364,0.028313988,0.374718361,0.482321756,0.980192893,0.000921096,0.379860293
Uttar Pradesh,Chitrakoot,Civil,1708,1510,874,1147,517,40,6,5802,5243,381,93,85,158,833,2723,2088,0,0,2039,814,3711,,,0.639496812,0.294675168,0.999827675,0,5802,0,0.445871658,0.450537537,0.999845933,0.105949381,0.351311469
Uttar Pradesh,Chitrakoot,Criminal,7248,8229,6840,4875,1205,17,2,28416,26747,124,1545,0,13541,307,11311,528,800,294,356,2162,16014,,,0.563535912,0.214625048,0.98961889,0.01034592,96.32542373,0.014779885,0.392909998,0.328146553,0.989636961,0.001758983,0.409303665
Uttar Pradesh,Chitrakoot,Total,8956,9739,7714,6022,1722,57,8,34218,31990,505,1638,85,13699,1140,14034,2616,800,294,2395,2976,19725,,,0.576434145,0.228206552,0.991379058,0.008591718,115.9932203,0.012273883,0.401902938,0.348911714,0.991397162,0.002118133,0.401051691
Uttar Pradesh,Meerut,Civil,10853,7780,3989,5053,2458,406,106,30645,24383,2487,1413,2359,1196,1764,24156,3484,114,19,5741,3967,13155,,,0.429256673,0.261795993,0.999347386,0.000619983,1532.25,0.00088569,0.299287472,0.400267599,0.999365635,0.027980169,0.406106794
Uttar Pradesh,Meerut,Criminal,137367,74222,39466,38172,22047,1737,179,313190,295725,1445,16019,0,214807,3491,88671,4176,5799,5013,2659,10559,109163,,,0.348550884,0.198393313,0.9839906,0.016006207,62.46310331,0.02286601,0.243017569,0.303329375,0.984008568,0.001140629,0.453955035
Uttar Pradesh,Meerut,Total,148220,82002,43455,43225,24505,2143,285,343835,320108,3932,17432,2359,216003,5255,112827,7660,5913,5032,8400,14526,122318,,,0.355745181,0.204044952,0.985362208,0.014634884,68.31611365,0.020906977,0.248033596,0.311970332,0.985380201,0.001247509,0.449899778
Uttar Pradesh,Bahraich,Civil,7567,6253,3338,6081,4616,1115,298,29268,25390,648,2697,533,306,463,21976,6519,32,3,6481,5254,17344,,,0.592572346,0.413748334,0.999863337,0.000102498,7317,0.000146425,0.413154858,0.632592006,0.999881595,0.13361455,0.310947842
Uttar Pradesh,Bahraich,Criminal,34943,38709,23979,21981,19015,4372,662,143661,127703,826,15132,0,30524,235,96573,12482,2763,847,2433,15666,78411,,,0.545801952,0.320404839,0.994097256,0.005895783,169.4115566,0.008422547,0.38054548,0.489876389,0.994115409,0.003093597,0.369356251
Uttar Pradesh,Bahraich,Total,42510,44962,27317,28062,23631,5487,960,172929,153093,1474,17829,533,30830,698,118549,19001,2795,850,8914,20920,95755,,,0.553721159,0.336205401,0.995078934,0.004915284,203.2068155,0.007021834,0.38606693,0.514034333,0.995097105,0.003710727,0.361445474
Uttar Pradesh,Ghaziabad,Civil,11408,5934,3065,4285,1011,122,70,25895,21993,887,1122,1893,4580,1090,17696,2262,1181,1474,3976,4765,8840,,,0.341365462,0.211924622,0.943041396,0.056919988,17.5559322,0.081314268,0.23800773,0.324017791,0.943058617,0.000320586,0.470705457
Uttar Pradesh,Ghaziabad,Criminal,215862,52382,46307,44463,41730,5114,556,406414,388242,1713,16459,0,336797,1927,48063,10383,4781,4363,3670,13838,121884,,,0.299900348,0.226032504,0.989262207,0.010735332,93.12878093,0.015336189,0.209097314,0.345587747,0.989280272,0.00170061,0.448698918
Uttar Pradesh,Ghaziabad,Total,227270,58316,49372,48748,42741,5236,626,432309,410235,2600,17581,1893,341377,3017,65759,12645,5962,5837,7646,18603,130724,,,0.302384863,0.225187944,0.986495802,0.013501885,74.05087359,0.019288407,0.210829573,0.344296475,0.986513816,0.001352231,0.450040792
Uttar Pradesh,Fatehpur,Civil,3826,3777,2624,4765,2444,602,241,18279,16406,310,1245,318,1006,594,11605,5072,2,0,4669,2737,12410,,,0.678884026,0.4404814,0.999945295,0,18279,0,0.473333316,0.673464977,0.999963555,0.333789854,0.267966834
Uttar Pradesh,Fatehpur,Criminal,23844,18939,8601,16105,17444,2957,165,88055,82222,351,5482,0,27384,383,42268,10047,3830,1003,1201,8746,49688,,,0.564277278,0.416450895,0.988598165,0.011390479,87.70418327,0.016272113,0.393426896,0.63672403,0.988616217,0.001601552,0.332441324
Uttar Pradesh,Fatehpur,Total,27670,22716,11225,20870,19888,3559,406,106334,98628,661,6727,318,28390,977,53873,15119,3832,1003,5870,11483,62098,,,0.583984577,0.420585884,0.990558142,0.009432454,105.9103586,0.013474934,0.407167271,0.643046137,0.99057623,0.001934012,0.326581461
Uttar Pradesh,Lakhimpur Kheri,Civil,6936,5115,2740,3758,1234,193,43,20019,18088,439,1118,374,411,4109,7146,8177,2,2,4599,2091,10040,,,0.501498501,0.261138861,0.99985015,9.99E-05,6673,0.000142714,0.349656111,0.39926289,0.999868408,0.121854571,0.385516036
Uttar Pradesh,Lakhimpur Kheri,Criminal,39558,45213,19785,24658,15305,2210,170,146899,137053,437,9409,1,60350,2027,80297,2449,2639,1401,1301,6826,80916,,,0.55082369,0.288243703,0.990456093,0.0095371,104.778174,0.013624429,0.384046749,0.440704281,0.990474179,0.001913337,0.382787875
Uttar Pradesh,Lakhimpur Kheri,Total,46494,50328,22525,28416,16539,2403,213,166918,155141,876,10527,375,60761,6136,87443,10626,2641,1403,5900,8917,90956,,,0.544911005,0.284994518,0.991588735,0.008405274,118.8874644,0.012007535,0.379924291,0.435736507,0.991606842,0.002170985,0.384413619
Uttar Pradesh,Shravasti,Civil,3409,1503,931,1322,406,5,0,7576,7324,144,80,28,91,1144,4460,1874,4,4,1930,1019,3783,,,0.499274119,0.22871849,0.999340108,0.000527913,1515.2,0.000754162,0.348105221,0.349694431,0.999358357,0.027668821,0.407205042
Uttar Pradesh,Shravasti,Criminal,10959,5760,4066,5646,4092,582,13,31118,29251,152,1715,0,13972,460,13817,686,829,652,351,2235,17117,,,0.550049809,0.332047945,0.979016035,0.02095183,47.65390505,0.029931186,0.383507182,0.507677876,0.979033913,0.0008702,0.372009582
Uttar Pradesh,Shravasti,Total,14368,7263,4997,6968,4498,587,13,38694,36575,296,1795,28,14063,1604,18277,2560,833,656,2281,3254,20900,,,0.540121463,0.311823233,0.983021062,0.016953095,58.89497717,0.024218707,0.376584914,0.476755718,0.983039013,0.001075472,0.379354539
Uttar Pradesh,Jaunpur,Civil,13280,14510,9775,16610,17674,8592,3201,83642,72685,1977,7624,1040,630,7797,43940,30896,1,6,20379,8788,60486,,,0.723144794,0.550876941,0.999916311,7.17E-05,11948.85714,0.000102476,0.504192925,0.842251969,0.99993457,0.218196142,0.22905508
Uttar Pradesh,Jaunpur,Criminal,27308,23544,27135,22780,26836,2517,502,130622,117956,719,11929,0,73072,2284,49038,5912,1939,1337,3094,17409,86902,,,0.665288655,0.402953538,0.989756781,0.010235563,97.62481315,0.014622233,0.463854315,0.616087524,0.989774855,0.001782711,0.320315472
Uttar Pradesh,Jaunpur,Total,40588,38054,36910,39390,44510,11109,3703,214264,190641,2696,19553,1040,73702,10081,92978,36808,1940,1343,23473,26197,147388,,,0.687877161,0.460700534,0.993727394,0.006267939,159.422619,0.008954199,0.479603533,0.704378606,0.99374554,0.002911191,0.292363788
Uttar Pradesh,Pilibhit,Civil,3402,2984,1053,1288,502,41,9,9279,8612,394,11,262,37,2025,5030,2172,2,0,2237,1036,4281,,,0.461314655,0.198275862,0.999892241,0,9279,0,0.321639024,0.303149801,0.9999105,0.169442314,0.411806298
Uttar Pradesh,Pilibhit,Criminal,28974,25518,10067,14757,12524,1008,40,92888,86286,267,6335,0,31660,2256,28539,18148,2134,1167,676,4110,44405,,,0.478043687,0.304976908,0.987425852,0.012563382,79.52739726,0.017947689,0.333302883,0.46628817,0.987443884,0.001452237,0.389980091
Uttar Pradesh,Pilibhit,Total,32376,28502,11120,16045,13026,1049,49,102167,94898,661,6346,262,31697,4281,33569,20320,2136,1167,2913,5146,48686,,,0.476528854,0.295288153,0.988567849,0.011422363,87.47174658,0.016317662,0.332246708,0.451474748,0.988585901,0.001597307,0.393350364
Uttar Pradesh,Mainpuri,Civil,5586,4179,2001,3668,832,154,115,16535,14780,355,1052,348,149,284,12157,3895,16,3,3292,2524,7743,,,0.468251089,0.288401064,0.999758104,0.000181422,4133.75,0.000259175,0.326475262,0.440944875,0.99977636,0.075485738,0.384885797
Uttar Pradesh,Mainpuri,Criminal,23027,20910,11211,17606,14267,395,22,87438,78019,249,9170,0,31143,790,46940,8011,2183,501,842,4441,70746,,,0.809089765,0.369286017,0.994258855,0.005729709,174.1792829,0.008185298,0.564115705,0.564612259,0.994277011,0.00318066,0.307038569
Uttar Pradesh,Mainpuri,Total,28613,25089,13212,21274,15099,549,137,103973,92799,604,10222,348,31292,1074,59097,11906,2199,504,4134,6965,78489,,,0.754890646,0.356425645,0.995143017,0.004847366,205.8871287,0.006924808,0.526326852,0.544949659,0.995161189,0.003759671,0.320420271
Uttar Pradesh,Ambedkar Nagar,Civil,9897,4950,3219,4251,1434,328,97,24176,21895,618,1564,99,2318,657,12792,6970,133,105,8893,1662,12304,,,0.50891343,0.252719527,0.995615668,0.004342971,228.0754717,0.006204244,0.354825967,0.386390322,0.995633849,0.004164849,0.400493148
Uttar Pradesh,Ambedkar Nagar,Criminal,15424,14339,14032,11814,11579,607,90,67885,62245,525,5277,0,40319,185,24823,2197,1430,743,1239,2724,51270,,,0.75523672,0.354859618,0.98904045,0.010944819,91.24327957,0.015635456,0.526568143,0.542555313,0.989058511,0.001666179,0.324235694
Uttar Pradesh,Ambedkar Nagar,Total,25321,19289,17251,16065,13013,935,187,92061,84140,1143,6841,99,42637,842,37615,9167,1563,848,10132,4386,63574,,,0.690556364,0.328039799,0.990777954,0.009211184,108.434629,0.013158834,0.481471534,0.501549704,0.990796046,0.001980107,0.344288482
Uttar Pradesh,Sitapur,Civil,7393,4641,2459,2915,1861,245,47,19561,18707,522,66,257,2413,5156,6986,4985,3,1,4685,3038,9895,,,0.505827625,0.259073714,0.999897761,5.11E-05,9780.5,7.30E-05,0.352674474,0.396105427,0.99991602,0.178600124,0.380341221
Uttar Pradesh,Sitapur,Criminal,43674,39133,18359,36126,39891,7846,553,185582,168875,305,16373,0,113861,9011,54075,8407,2785,1888,1592,15573,122863,,,0.66203801,0.45486925,0.989821266,0.010173346,98.24351509,0.014533351,0.461587892,0.695462984,0.989839341,0.001794009,0.30094186
Uttar Pradesh,Sitapur,Total,51067,43774,20818,39041,41752,8091,600,205143,187582,827,16439,257,116274,14167,61061,13392,2788,1889,6277,18611,132758,,,0.64714542,0.436200913,0.990786959,0.009208166,108.5412698,0.013154523,0.451204441,0.666920413,0.990805052,0.001982055,0.310046041
Uttar Pradesh,Auraiya,Civil,3598,3870,1725,2153,1155,29,0,12530,11796,103,433,81,348,442,4257,7469,6,5,2994,1892,6102,,,0.486952358,0.266299577,0.999521187,0.00039901,2088.333333,0.000570015,0.339514211,0.407153261,0.99953944,0.038134716,0.393811473
Uttar Pradesh,Auraiya,Criminal,13309,9405,7426,10878,10569,1308,32,52927,47180,182,5565,0,26310,280,16626,9439,1058,669,642,7167,32282,,,0.609922914,0.430528265,0.987341294,0.012639813,78.99552239,0.018056875,0.425252067,0.658247335,0.987359324,0.001442524,0.320155115
Uttar Pradesh,Auraiya,Total,16907,13275,9151,13031,11724,1337,32,65457,58976,285,5998,81,26658,722,20883,16908,1064,674,3636,9059,38384,,,0.586391274,0.399095603,0.989688044,0.010296679,96.97333333,0.014709541,0.408845274,0.610189014,0.989706117,0.001770814,0.334864833
Uttar Pradesh,Budaun,Civil,4169,3743,1597,2148,1235,166,50,13108,12410,269,15,414,1278,1994,6351,3485,5,4,2294,2213,6651,,,0.507361355,0.274544206,0.999618583,0.000305134,2621.6,0.000435906,0.353743825,0.419758717,0.999636837,0.047872612,0.38633697
Uttar Pradesh,Budaun,Criminal,59367,22124,13860,23132,17361,3682,381,139907,130503,413,8991,0,83047,1889,39792,7452,5321,2014,1200,9211,73621,,,0.526210081,0.318466421,0.985597678,0.014395174,69.43275434,0.020564534,0.366885584,0.486912684,0.985615676,0.0012679,0.377796354
Uttar Pradesh,Budaun,Total,63536,25867,15457,25280,18596,3848,431,153015,142913,682,9006,414,84325,3883,46143,10937,5326,2018,3494,11424,80272,,,0.524598735,0.314705652,0.986805301,0.013188163,75.78751857,0.018840233,0.365762117,0.481162733,0.986823321,0.001383944,0.378882259
Uttar Pradesh,Kanpur Nagar,Civil,16042,13139,6666,12175,7113,1304,820,57259,49203,1479,3090,3483,368,2948,45732,7951,27,148,11301,12120,33252,,,0.580719525,0.373943416,0.997397834,0.002584701,384.2885906,0.003692431,0.404890803,0.571733094,0.997416048,0.007017432,0.341055544
Uttar Pradesh,Kanpur Nagar,Criminal,109260,253175,45262,89655,72862,5969,645,576828,526362,970,49251,0,94980,3275,252841,4953,7299,3561,5895,33274,273936,,,0.47489984,0.293208212,0.99382486,0.006173407,161.9393599,0.008819152,0.331110922,0.448294666,0.993843008,0.002957148,0.39163833
Uttar Pradesh,Kanpur Nagar,Total,125302,266314,51928,101830,79975,7273,1465,634087,575565,2449,52341,3483,95348,6223,298573,12904,7326,3709,17196,45394,307188,,,0.484456416,0.3004993,0.994149077,0.005849346,170.912938,0.008356208,0.337773983,0.459442224,0.994167231,0.003121013,0.387088583
Uttar Pradesh,Gautam Buddha Nagar,Civil,9181,6521,3796,3324,1187,50,6,24065,21436,596,832,1201,1352,1010,15270,6204,40,30,1801,1900,11331,,,0.470830217,0.1897698,0.998711876,0.001246572,776.2903226,0.001780817,0.328273489,0.290144632,0.998730113,0.014175712,0.42840392
Uttar Pradesh,Gautam Buddha Nagar,Criminal,120895,186500,29305,43412,30289,1724,283,412408,391108,1118,20179,0,276321,2445,96294,4651,4649,2406,751,4994,137768,,,0.334056725,0.183575043,0.994163561,0.005834014,171.3369339,0.008334306,0.232911913,0.280673286,0.994181715,0.003128756,0.456704078
Uttar Pradesh,Gautam Buddha Nagar,Total,130076,193021,33101,46736,31476,1774,289,436473,412544,1714,21011,1201,277673,3455,111564,10855,4689,2436,2552,6894,149099,,,0.341598812,0.183917026,0.99441662,0.005581088,179.1025851,0.007972983,0.238170427,0.281196154,0.994434779,0.003270563,0.455185925
Uttar Pradesh,Ballia,Civil,7899,5815,4168,7464,6259,1538,612,33755,29441,800,2801,713,1785,682,25057,5555,1,21,7757,3422,22540,,,0.667733144,0.470227515,0.999348264,0.000622112,1534.318182,0.000888731,0.465558668,0.718944687,0.999366513,0.028017935,0.286887491
Uttar Pradesh,Ballia,Criminal,18780,14667,15750,17989,26551,2862,532,97131,86306,415,10026,384,29631,684,55500,8913,3613,508,2152,7371,62094,,,0.639274389,0.49349339,0.994759708,0.005229996,190.827112,0.007471423,0.44571658,0.754516569,0.994777874,0.003484663,0.287264215
Uttar Pradesh,Ballia,Total,26679,20482,19918,25453,32810,4400,1144,130886,115747,1215,12827,1097,31416,1366,80557,14468,3614,529,9909,10793,84634,,,0.646618839,0.487496848,0.995950706,0.004041654,246.954717,0.005773792,0.450837297,0.745348279,0.995968892,0.0045096,0.287651407
Uttar Pradesh,Bhadohi SR Nagar,Civil,4215,3813,2347,3417,2384,728,380,17284,16245,496,183,360,2079,2095,11041,2069,0,0,5704,2081,11370,,,0.657795777,0.399710732,0.999942146,0,17284,0,0.458630111,0.611129502,0.999960406,0.315620321,0.288736372
Uttar Pradesh,Bhadohi SR Nagar,Criminal,16930,7374,4839,6990,5871,176,0,42180,39134,337,2709,0,9647,1347,21123,10057,1492,629,1135,3726,20833,,,0.493895356,0.309072805,0.985064365,0.014911927,66.95238095,0.021302753,0.344355026,0.472550508,0.985082354,0.001222607,0.387002181
Uttar Pradesh,Bhadohi SR Nagar,Total,21145,11187,7186,10407,8255,904,380,59464,55379,833,2892,360,11726,3442,32164,12126,1492,629,6839,5807,32203,,,0.541545447,0.335424199,0.989405533,0.010577651,94.38730159,0.01511093,0.377577748,0.51283993,0.9894236,0.001723591,0.366801561
Uttar Pradesh,Lalitpur,Civil,2039,1884,1062,1781,812,75,10,7663,6690,201,580,192,14,2458,3924,1251,0,99,1916,1297,4890,,,0.638048017,0.349425887,0.986951983,0.012917537,76.63,0.018453624,0.444861525,0.534247523,0.986970006,0.001399328,0.346729347
Uttar Pradesh,Lalitpur,Criminal,14947,12803,9226,11776,7554,528,1,56835,49882,165,6785,0,24561,1955,22696,7563,613,396,1083,5757,35796,,,0.629812091,0.349408825,0.99301499,0.006967415,143.1612091,0.00995345,0.439119251,0.534221437,0.993033124,0.002614244,0.34495519
Uttar Pradesh,Lalitpur,Total,16986,14687,10288,13557,8366,603,11,64498,56572,366,7365,192,24575,4413,26620,8814,613,495,2999,7054,40686,,,0.630800478,0.34941627,0.992309958,0.007674538,130.0362903,0.010963625,0.439808377,0.534232819,0.992328079,0.002374572,0.345167684
Uttar Pradesh,Lucknow,Civil,23546,18092,10002,13922,7018,864,364,73808,65596,3364,26,4822,1291,1104,50796,15961,62,220,9878,11735,32631,,,0.442100557,0.300342777,0.997005785,0.002980666,333.9728507,0.004258095,0.308242519,0.459202911,0.997023991,0.006098624,0.392428073
Uttar Pradesh,Lucknow,Criminal,74908,100999,63648,103439,64741,9609,1411,418755,381870,2852,34027,0,166581,569,227171,13938,8077,6361,3327,23431,191363,,,0.456979721,0.427934167,0.984807382,0.01519023,65.82128262,0.021700329,0.318616609,0.654281142,0.984825365,0.001201952,0.347730061
Uttar Pradesh,Lucknow,Total,98454,119091,73650,117361,71759,10473,1775,492563,447466,6216,34053,4822,167872,1673,277967,29899,8139,6581,13205,35166,223994,,,0.454751058,0.40881591,0.986637269,0.0133607,74.83485263,0.019086715,0.317062735,0.625050677,0.986655286,0.001366547,0.354479393
Uttar Pradesh,Etah,Civil,3860,3964,1696,2064,769,53,29,12435,11287,282,497,369,1625,1111,7228,2469,1,1,3479,2694,6936,,,0.557735606,0.234400129,0.999839177,8.04E-05,6217.5,0.000114874,0.388865894,0.358381255,0.999857434,0.113536759,0.387223177
Uttar Pradesh,Etah,Criminal,17236,16380,10614,17109,5940,684,70,68033,61445,369,6219,0,26021,3404,30390,5751,1661,1432,1214,6857,45344,,,0.666490284,0.349869183,0.978937002,0.021048299,47.47592463,0.030068999,0.464692118,0.534925291,0.978954878,0.00086695,0.345988279
Uttar Pradesh,Etah,Total,21096,20344,12310,19173,6709,737,99,80468,72732,651,6716,369,27646,4515,37618,8220,1662,1433,4693,9551,52280,,,0.649691185,0.332028483,0.982179473,0.0178081,56.11436541,0.025440143,0.452979406,0.50764812,0.982197408,0.001024695,0.353944204
Uttar Pradesh,Muzaffarnagar,Civil,5349,3302,1710,1986,898,95,23,13363,12355,338,292,378,16,1950,8387,2986,13,2,2308,1343,6693,,,0.500823107,0.224633343,0.999775516,0.000149656,4454.333333,0.000213794,0.349185211,0.34344853,0.999793773,0.081339859,0.403366839
Uttar Pradesh,Muzaffarnagar,Criminal,38647,17287,15613,32947,26431,3041,65,134031,126741,525,6764,2,62836,1686,49717,17536,3135,1713,407,2529,88745,,,0.662118002,0.466187179,0.987212009,0.01278053,78.19778296,0.0182579,0.461643664,0.712767299,0.987230036,0.001427957,0.297945893
Uttar Pradesh,Muzaffarnagar,Total,43996,20589,17323,34933,27329,3136,88,147394,139096,863,7056,380,62852,3636,58104,20522,3148,1715,2715,3872,95438,,,0.647498219,0.444289155,0.988357814,0.011635401,85.89393939,0.016622002,0.45145042,0.679286765,0.988375862,0.001568495,0.308155063
Uttar Pradesh,Varanasi,Civil,13687,13877,7855,16227,6739,959,531,59875,54480,2415,248,2527,27079,3476,22564,4216,3,42,7319,6239,37842,,,0.632006146,0.408444118,0.999281849,0.00070145,1392.44186,0.001002071,0.440648996,0.624482233,0.999300097,0.025427155,0.316723541
Uttar Pradesh,Varanasi,Criminal,111570,204996,31542,41470,34622,1063,70,425333,410228,1038,14067,1,136853,1308,48148,11453,8697,1366,1691,7656,127153,,,0.298948591,0.181563195,0.996786055,0.003211594,311.1433797,0.004587991,0.208433727,0.277597313,0.996804257,0.005681739,0.461716962
Uttar Pradesh,Varanasi,Total,125257,218873,39397,57697,41361,2022,601,485208,464708,3453,14315,2528,163932,4784,70712,15669,8700,1408,9010,13895,164995,,,0.34004934,0.209561241,0.997096097,0.002901842,344.3633783,0.004145489,0.2370901,0.320404348,0.997114305,0.006288364,0.443992237
Uttar Pradesh,Ghazipur,Civil,7212,7306,5837,10921,6855,2430,874,41435,36459,1309,3127,540,9072,1217,22479,8033,3,2,9108,5086,28849,,,0.696230331,0.508736365,0.999927599,4.83E-05,13811.66667,6.90E-05,0.485427552,0.777822001,0.999945859,0.252212605,0.246496302
Uttar Pradesh,Ghazipur,Criminal,40874,20294,16174,24140,18951,4953,837,126223,107526,510,18187,4,60462,802,37352,17022,2112,1011,1108,9446,64701,,,0.512588731,0.387255989,0.991982507,0.00800957,124.7262846,0.011442243,0.35738847,0.59208708,0.992000622,0.002277606,0.350391395
Uttar Pradesh,Ghazipur,Total,48086,27600,22011,35061,25806,7383,1711,167658,143985,1819,21314,544,69534,2019,59831,25055,2115,1013,10216,14532,93550,,,0.5579778,0.417281506,0.99395201,0.006042026,165.3431953,0.008631465,0.389034757,0.637993976,0.99397016,0.003019305,0.330331734
Uttar Pradesh,Firozabad,Civil,6017,3871,1747,2392,1271,103,4,15405,13402,553,1020,430,27,118,13234,1925,1,0,3476,3158,6265,,,0.406659743,0.244709853,0.99993509,0,15405,0,0.283532381,0.374144097,0.99995335,0.281308206,0.392748217
Uttar Pradesh,Firozabad,Criminal,34865,25955,14433,35038,29420,1386,113,141210,130232,429,10549,0,28640,1166,104270,6943,7587,1206,1532,14303,88835,,,0.629094051,0.467081176,0.991452507,0.008540411,116.9925435,0.012200587,0.438618617,0.714134157,0.991470612,0.002136382,0.300854633
Uttar Pradesh,Firozabad,Total,40882,29826,16180,37430,30691,1489,117,156615,143634,982,11569,430,28667,1284,117504,8868,7588,1206,5008,17461,95100,,,0.607217653,0.44520994,0.992293252,0.007700363,129.7555924,0.011000518,0.423365898,0.680694581,0.992311372,0.002369446,0.312398305
Uttar Pradesh,Agra,Civil,10039,7548,4357,5601,1904,372,107,29928,25129,1989,1517,1293,1618,1122,19809,7095,20,85,3530,3804,14899,,,0.497811487,0.266764676,0.997126533,0.002840055,348,0.004057221,0.347085441,0.407864365,0.997144741,0.006354772,0.395987764
Uttar Pradesh,Agra,Criminal,107365,131516,45626,74190,26928,3639,529,389793,211301,1107,177380,5,128992,5110,73657,40653,10914,6469,4091,19636,143779,,,0.368858936,0.270106774,0.983401489,0.016595946,60.24621329,0.023708494,0.257176802,0.412974197,0.983419447,0.001100146,0.42344218
Uttar Pradesh,Agra,Total,117404,139064,49983,79791,28832,4011,636,419721,236430,3096,178897,1298,130610,6232,93466,47748,10934,6554,7621,23440,158678,,,0.378054998,0.269869104,0.98438252,0.015615098,64.03066362,0.022307282,0.263588505,0.412610815,0.984400496,0.001169254,0.421511733
Uttar Pradesh,Pratapgarh,Civil,11177,11085,7369,11712,9438,2879,1102,54762,52390,1424,198,750,4852,6471,34640,8793,12,0,14721,5106,36302,,,0.662892829,0.458904735,0.999981739,0,54762,0,0.462183891,0.701632955,1,1,0.202195665
Uttar Pradesh,Pratapgarh,Criminal,47818,34886,17582,18884,16697,4074,756,140697,131271,671,8755,0,61974,1384,47130,5742,1895,924,1774,7931,79773,,,0.566980341,0.287218013,0.993425635,0.006567258,152.1048649,0.009381796,0.395311532,0.439136073,0.993443776,0.002777562,0.378931336
Uttar Pradesh,Pratapgarh,Total,58995,45971,24951,30596,26135,6953,1858,195459,183661,2095,8953,750,66826,7855,81770,14535,1907,924,16495,13037,116075,,,0.59385552,0.335321805,0.995267574,0.00472731,211.307027,0.0067533,0.414049516,0.512683377,0.995285748,0.003858643,0.35504251
Uttar Pradesh,Etawah,Civil,4050,2925,1640,2778,1123,224,148,12888,12167,393,0,328,10,1609,8768,2497,2,1,3618,2377,7506,,,0.582357049,0.331523004,0.999844829,7.76E-05,6444,0.000110836,0.406032521,0.506875278,0.999863087,0.117672839,0.345584217
Uttar Pradesh,Etawah,Criminal,13579,13075,7748,12672,7015,461,7,54557,49993,308,4256,0,25299,1131,26171,1946,1977,2318,868,6210,36232,,,0.66410059,0.369423366,0.957494776,0.042486895,23.52608883,0.060695564,0.463025969,0.564822257,0.957512261,0.000429606,0.34976323
Uttar Pradesh,Etawah,Total,17629,16000,9388,15450,8138,685,155,67445,62160,701,4256,328,25309,2740,34939,4443,1979,2319,4486,8587,43738,,,0.648489162,0.362186045,0.965602111,0.034383062,29.07112069,0.04911866,0.452141328,0.553756904,0.965619744,0.000530863,0.351011892
Uttar Pradesh,Kushinagar,Civil,7187,7748,5616,9676,9509,3429,419,43584,42800,523,2,260,16967,246,20601,5771,0,462,11223,7526,32751,,,0.751428244,0.528461627,0.989377079,0.010599977,94.13390929,0.015142824,0.523912787,0.807980534,0.989395146,0.001718964,0.258217976
Uttar Pradesh,Kushinagar,Criminal,38761,25446,20715,24318,26169,5048,170,140627,131862,446,8319,0,76273,52,48400,5117,3288,2115,2148,10703,82339,,,0.585509287,0.396115994,0.98495321,0.015039679,66.45888469,0.021485256,0.408230333,0.605633401,0.984971196,0.001213595,0.338596038
Uttar Pradesh,Kushinagar,Total,45948,33194,26331,33994,35678,8477,589,184211,174662,969,8321,260,93240,298,69001,10888,3288,2577,13371,18229,115090,,,0.624769288,0.427431438,0.986005255,0.013989317,71.45500388,0.019984738,0.435603294,0.653512505,0.98602326,0.001304828,0.319578487
Uttar Pradesh,Amroha,Civil,4487,2315,1377,1333,407,41,11,9971,8813,357,643,154,1052,331,5678,2899,1,0,2122,1518,4023,,,0.403429603,0.179703169,0.999899719,0,9971,0,0.281280254,0.274753464,0.999917978,0.182078814,0.427318228
Uttar Pradesh,Amroha,Criminal,28209,10337,10594,13400,5894,486,0,68920,65065,378,3482,0,28169,1454,26392,6949,2615,1596,890,5388,33606,,,0.487601747,0.286995255,0.976828543,0.023156948,43.15591735,0.033081354,0.339966979,0.438795493,0.976846381,0.000788063,0.400696971
Uttar Pradesh,Amroha,Total,32696,12652,11971,14733,6301,527,11,78891,73878,735,4125,154,29221,1785,32070,9848,2616,1596,3012,6906,37629,,,0.476968514,0.273437104,0.979757136,0.020230188,49.39949906,0.028900269,0.332553248,0.418066036,0.979775028,0.000902076,0.4061566
Uttar Pradesh,Barabanki,Civil,6139,5540,3252,4513,2887,477,100,22908,21998,403,86,421,8868,3306,4876,5773,4,0,4828,3346,14686,,,0.641058099,0.348203763,0.999956349,0,22908,0,0.446960223,0.532378981,0.999974609,0.418319272,0.301763002
Uttar Pradesh,Barabanki,Criminal,28051,22594,19784,21006,18889,1352,149,111825,97843,378,13604,0,58318,658,42366,10075,3009,1388,1485,8525,69816,,,0.62432708,0.370182247,0.987578917,0.01241214,80.5075594,0.017731629,0.435294977,0.565982533,0.987596951,0.001470135,0.340760657
Uttar Pradesh,Barabanki,Total,34190,28134,23036,25519,21776,1829,249,134733,119841,781,13690,421,67186,3964,47242,15848,3013,1388,6313,11871,84502,,,0.627176511,0.366447964,0.989690798,0.01030178,97,0.014716828,0.437281665,0.560273077,0.989708871,0.001771301,0.340625813
Uttar Pradesh,Kaushambi,Civil,3402,2479,1038,1183,396,44,4,8546,8109,89,299,49,1978,117,1113,5290,28,57,790,484,4006,,,0.468702469,0.19035919,0.993213993,0.006669007,147.3448276,0.009527152,0.326789974,0.291045769,0.99323213,0.00269064,0.432342594
Uttar Pradesh,Kaushambi,Criminal,13610,14195,7904,10967,13254,813,231,60974,58933,153,5130,150,42118,165,14881,6892,1300,560,324,3165,40973,,,0.67196392,0.414350144,0.990799508,0.009184092,108.688057,0.013120131,0.468508461,0.633512129,0.990817601,0.001984735,0.314301089
Uttar Pradesh,Kaushambi,Total,17012,16674,8942,12150,13650,857,235,69520,67042,242,5429,199,44096,282,15994,12182,1328,617,1114,3649,44979,,,0.646984364,0.386818371,0.9911106,0.008875016,112.4919094,0.012678595,0.451092149,0.591417993,0.991128698,0.002054197,0.328807833
Uttar Pradesh,Mahoba,Criminal,17914,7422,5481,5049,2466,24,0,38356,36542,161,1653,0,16228,140,12408,1857,626,279,384,1140,18002,,,0.469327633,0.196548218,0.992700159,0.00727377,136.9857143,0.0103911,0.327225853,0.300508355,0.992718287,0.002501474,0.430172093
Uttar Pradesh,Mahoba,Total,20000,9139,6264,5697,2565,29,1,43695,41441,458,1653,143,16310,258,15016,4388,626,279,1786,1653,20329,,,0.465237093,0.189765654,0.993592091,0.006385024,156.0535714,0.009121463,0.324373836,0.290138293,0.993610235,0.002849669,0.432963477
Uttar Pradesh,Banda,Civil,3061,2324,1564,2034,1088,142,132,10345,9289,253,464,339,98,608,5784,3848,1,0,2036,1862,5085,,,0.491494297,0.328242799,0.999903344,0,10345,0,0.342680953,0.501860076,0.999921603,0.188908367,0.355261063
Uttar Pradesh,Banda,Criminal,13853,13851,10248,10379,8501,1599,176,58607,54199,187,4225,1,29976,2060,22099,1948,1020,777,633,5073,30664,,,0.523205023,0.35242629,0.986725362,0.013257576,75.33033419,0.018939394,0.36479039,0.538834927,0.98674338,0.001375595,0.364708014
Uttar Pradesh,Banda,Total,16914,16175,11812,12413,9589,1741,308,68952,63488,440,4689,340,30074,2668,27883,5796,1021,777,2669,6935,35749,,,0.5184546,0.348802808,0.988716952,0.011268545,88.62724936,0.016097922,0.361478287,0.533294878,0.988735007,0.001618408,0.365853106
Uttar Pradesh,Kasganj,Civil,2151,1725,816,825,343,44,16,5920,5415,197,175,133,163,402,3176,2161,0,0,1454,1006,2740,,,0.462759669,0.207397399,0.99983111,0,5920,0,0.32264652,0.317095987,0.999849367,0.10810416,0.413737292
Uttar Pradesh,Kasganj,Criminal,26197,8384,7885,10582,4895,141,4,58088,54165,151,3770,1,17585,503,9665,15920,8916,753,773,4293,25448,,,0.438086385,0.268932156,0.987019918,0.012962867,77.0397878,0.018518382,0.305443747,0.411178288,0.987037942,0.001406811,0.410591837
Uttar Pradesh,Kasganj,Total,28348,10109,8701,11407,5238,185,20,64008,59580,348,3945,134,17748,905,12841,18081,8916,753,2227,5299,28188,,,0.440375572,0.263244231,0.988220407,0.011763971,84.89124668,0.016805672,0.307039821,0.402481853,0.988238452,0.001550185,0.411772385
Uttar Pradesh,Deoria,Civil,7600,6863,5291,8036,9636,2692,1073,41191,36801,792,2826,772,252,3635,34220,3059,41,4235,7442,3886,29475,,,0.715551563,0.520416586,0.897164498,0.102811225,9.724032106,0.146873179,0.498898753,0.795680235,0.897180881,0.000177569,0.313934039
Uttar Pradesh,Deoria,Criminal,20396,20668,23490,21837,35686,8398,588,131063,114622,716,15726,0,34698,874,89244,2981,1551,2211,934,5466,77181,,,0.588880242,0.507454373,0.983122749,0.016869621,59.25090416,0.024099458,0.410580639,0.775861927,0.983140702,0.001081971,0.29634526
Uttar Pradesh,Deoria,Total,27996,27531,28781,29873,45322,11090,1661,172254,151423,1508,18552,772,34950,4509,123464,6040,1592,6446,8376,9352,106656,,,0.61917506,0.510557023,0.96257293,0.037421265,26.71847371,0.05345895,0.431702872,0.780605659,0.962590507,0.000487902,0.300583184
Uttar Pradesh,Mau,Civil,6537,5675,3480,6247,8195,1771,198,32103,28736,807,2314,246,3150,650,25663,2493,4,1,9158,3381,21550,,,0.671255918,0.511182407,0.999937702,3.11E-05,16051.5,4.45E-05,0.468014826,0.781561827,0.999955962,0.293113838,0.245913309
Uttar Pradesh,Mau,Criminal,13657,15438,18427,13836,15744,2220,98,79420,72549,671,6197,3,33033,1306,37113,6145,1198,984,1179,4951,54065,,,0.680739351,0.40163181,0.987597739,0.01238967,80.62944162,0.017699529,0.47462689,0.614066695,0.987615773,0.001472361,0.319385624
Uttar Pradesh,Mau,Total,20194,21113,21907,20083,23939,3991,296,111523,101285,1478,8511,249,36183,1956,62776,8638,1202,985,10337,8332,75615,,,0.678015494,0.433171335,0.991158854,0.00883218,113.1064909,0.012617399,0.472727756,0.662288403,0.991176953,0.002065419,0.305907822
Uttar Pradesh,Aligarh,Civil,9179,4964,2838,3732,1112,217,221,22263,20137,637,82,1358,11866,593,4045,4505,109,11,4717,4291,9308,,,0.418074021,0.237243981,0.999461013,0.000494071,1855.25,0.000705816,0.291490674,0.362729305,0.999479264,0.033878419,0.416751466
Uttar Pradesh,Aligarh,Criminal,34072,28145,27591,55055,18952,1858,254,165927,137066,634,28226,0,116018,6250,35069,3621,6735,4190,3337,16533,100657,,,0.606630587,0.458747167,0.974742057,0.025251916,39.591267,0.036074166,0.422956582,0.701392046,0.974759856,0.00072297,0.316326763
Uttar Pradesh,Aligarh,Total,43251,33109,30429,58787,20064,2075,475,188190,157203,1271,28308,1358,127884,6843,39114,8126,6844,4201,8054,20824,109965,,,0.584326562,0.432544596,0.977671621,0.022323065,44.78581628,0.031890093,0.40740571,0.661330163,0.977689474,0.000817827,0.328557443
Uttar Pradesh,Azamgarh,Civil,13245,15235,10235,19336,7153,2692,947,68843,59834,2073,5705,1231,2295,1868,54609,9947,49,82,17951,5792,39450,,,0.573034687,0.437627099,0.998794376,0.001191099,829.4337349,0.00170157,0.39953276,0.669100952,0.998812615,0.015146155,0.316488916
Uttar Pradesh,Azamgarh,Criminal,60084,24012,13744,13680,14939,2697,254,129410,117598,854,10448,510,39784,233,78097,6385,9325,1556,1609,7401,42776,,,0.330543771,0.243951442,0.987968565,0.012023707,83.11496468,0.017176725,0.230462602,0.372984539,0.987986606,0.001517749,0.437442486
Uttar Pradesh,Azamgarh,Total,73329,39247,23979,33016,22092,5389,1201,198253,177432,2927,16153,1741,42079,2101,132706,16332,9374,1638,19560,13193,82226,,,0.414750774,0.311206836,0.991732828,0.008262128,120.9597315,0.011803041,0.289173631,0.47581329,0.991750937,0.002208826,0.39581151
Uttar Pradesh,Baghpat,Civil,2469,1967,524,516,342,43,24,5885,5227,178,282,198,1423,537,2620,1301,2,44,1453,964,2655,,,0.451070336,0.157152565,0.99235474,0.007475365,130.7777778,0.010679093,0.314496452,0.240275182,0.992372861,0.002388112,0.448417717
Uttar Pradesh,Baghpat,Criminal,15524,8605,12081,10265,5111,463,5,52054,48391,296,3367,0,27657,685,19689,3764,559,251,598,3383,33660,,,0.646623763,0.304370377,0.995158966,0.004821823,206.5634921,0.006888319,0.45084073,0.465360828,0.995177139,0.003772022,0.358231799
Uttar Pradesh,Baghpat,Total,17993,10572,12605,10781,5453,506,29,57939,53618,474,3649,198,29080,1222,22309,5065,561,295,2051,4347,36315,,,0.626769071,0.28942009,0.994891267,0.005091474,195.7398649,0.007273534,0.436997589,0.442502893,0.994909434,0.003574374,0.36739118
Uttar Pradesh,Basti,Civil,5932,5719,3524,5178,4404,1876,1111,27744,24912,611,1550,671,2782,4567,13874,6514,1,1,8631,3388,19826,,,0.714579203,0.453018562,0.999927915,3.60E-05,13872,5.15E-05,0.498220801,0.692633412,0.999946174,0.253314342,0.264692619
Uttar Pradesh,Basti,Criminal,15546,16186,15648,17571,19122,2928,381,87382,78914,289,8179,0,45510,1383,33644,6304,1110,4042,1843,6608,63898,,,0.73124063,0.457777829,0.953732419,0.046256137,21.61315855,0.066080195,0.509837526,0.699909995,0.953749835,0.000394674,0.306742984
Uttar Pradesh,Basti,Total,21478,21905,19172,22749,23526,4804,1492,115126,103826,900,9729,671,48292,5950,47518,12818,1111,4043,10474,9996,83724,,,0.727231666,0.456634847,0.964873574,0.03511774,28.46834817,0.050168199,0.507042385,0.698162457,0.964891194,0.000519856,0.302206365
Uttar Pradesh,Bijnor,Civil,9192,6868,2689,2767,1451,222,62,23251,21520,839,450,442,406,3028,13776,5796,61,48,4398,3132,9721,,,0.418071564,0.193617753,0.997892654,0.002064339,474.5102041,0.002949055,0.291488961,0.296027881,0.997910877,0.008664954,0.436570229
Uttar Pradesh,Bijnor,Criminal,54370,46004,14450,27784,18034,3952,266,164860,155566,630,8662,2,49879,1882,61054,6031,4159,2155,1865,7192,78488,,,0.476085915,0.303504164,0.986922316,0.013071618,76.46567718,0.01867374,0.33193788,0.464036449,0.986940338,0.001396327,0.391128273
Uttar Pradesh,Bijnor,Total,63562,52872,17139,30551,19485,4174,328,188111,177086,1469,9112,444,50285,4910,74830,11827,4220,2203,6263,10324,88209,,,0.468917453,0.289923025,0.988283576,0.011711108,85.34981851,0.016730155,0.326939867,0.443271845,0.988301623,0.001558559,0.396810838
Uttar Pradesh,Bulandshahr,Civil,7471,7031,2151,2556,802,73,22,20106,17671,707,676,1052,3541,1934,9777,4751,10,9,4755,3674,7582,,,0.377082608,0.171731238,0.999502661,0.000447605,2010.6,0.000639436,0.262910533,0.262564944,0.999520913,0.03671524,0.44832603
Uttar Pradesh,Bulandshahr,Criminal,29560,27237,20074,29978,29533,2417,305,139104,127809,598,10697,0,82543,3633,44992,6333,3119,1882,2205,10369,90400,,,0.649868804,0.447381474,0.986463463,0.013529348,73.87360595,0.01932764,0.453103246,0.684014703,0.986481477,0.001348994,0.307555995
Uttar Pradesh,Bulandshahr,Total,37031,34268,22225,32534,30335,2490,327,159210,145480,1305,11373,1052,86084,5567,54769,11084,3129,1891,6960,14043,97982,,,0.615422301,0.412571996,0.988116399,0.01187732,84.14904863,0.0169676,0.429086364,0.630793467,0.988134443,0.001536632,0.325724987
Uttar Pradesh,Ayodhya,Civil,9754,10384,8312,11253,6701,1387,283,48074,42144,1104,3370,1456,3172,1894,26576,15415,530,2,9714,1787,33267,,,0.691981279,0.408195528,0.999937598,4.16E-05,16024.66667,5.94E-05,0.482465017,0.624102156,0.999955857,0.292623839,0.281968667
Uttar Pradesh,Ayodhya,Criminal,19706,17436,34373,23588,19231,3198,689,118221,105794,2297,10113,21,37569,1285,62647,4634,3830,1345,1156,2002,81774,,,0.691698669,0.395070291,0.98861464,0.011376901,87.83135215,0.016252716,0.482267974,0.604034596,0.988632693,0.001603874,0.319562353
Uttar Pradesh,Ayodhya,Total,29460,27820,42685,34841,25932,4585,972,166295,147938,3401,13483,1477,40741,3179,89223,20049,4360,1347,10870,3789,115041,,,0.691784529,0.39886708,0.991893972,0.008100014,123.3642433,0.011571449,0.482327838,0.609839618,0.991912085,0.002252734,0.316379373
Uttar Pradesh,Gonda,Civil,7884,7876,6089,9686,8395,1513,363,41806,40907,418,232,249,1882,3130,26086,10060,8,3,9534,3764,25927,,,0.620159303,0.477360251,0.999904322,7.18E-05,10451.5,0.000102512,0.432389109,0.729850137,0.999922581,0.190853146,0.276743716
Uttar Pradesh,Gonda,Criminal,45293,37028,15784,22455,20433,5867,660,147520,134864,503,12151,0,64643,1016,54345,9546,2471,967,2266,6710,75603,,,0.512489747,0.334969259,0.993438222,0.006554999,152.3966942,0.009364284,0.357319456,0.512144358,0.993456363,0.002782891,0.369646347
Uttar Pradesh,Gonda,Total,53177,44904,21873,32141,28828,7380,1023,189326,175771,921,12383,249,66525,4146,80431,19606,2479,970,11800,10474,101530,,,0.536267939,0.366413665,0.994871307,0.005123411,194.9804325,0.007319158,0.37389815,0.560220637,0.994889474,0.003560506,0.352882258
Uttar Pradesh,Kanpur Dehat,Civil,5909,4756,2533,2968,1144,109,26,17445,16172,523,376,374,177,4503,7955,4810,3,9,4093,3091,9137,,,0.523730368,0.243436891,0.999426803,0.000515878,1744.5,0.000736968,0.365156672,0.372197827,0.999445053,0.031856032,0.397119581
Uttar Pradesh,Kanpur Dehat,Criminal,35702,42437,20206,26815,17079,2029,74,144342,131964,455,11923,0,45626,3529,49365,30718,1315,1378,1230,8071,72509,,,0.502338181,0.31866457,0.990446367,0.009546705,104.6715011,0.01363815,0.350241554,0.48721564,0.990464454,0.001911389,0.379157875
Uttar Pradesh,Kanpur Dehat,Total,41611,47193,22739,29783,18223,2138,100,161787,148136,978,12299,374,45803,8032,57320,35528,1318,1387,5323,11162,81646,,,0.504648058,0.310554553,0.991420872,0.008572947,116.5612392,0.012247068,0.351852053,0.474815996,0.991438976,0.002128506,0.381369479
Uttar Pradesh,Maharajganj,Civil,5884,5589,3051,4245,3011,793,83,22656,21731,178,564,183,1330,3371,14728,3206,1,0,5983,3908,11838,,,0.522487531,0.358917774,0.999955864,0,22656,0,0.364290138,0.548759948,0.999974124,0.413717541,0.317679555
Uttar Pradesh,Maharajganj,Criminal,17974,14984,13879,19221,14323,4772,690,85843,75500,197,10145,1,44251,887,36532,3766,793,324,1770,12770,57468,,,0.669446904,0.454382368,0.996214063,0.003774288,264.1323077,0.00539184,0.46675354,0.694718576,0.996232254,0.004823277,0.296394947
Uttar Pradesh,Maharajganj,Total,23858,20573,16930,23466,17334,5565,773,108499,97231,375,10709,184,45581,4258,51260,6972,794,324,7753,16678,69306,,,0.638764977,0.434451613,0.997004608,0.002986175,333.8430769,0.004265964,0.445361406,0.664245857,0.997022814,0.006096254,0.308580904
Uttar Pradesh,Mathura,Civil,8239,5846,3020,3930,1471,364,197,23067,19179,1462,1653,773,66,563,17839,4568,15,28,4937,1975,11489,,,0.498049246,0.258453269,0.998742847,0.001213803,795.4137931,0.001734004,0.347251212,0.395156809,0.998761085,0.014524922,0.397559407
Uttar Pradesh,Mathura,Criminal,39294,38319,28140,30374,11614,1949,101,149791,133014,1403,15375,0,52889,483,77930,14922,2963,3334,2105,6523,90099,,,0.601494072,0.293994339,0.977735794,0.02225753,44.91484258,0.031796472,0.419375287,0.449496597,0.977753648,0.000820183,0.378736423
Uttar Pradesh,Mathura,Total,47533,44165,31160,34304,13085,2313,298,172858,152193,2865,17028,773,52955,1046,95769,19490,2978,3362,7042,8498,101588,,,0.587692859,0.289253091,0.980544837,0.019449378,51.39994053,0.027784825,0.409752769,0.442247563,0.980562743,0.000938606,0.381403412
Uttar Pradesh,Moradabad,Civil,8233,4342,2333,2246,609,81,94,17938,15079,1664,313,882,365,1735,12863,2906,17,17,3352,2083,5423,,,0.302302247,0.168905736,0.9989966,0.000947656,996.5555556,0.001353794,0.210771972,0.258244951,0.999014842,0.018197939,0.463725174
Uttar Pradesh,Moradabad,Criminal,51609,32784,16749,26707,17890,468,73,146280,138070,869,7268,73,63059,1409,71626,4880,5296,1696,1467,7398,61561,,,0.420840711,0.308570491,0.98839904,0.011594124,86.19917501,0.016563034,0.293419673,0.471782505,0.988417089,0.001574069,0.397555946
Uttar Pradesh,Moradabad,Total,59842,37126,19082,28953,18499,549,167,164218,153149,2533,7581,955,63424,3144,84489,7786,5313,1713,4819,9481,66984,,,0.407894336,0.293315633,0.989562718,0.010431192,95.80980163,0.014901704,0.284393167,0.448458905,0.989580788,0.001749567,0.404932763
Uttar Pradesh,Raebareli,Civil,8830,8295,5314,8629,5441,927,90,37526,36826,403,34,263,11879,993,21085,3544,8,609,8397,4438,25278,,,0.673595012,0.402030538,0.983745037,0.016228316,61.51803279,0.023183308,0.469645695,0.614676322,0.983763001,0.001123371,0.32238733
Uttar Pradesh,Raebareli,Criminal,27138,37718,21709,23794,21231,2428,24,134042,124178,853,9014,0,79746,3019,34316,4692,1577,1027,1337,8956,84087,,,0.627313623,0.354192311,0.992330819,0.00766172,130.3910506,0.010945315,0.437377263,0.541535049,0.99234894,0.00238105,0.343906371
Uttar Pradesh,Raebareli,Total,35968,46013,27023,32423,26672,3355,114,171568,161004,1256,9048,263,91625,4012,55401,8236,1585,1636,9734,13394,109365,,,0.63744033,0.364657951,0.990458649,0.009535522,104.8063531,0.013622175,0.444437832,0.557536274,0.990476736,0.001913852,0.339214565
Uttar Pradesh,Rampur,Civil,3003,1907,865,687,238,33,23,6756,6127,312,180,137,54,1018,3958,1625,17,0,1564,1237,2905,,,0.429924523,0.145182773,0.999852005,0,6756,0,0.299753112,0.221974215,0.999870263,0.12337022,0.441574257
Uttar Pradesh,Rampur,Criminal,16689,18051,17648,15711,9348,1245,82,78774,73602,349,4823,0,29034,497,36809,11304,3864,1226,949,4625,55842,,,0.708879721,0.334953983,0.984423992,0.015563313,64.200489,0.022233305,0.494246993,0.512121003,0.984441969,0.001172355,0.341895492
Uttar Pradesh,Rampur,Total,19692,19958,18513,16398,9586,1278,105,85530,79729,661,5003,137,29088,1515,40767,12929,3881,1226,2513,5862,58747,,,0.686850382,0.31996586,0.985654324,0.014333984,69.70660147,0.02047712,0.478887639,0.489205221,0.985672323,0.001272901,0.350644543
Uttar Pradesh,Saharanpur,Civil,9153,3639,1639,2313,1007,228,159,18138,16356,742,535,505,547,1336,12341,3633,0,1,3000,1661,13946,,,0.76884062,0.204366283,0.99988974,5.51E-05,9069,7.88E-05,0.536053089,0.312461624,0.999907999,0.165607538,0.359021977
Uttar Pradesh,Saharanpur,Criminal,115082,31132,22274,36563,22077,4676,279,232083,218793,927,12453,0,69962,3357,143226,14628,8021,1967,1856,5371,102953,,,0.443602316,0.274017166,0.991520312,0.00847538,117.9283537,0.012107685,0.30928958,0.41895291,0.991538418,0.002153471,0.405395575
Uttar Pradesh,Saharanpur,Total,124235,34771,23913,38876,23084,4904,438,250221,235149,1669,12988,505,70509,4693,155567,18261,8021,1968,4856,7032,116899,,,0.467181143,0.268969155,0.992130988,0.007865016,127.0802438,0.011235737,0.325729272,0.411234858,0.992149105,0.002320592,0.403108085
Uttar Pradesh,Shahjahanpur,Civil,5741,3991,1915,2278,519,52,37,14533,13719,332,157,294,765,866,9829,1896,11,16,2558,1860,6481,,,0.445919912,0.198568873,0.998830329,0.001100867,854.8823529,0.001572667,0.31090546,0.303597794,0.998848568,0.015610868,0.428951879
Uttar Pradesh,Shahjahanpur,Criminal,57262,25466,30482,28067,14815,2156,168,158416,144830,468,13102,0,23154,504,84556,28919,13957,919,748,6096,84718,,,0.534778464,0.285360788,0.994192542,0.005801145,172.1913043,0.00828735,0.372859655,0.436296508,0.994210697,0.003144357,0.384543288
Uttar Pradesh,Shahjahanpur,Total,63003,29457,32397,30345,15334,2208,205,172949,158549,800,13259,294,23919,1370,94385,30815,13968,935,3306,7956,91199,,,0.527314253,0.278068806,0.994588031,0.005406187,184.7745726,0.007723124,0.367655437,0.425147581,0.994606193,0.003374139,0.388348101
Uttar Pradesh,Siddharthnagar,Civil,4335,4522,3333,6407,5567,1453,309,25926,25241,359,245,81,2829,5403,14175,3324,60,1,7011,2192,17296,,,0.667103791,0.529795194,0.99992286,3.86E-05,12963,5.51E-05,0.465119869,0.810019465,0.99994112,0.23671524,0.244672079
Uttar Pradesh,Siddharthnagar,Criminal,16680,14895,11052,16556,13886,3344,504,76917,60840,8633,7436,8,40161,1840,28833,2578,1255,750,1367,4485,48456,,,0.629969578,0.445799423,0.990236356,0.009750644,102.4194407,0.013929491,0.439229055,0.681595858,0.990254438,0.001870265,0.309495416
Uttar Pradesh,Siddharthnagar,Total,21015,19417,14385,22963,19453,4797,813,102843,86081,8992,7681,89,42990,7243,43008,5902,1315,751,8378,6677,65752,,,0.639337249,0.466979114,0.992687955,0.007302322,136.7593085,0.010431889,0.445760407,0.713978111,0.992706082,0.00249734,0.298543068
Uttar Pradesh,Sonbhadra,Civil,3052,2047,1106,1501,772,42,28,8548,7428,383,631,99,32,1291,4887,2048,0,26,1962,1064,4188,,,0.489881858,0.274067142,0.996841736,0.003041291,316.5925926,0.004344702,0.341556724,0.41902932,0.996859939,0.005781246,0.394675284
Uttar Pradesh,Sonbhadra,Criminal,11084,11806,8899,10686,10871,1637,387,55370,51701,259,3410,0,3473,1871,20332,3260,875,671,583,3261,37318,,,0.673962905,0.425872749,0.987863683,0.012118257,82.39583333,0.017311795,0.469902198,0.65112938,0.987881722,0.001504617,0.311085151
Uttar Pradesh,Sonbhadra,Total,14136,13853,10005,12187,11643,1679,415,63918,59129,642,4041,99,3505,3162,25219,5308,875,697,2545,4325,41506,,,0.649353088,0.405575807,0.989079929,0.010904426,91.5730659,0.015577751,0.452743676,0.620096788,0.989097991,0.001672201,0.322294665
Uttar Pradesh,Sultanpur,Civil,11589,12694,11646,17421,13232,4795,1299,72676,69790,1155,1040,691,2433,8080,46751,14789,48,5,17985,7442,50335,,,0.692584999,0.50562076,0.999917443,6.88E-05,12112.66667,9.83E-05,0.482885944,0.773058462,0.999935702,0.221187441,0.251156829
Uttar Pradesh,Sultanpur,Criminal,27422,27621,23129,37537,38144,4502,769,159124,143303,805,15006,19,66398,966,80440,9792,558,284,1822,10461,116357,,,0.731230165,0.508732129,0.998208955,0.00178476,558.3298246,0.002549658,0.509830229,0.777815524,0.998227183,0.01019557,0.263874258
Uttar Pradesh,Sultanpur,Total,39011,40315,34775,54958,51376,9297,2068,231800,213093,1960,16046,710,68831,9046,127191,24581,606,289,19807,17903,166692,,,0.719116829,0.50775881,0.998748927,0.001246759,799.3103448,0.001781084,0.501384536,0.776327389,0.998767165,0.014596077,0.265571411
Uttar Pradesh,Unnao,Civil,7360,6113,3316,4838,2585,503,53,24768,23850,265,383,270,800,1161,13524,9268,13,3,6347,2668,33151,,,1.33840688,0.322136542,0.999838508,0.000121119,6192,0.000173027,0.933167583,0.492524039,0.999856766,0.113071108,0.224671137
Uttar Pradesh,Unnao,Criminal,28236,19684,14287,13351,10563,2725,188,89034,76371,189,12474,0,34245,5811,43695,3486,4170,9928,1153,5619,87317,,,0.980704217,0.301308474,0.888482058,0.111506711,8.96706617,0.159295301,0.683769187,0.460679394,0.888498282,0.000163746,0.358398028
Uttar Pradesh,Unnao,Total,35596,25797,17603,18189,13148,3228,241,113802,100221,454,12857,270,35045,6972,57219,12754,4183,9931,7500,8287,120468,,,1.058566119,0.30584431,0.912726378,0.087264835,11.45811518,0.12466405,0.738056268,0.467614367,0.912743045,0.000209235,0.331547578
Uttar Pradesh,Farrukhabad,Civil,5624,4144,2912,3079,1245,203,68,17275,16168,497,289,321,235,5452,10974,451,13,13,3056,2203,8887,,,0.514413059,0.26597592,0.999189627,0.000752489,1233.928571,0.001074984,0.358660433,0.406658413,0.999207873,0.02253257,0.391007668
Uttar Pradesh,Farrukhabad,Criminal,34065,12190,9839,11740,10076,2006,126,80042,64504,2635,12903,0,23783,3936,42823,1381,5774,5127,1152,5784,35847,,,0.447846782,0.299189186,0.935934435,0.064053071,15.60881435,0.091504388,0.312248918,0.457439152,0.935951526,0.00028503,0.423295418
Uttar Pradesh,Farrukhabad,Total,39689,16334,12751,14819,11321,2209,194,97317,80672,3132,13192,321,24018,9388,53797,1832,5787,5140,4208,7987,44734,,,0.459668304,0.293296204,0.947173185,0.05281654,18.92958568,0.075452199,0.32049115,0.448429199,0.947190481,0.00034567,0.41791788
Uttar Pradesh,Hamirpur,Civil,2293,2273,1558,1656,807,65,17,8669,7907,180,417,165,38,503,5739,2380,0,0,2332,1332,5307,,,0.612110727,0.293540946,0.99988466,0,8669,0,0.426777459,0.448803391,0.999902918,0.158303203,0.351437546
Uttar Pradesh,Hamirpur,Criminal,34966,11999,7689,10442,8385,2220,356,76057,71206,51,4800,2,31293,287,22519,19118,2683,573,466,4115,32885,,,0.432367404,0.281403666,0.992453128,0.007533724,132.5034843,0.010762463,0.301456344,0.430246346,0.992471251,0.002419625,0.403926007
Uttar Pradesh,Hamirpur,Total,37259,14272,9247,12098,9192,2285,373,84726,79113,231,5217,167,31331,790,28258,21498,2683,573,2798,5447,38192,,,0.450765399,0.282648978,0.9932253,0.006762897,147.6062718,0.009661282,0.314283844,0.432150342,0.993243437,0.002695414,0.3999938
Uttar Pradesh,Hathras,Civil,4536,3012,1444,1620,923,144,79,11758,9649,539,1186,384,2353,882,7335,658,90,42,1895,1639,5288,,,0.449698104,0.235224084,0.996343226,0.003571732,273.4418605,0.005102475,0.313539701,0.359641025,0.996361421,0.004993277,0.41652183
Uttar Pradesh,Hathras,Criminal,32594,10996,10399,14062,8967,1846,59,78923,75621,491,2811,0,39134,1017,15179,1816,1565,609,907,3361,44484,,,0.563630835,0.31592418,0.992271046,0.007716284,129.3819672,0.011023263,0.392976181,0.483025777,0.992289165,0.002362623,0.369113344
Uttar Pradesh,Hathras,Total,37130,14008,11843,15682,9890,1990,138,90681,85270,1030,3997,384,41487,1899,22514,2474,1655,651,2802,5000,49772,,,0.54886306,0.305463047,0.992810039,0.007178933,139.0812883,0.010255619,0.382679754,0.467031442,0.992828169,0.002539741,0.375271264
Uttar Pradesh,Jhansi,Civil,5875,3666,2396,3032,1187,167,15,16338,14164,591,878,705,126,1819,10678,3680,8,5,3339,1838,7824,,,0.478854275,0.26935553,0.99963278,0.000306016,2723,0.000437166,0.333868044,0.411825597,0.999651035,0.049724261,0.392861274
Uttar Pradesh,Jhansi,Criminal,21360,18915,14984,21552,13464,1576,31,91882,83949,441,7492,0,38866,1319,43669,6613,2724,1577,1526,6303,58527,,,0.636973107,0.398582981,0.982825985,0.017163131,58.22686946,0.024518759,0.444112074,0.60940525,0.982843932,0.001063271,0.33023355
Uttar Pradesh,Jhansi,Total,27235,22581,17380,24584,14651,1743,46,108220,98113,1032,8370,705,38992,3138,54347,10293,2732,1582,4865,8141,66351,,,0.613106514,0.37907615,0.985372525,0.014618235,68.36386608,0.020883193,0.427471744,0.579580682,0.985390518,0.001248381,0.340344118
Uttar Pradesh,Balrampur,Civil,3313,3183,2419,5073,2178,447,83,16696,16448,169,4,75,166,1686,8821,6009,2,0,3612,2125,12142,,,0.727196502,0.466011858,0.999940109,0,16696,0,0.507017868,0.712499246,0.999958369,0.304882948,0.252870667
Uttar Pradesh,Balrampur,Criminal,33215,17985,7732,9212,8199,2630,249,79222,73955,224,5027,14,40677,279,22328,958,1488,442,718,2225,37418,,,0.472312334,0.256112493,0.99440819,0.005579188,178.8306998,0.007970268,0.329306854,0.391577928,0.994426348,0.003265598,0.405943365
Uttar Pradesh,Balrampur,Total,36528,21168,10151,14285,10377,3077,332,95918,90403,393,5031,89,40843,1965,31149,6967,1490,442,4330,4350,49560,,,0.516685954,0.292653176,0.99538152,0.004608055,216.5191874,0.006582935,0.360245147,0.447446054,0.995399696,0.003953822,0.38406498
Uttar Pradesh,Mirzapur,Civil,4745,5249,2514,3669,1850,521,199,18747,16683,760,834,470,889,427,13920,3377,18,2,3560,2102,10233,,,0.545818221,0.332782163,0.999839983,0.000106678,6249,0.000152397,0.380556823,0.508800444,0.999858241,0.114111975,0.351477692
Uttar Pradesh,Mirzapur,Criminal,15528,22786,13104,17736,12693,3140,686,85673,72533,640,12500,0,28911,2397,50576,2097,1134,624,769,3900,51066,,,0.596050144,0.399829587,0.992704905,0.007283423,137.0768,0.01040489,0.415579657,0.611311222,0.992723032,0.002503137,0.331397711
Uttar Pradesh,Mirzapur,Total,20273,28035,15618,21405,14543,3661,885,104420,89216,1400,13334,470,29800,2824,64496,5474,1152,626,4329,6002,61299,,,0.58703709,0.387795558,0.993995461,0.005994963,166.539075,0.008564232,0.409295552,0.592912043,0.994013612,0.003041143,0.336794221
Uttar Pradesh,Kannauj,Civil,4227,3699,2431,3179,1574,177,17,15304,14227,459,456,162,4460,1275,3844,5596,4,3,4672,1977,8830,,,0.576935642,0.323227703,0.999738648,0.000196014,3826,0.000280021,0.402252594,0.494192349,0.999756904,0.069865965,0.35411595
Uttar Pradesh,Kannauj,Criminal,31232,11626,6950,10937,6086,574,56,67461,59355,3340,4900,0,22864,1949,35527,6422,6171,650,813,3846,28571,,,0.423512496,0.261673238,0.990350123,0.009635054,103.6267281,0.013764363,0.295282502,0.400079915,0.990368208,0.001892311,0.414053945
Uttar Pradesh,Kannauj,Total,35459,15325,9381,14116,7660,751,73,82765,73582,3799,5356,162,27324,3224,39371,12018,6175,653,5485,5823,37401,,,0.451888457,0.273058986,0.992098205,0.007889713,126.5519878,0.011271019,0.315066864,0.41748792,0.992116321,0.002310945,0.404084571
Uttar Pradesh,Jalaun,Civil,5031,3526,1807,2568,1402,241,68,14643,12237,535,1461,410,51,2436,6504,5643,2,0,3244,1389,6643,,,0.453632887,0.292201584,0.999931713,0,14643,0,0.316283121,0.446755602,0.999949972,0.267393448,0.368083664
Uttar Pradesh,Jalaun,Criminal,19082,10093,10380,9721,8504,1770,111,59661,55995,308,2914,444,31313,783,22020,3777,1340,680,607,3091,31543,,,0.528694982,0.336998424,0.988585699,0.011397539,87.60792952,0.016282199,0.368618113,0.515246809,0.988603752,0.001599794,0.368747886
Uttar Pradesh,Jalaun,Total,24113,13619,12187,12289,9906,2011,179,74304,68232,843,4375,854,31364,3219,28524,9420,1342,680,3851,4480,38186,,,0.513908889,0.328174416,0.990835072,0.00915147,109.1101322,0.013073529,0.358308914,0.501755524,0.990853165,0.001992442,0.373398918
Uttar Pradesh,Santkabir Nagar,Civil,4414,2946,1298,1823,1218,114,10,11823,11226,169,311,117,499,1354,6972,2331,0,0,3171,1578,4915,,,0.415679973,0.267675913,0.999915426,0,11823,0,0.28982149,0.409257582,0.999933686,0.215897885,0.388492198
Uttar Pradesh,Santkabir Nagar,Criminal,21303,15102,8238,11064,9962,609,5,66283,63235,286,2762,0,27369,610,22769,3419,1078,637,1002,4212,30724,,,0.463520608,0.326473961,0.990374751,0.009610162,103.8918495,0.013728803,0.323177064,0.499155647,0.990392836,0.001897152,0.382617914
Uttar Pradesh,Santkabir Nagar,Total,25717,18048,9536,12887,11180,723,15,78106,74461,455,3073,117,27868,1964,29741,5750,1078,637,4173,5790,35639,,,0.456284328,0.31757717,0.991831718,0.008155479,122.4231975,0.011650684,0.318131765,0.485553082,0.99184983,0.00223555,0.38645399
Uttar Pradesh,Hapur,Civil,2729,1770,697,996,178,53,95,6518,5392,375,210,541,523,1006,3592,1380,0,0,1363,906,2562,,,0.393005062,0.202791839,0.999846602,0,6518,0,0.274012028,0.310054411,0.99986486,0.119024141,0.426019233
Uttar Pradesh,Hapur,Criminal,53496,12981,9639,15323,11686,2250,186,105561,62840,446,42275,0,22697,1321,25417,5243,1033,670,908,3214,44258,,,0.419260719,0.278935602,0.993643546,0.006346981,157.318927,0.009067116,0.292318067,0.426472851,0.993661691,0.002872775,0.406395173
Uttar Pradesh,Hapur,Total,56225,14751,10336,16319,11864,2303,281,112079,68232,821,42485,541,23220,2327,29009,6623,1033,670,2271,4120,46820,,,0.41773733,0.274509279,0.994013205,0.005977873,167.0327869,0.008539818,0.291255926,0.419705316,0.994031356,0.003050159,0.408138859
Uttar Pradesh,Sambhal at Chandausi,Civil,5015,6545,3978,8058,322,28,39,23985,23343,178,254,210,127,595,4555,13882,290,0,2214,3369,12976,,,0.54098224,0.352163762,0.999958309,0,23985,0,0.377185067,0.538433541,0.999976569,0.437986195,0.31497369
Uttar Pradesh,Sambhal at Chandausi,Criminal,23491,14837,7040,13163,5845,1668,255,66299,61823,408,4066,3,16948,294,20756,1937,2714,2120,786,4141,28587,,,0.431176471,0.315701357,0.96800905,0.031975867,31.25836869,0.04567981,0.300625999,0.482685097,0.968026726,0.000570804,0.40350408
Uttar Pradesh,Sambhal at Chandausi,Total,28506,21382,11018,21221,6167,1696,294,90284,85166,586,4320,213,17075,889,25311,15819,3004,2120,3000,7510,41563,,,0.460353326,0.325391815,0.976507726,0.023481198,42.56671381,0.033544569,0.320968763,0.497501122,0.976525557,0.000777304,0.390662457
Uttar Pradesh,Chandauli,Civil,3473,4167,1537,2213,1425,254,48,13117,12039,346,619,113,922,2688,8004,1500,7,1,3313,1825,7278,,,0.554810184,0.300350663,0.999847538,7.62E-05,6558.5,0.000108902,0.386826224,0.459214969,0.999865796,0.119763705,0.361878546
Uttar Pradesh,Chandauli,Criminal,28792,17101,9880,13136,11811,3850,411,84981,80048,497,3114,1,29701,168,27054,10139,2256,1132,540,3727,45809,,,0.539043562,0.343696312,0.986667765,0.013320468,75.00529568,0.01902924,0.375833378,0.525487407,0.986685782,0.00136966,0.365464262
Uttar Pradesh,Chandauli,Total,32265,21268,11417,15349,13236,4104,459,98098,92087,843,3733,114,30623,2856,35058,11639,2263,1133,3853,5552,53087,,,0.541157402,0.337903546,0.988440249,0.011549557,86.50617284,0.016499367,0.377307195,0.516630677,0.988458299,0.001579675,0.366418944
Uttar Pradesh,Shamli at Kairana,Civil,3205,900,469,568,103,14,15,5274,4817,165,150,142,935,174,3184,748,53,66,761,431,1132,,,0.214597156,0.132701422,0.987298578,0.012511848,78.71641791,0.017874069,0.149621997,0.202891109,0.987316607,0.001437428,0.499494448
Uttar Pradesh,Shamli at Kairana,Criminal,28909,11126,11215,2882,934,227,9,55302,52691,200,2411,0,30825,234,17026,4151,2664,1890,908,1511,14687,,,0.265573296,0.073269081,0.965806557,0.034175361,29.244844,0.048821945,0.185163716,0.112023255,0.965824193,0.000534035,0.524810491
Uttar Pradesh,Shamli at Kairana,Total,32114,12026,11684,3450,1037,241,24,60576,57508,365,2561,142,31760,408,20210,4899,2717,1956,1669,1942,15819,,,0.261138716,0.078445615,0.967694009,0.032289483,30.95350026,0.046127833,0.182071826,0.119937809,0.96771168,0.000565237,0.522605772
West Bengal,Malda,Civil,4572,2814,1211,1882,727,161,58,11425,10411,245,9,760,4008,1546,3558,669,300,103,1892,2568,4144,,,0.362681603,0.247505689,0.990897952,0.009014528,109.8557692,0.012877898,0.252869826,0.378418732,0.990916047,0.002006058,0.429223807
West Bengal,Malda,Criminal,17105,11877,7539,14229,4368,2936,1537,59591,55651,135,386,3420,15339,2480,10655,2487,1311,359,420,7623,14893,,,0.249916096,0.387132501,0.993958921,0.006024299,165.5305556,0.008606141,0.174247161,0.591898275,0.993977071,0.003022727,0.392778693
West Bengal,Malda,Total,21677,14691,8750,16111,5095,3097,1595,71016,66062,380,395,4180,19347,4026,14213,3156,1611,462,2312,10191,19037,,,0.268062577,0.364673247,0.993480434,0.006505485,153.3822894,0.009293549,0.186899298,0.557559661,0.993498576,0.002800889,0.398641982
West Bengal,Hooghly,Civil,10975,8391,4539,7504,2803,459,131,34802,30286,2546,2,1965,10735,8389,12211,3346,597,375,7380,5269,17504,,,0.502945148,0.313105192,0.989196334,0.010774933,92.55851064,0.015392762,0.350664746,0.478715743,0.989214397,0.001690196,0.381831645
West Bengal,Hooghly,Criminal,18714,15806,9975,32439,5976,1881,602,85393,74331,794,9298,747,37590,3964,32976,7053,1461,460,1929,9165,55451,,,0.649354756,0.478932946,0.994601494,0.005386795,185.2342733,0.007695422,0.452744839,0.732254677,0.994619657,0.003382533,0.291262243
West Bengal,Hooghly,Total,29689,24197,14514,39943,8779,2340,733,120195,104617,3340,9300,2712,48325,12353,45187,10399,2058,835,9309,14434,72955,,,0.606966954,0.430921162,0.993044694,0.006946987,143.7739234,0.009924267,0.423191104,0.658848047,0.993062827,0.002625432,0.317507143
West Bengal,Calcutta,Civil,14587,10406,4888,8826,11691,548,155,51101,45542,522,45,4991,15535,9328,16781,1922,799,1053,5764,3005,21186,,,0.4145826,0.415247936,0.979374584,0.020605847,48.4829222,0.029436924,0.289056376,0.63488479,0.979392468,0.000885339,0.362361736
West Bengal,Calcutta,Criminal,280894,141267,50914,166917,201871,12655,1503,856021,854326,833,402,373,451668,16801,46791,16119,24184,6396,1246,495,261930,,,0.305985127,0.447355325,0.992527061,0.007471771,133.8160075,0.010673958,0.213339759,0.683974723,0.992545186,0.002443592,0.361235003
West Bengal,Calcutta,Total,295481,151673,55802,175743,213562,13203,1658,907122,899868,1355,447,5364,467203,26129,63572,18041,24983,7449,7010,3500,283116,,,0.31210321,0.445547076,0.991787222,0.008211676,121.7613423,0.011730965,0.217605425,0.681210037,0.991805333,0.002223464,0.361310177
West Bengal,Jalpaiguri,Civil,4415,3893,1488,2509,872,95,14,13286,11123,1082,0,1081,5186,2743,4270,1043,292,198,2071,2099,6263,,,0.471362986,0.262662753,0.985022955,0.014901784,66.7638191,0.021288262,0.328644948,0.401592814,0.985040942,0.001219163,0.408502378
West Bengal,Jalpaiguri,Criminal,13200,11901,8833,26050,15042,810,154,75990,72696,430,2314,549,35741,3908,15643,5509,920,571,445,2581,41065,,,0.540392941,0.553433959,0.992472793,0.007514048,132.8496503,0.010734354,0.376774195,0.846161469,0.992490916,0.002425946,0.281906392
West Bengal,Jalpaiguri,Total,17615,15794,10321,28559,15914,905,168,89276,83819,1512,2314,1630,40927,6651,19913,6552,1212,769,2516,4680,47328,,,0.53012534,0.510164992,0.991375158,0.008613641,115.9428571,0.012305201,0.369615391,0.780006271,0.991393262,0.002117214,0.300753596
West Bengal,Coochbehar,Civil,2116,1387,641,724,172,11,5,5056,4680,198,0,179,1570,762,2221,498,142,162,1067,1351,1395,,,0.27585525,0.180344078,0.967767451,0.032034803,31.01840491,0.045764005,0.192332527,0.275733368,0.967785123,0.000566422,0.48106988
West Bengal,Coochbehar,Criminal,7619,6501,4443,10267,6134,449,37,35450,34078,130,294,935,10373,2233,13224,4519,930,634,237,3256,13751,,,0.387887507,0.476347635,0.982087952,0.01788384,55.82677165,0.025548342,0.270443953,0.728301918,0.982105886,0.001019444,0.34199411
West Bengal,Coochbehar,Total,9735,7888,5084,10991,6306,460,42,40506,38758,328,294,1114,11943,2995,15445,5017,1072,796,1304,4607,15146,,,0.373910682,0.439405535,0.980324388,0.019650925,50.82308657,0.028072749,0.260698994,0.671820055,0.98034229,0.000928072,0.359348526
West Bengal,Paschim Medinpur,Civil,8638,5964,3068,6319,3020,567,200,27776,25404,1018,8,1313,10689,4975,10092,1896,472,366,4241,5782,13370,,,0.481333477,0.363826187,0.98678763,0.013176369,75.68392371,0.018823384,0.3355966,0.556264565,0.98680565,0.001382052,0.367225443
West Bengal,Paschim Medinpur,Criminal,16602,17092,10868,22462,7623,1679,466,76792,72951,1288,137,1446,43320,4295,21502,6235,2330,2066,259,4741,43400,,,0.565155678,0.419699712,0.973083484,0.026903494,37.15142719,0.038433563,0.394039336,0.641691242,0.973101253,0.000678416,0.338971321
West Bengal,Paschim Medinpur,Total,25240,23056,13936,28781,10643,2246,666,104568,98355,2306,145,2759,54009,9270,31594,8131,2802,2432,4500,10523,56770,,,0.542895122,0.404861862,0.976733066,0.023257371,42.97903822,0.033224815,0.378518772,0.619005216,0.976750902,0.000784833,0.346479532
West Bengal,Birbhum,Civil,5210,4334,2535,3915,1214,256,97,17561,15759,945,280,574,4725,4782,6873,1110,370,304,4149,1933,9512,,,0.541623961,0.312151236,0.982632958,0.017310101,57.57704918,0.024728716,0.37763249,0.477257211,0.982650901,0.001051405,0.379170088
West Bengal,Birbhum,Criminal,14586,11016,7578,11374,4610,1442,415,51021,47047,364,2,3608,22357,3048,16446,4767,1280,1020,413,3270,30558,,,0.598918114,0.34967269,0.979989024,0.019991376,49.97159647,0.028559109,0.417579271,0.534624867,0.98000692,0.000912523,0.356693639
West Bengal,Birbhum,Total,19796,15350,10113,15289,5824,1698,512,68582,62806,1309,282,4182,27082,7830,23319,5877,1650,1324,4562,5203,40070,,,0.584255574,0.340069697,0.980680344,0.019305076,51.76,0.027578679,0.407356216,0.519942568,0.980698252,0.000945181,0.362442932
West Bengal,Purba Medinipur,Civil,8927,6164,3318,7060,2621,489,118,28697,25378,1503,535,1017,12107,5874,7838,2243,409,296,6028,5726,15196,,,0.529514252,0.358491881,0.989650847,0.010314308,96.62289562,0.014734725,0.369189327,0.548108788,0.989668919,0.001764415,0.359824801
West Bengal,Purba Medinipur,Criminal,21267,21573,8196,22553,7879,1262,439,83169,68464,420,7083,1844,36132,7840,27799,6116,983,669,2110,6923,44685,,,0.537273055,0.386353252,0.991944211,0.008043766,124.1328358,0.011491094,0.37459894,0.590706858,0.991962324,0.00226677,0.346676902
West Bengal,Purba Medinipur,Total,30194,27737,11514,29613,10500,1751,557,111866,93842,1923,7618,2861,48239,13714,35637,8359,1392,965,8138,12649,59881,,,0.53528744,0.37920924,0.991364746,0.008626315,115.8033126,0.012323307,0.373214524,0.579784167,0.991382849,0.002114666,0.350047885
West Bengal,Purulia,Civil,2766,2571,1830,2828,622,145,48,10810,9761,675,14,361,4218,2261,3463,863,170,61,3078,772,7250,,,0.670613264,0.336971603,0.9942651,0.005642401,174.3548387,0.008060573,0.467566753,0.515205801,0.994283256,0.003183865,0.342269619
West Bengal,Purulia,Criminal,6672,4377,3514,5267,3123,1156,239,24348,21320,90,1750,1188,12360,970,8669,2247,2399,1531,184,1761,14922,,,0.61283831,0.401864553,0.937081605,0.062877326,15.89295039,0.089824751,0.427284746,0.614422542,0.937098717,0.000290219,0.356128108
West Bengal,Purulia,Total,9438,6948,5344,8095,3745,1301,287,35158,31081,765,1764,1549,16578,3231,12132,3110,2569,1592,3262,2533,22172,,,0.630620894,0.381922125,0.954691544,0.045280014,22.0703076,0.064685734,0.439683167,0.583931978,0.954708978,0.000403022,0.351925625
West Bengal,Howrah,Civil,10715,8369,5011,8516,4730,616,206,38163,32128,1946,1011,2663,11071,7346,17208,2405,514,467,4402,9262,22225,,,0.582355099,0.368619642,0.987737134,0.012236663,81.54487179,0.017480947,0.406031162,0.563593419,0.987755171,0.001489078,0.348208727
West Bengal,Howrah,Criminal,12989,13188,8624,25717,16673,2375,328,79894,76743,688,200,2173,15127,4638,31744,7685,750,445,1006,8171,60543,,,0.757782089,0.564403279,0.994417673,0.00556981,179.1345291,0.007956872,0.528342832,0.862932785,0.994435832,0.003271147,0.240720969
West Bengal,Howrah,Total,23704,21557,13635,34233,21403,2991,534,118057,108871,2634,1211,4836,26198,11984,48952,10090,1264,912,5408,17433,82768,,,0.701079131,0.501118094,0.992266513,0.007725017,129.3066813,0.011035738,0.488808245,0.766174203,0.992284633,0.002361248,0.275493964
West Bengal,Murshidabad,Civil,10326,10598,5811,9538,4924,635,176,42008,37832,2536,432,1174,15482,7427,15922,2371,471,269,10527,6844,24129,,,0.574376919,0.36356495,0.993572806,0.00640339,155.5851852,0.0091477,0.400468594,0.555865153,0.993590949,0.002841116,0.348391862
West Bengal,Murshidabad,Criminal,25276,30323,24568,60033,23988,4444,990,169622,143821,504,22094,3142,94725,10322,38338,11257,1563,789,1361,39656,123526,,,0.728238505,0.527375415,0.995342613,0.004651492,214.7113924,0.006644988,0.507744376,0.806319793,0.995360789,0.00392081,0.259255779
West Bengal,Murshidabad,Total,35602,40921,30379,69571,28912,5079,1166,211630,181653,3040,22526,4316,110207,17749,54260,13628,2034,1058,11888,46500,147655,,,0.697700242,0.494861339,0.994996007,0.004999268,199.8394712,0.007141811,0.486452408,0.756608065,0.995014177,0.003649236,0.276952101
West Bengal,South Dinajpur,Civil,2123,1389,706,1256,412,16,5,5907,5372,221,26,268,1296,992,2967,590,97,99,1267,1366,2700,,,0.457007448,0.285883548,0.983073798,0.01675694,59.07,0.023938485,0.318635941,0.43709577,0.98309175,0.001078668,0.402954565
West Bengal,South Dinajpur,Criminal,10767,7476,3185,6688,4031,308,2,32457,30236,101,1835,78,5214,1104,20560,3158,946,533,170,1779,10230,,,0.315176536,0.339792963,0.98354797,0.016421221,60.78089888,0.023458888,0.219748218,0.519519462,0.98356593,0.00110991,0.405548955
West Bengal,South Dinajpur,Total,12890,8865,3891,7944,4443,324,7,38364,35608,322,1861,346,6510,2096,23527,3748,1043,632,1437,3145,12930,,,0.337025935,0.331500065,0.983500586,0.016473348,60.60663507,0.023533354,0.234982113,0.506840206,0.983518546,0.001106728,0.405138932
West Bengal,North Twenty Four Parganas,Civil,21672,16512,8064,17377,12214,1716,511,78066,73047,1908,128,2620,37886,12320,22134,5516,963,543,8289,9641,33676,,,0.431373051,0.407572982,0.993031627,0.006955564,143.5036765,0.00993652,0.300763059,0.623150328,0.99304976,0.002620497,0.35547122
West Bengal,North Twenty Four Parganas,Criminal,44267,44114,30980,72896,31362,4405,1320,229344,216418,2541,3224,7087,82243,13633,63068,33898,2744,1127,1964,11950,105092,,,0.458226689,0.479552639,0.995081646,0.004913994,203.3191489,0.007019992,0.319486024,0.733202144,0.995099817,0.003712778,0.322339909
West Bengal,North Twenty Four Parganas,Total,65939,60626,39044,90273,43576,6121,1831,307410,289465,4449,3352,9707,120129,25953,85202,39414,3707,1670,10253,21591,138768,,,0.4514087,0.461274971,0.99456428,0.005432467,183.967684,0.007760667,0.314732368,0.705256879,0.994582442,0.003359404,0.330759039
West Bengal,Darjeeling,Civil,2442,1582,840,1932,627,49,6,7478,6515,274,1,647,2532,1456,3109,323,146,134,1163,1413,3793,,,0.507153363,0.349511967,0.981949458,0.017916834,55.39259259,0.025595477,0.353598808,0.534379133,0.98196739,0.001011515,0.370888947
West Bengal,Darjeeling,Criminal,7761,7600,4336,6486,1261,134,7,27585,18502,8283,139,660,10137,1636,9066,2300,412,339,249,1220,14181,,,0.514065105,0.285942145,0.987674908,0.012288842,81.13235294,0.017555489,0.358417832,0.43718536,0.987692943,0.001481545,0.391179723
West Bengal,Darjeeling,Total,10203,9182,5176,8418,1888,183,13,35063,25017,8557,140,1307,12669,3092,12175,2623,558,473,1412,2633,17974,,,0.512605521,0.299509468,0.986481862,0.013489619,73.97257384,0.019270884,0.357400177,0.457928841,0.986499876,0.001350801,0.38684286
West Bengal,Purba Bardhaman,Civil,8070,5642,3185,6028,2243,324,96,25588,22921,976,368,1325,8194,5195,10045,2043,462,350,5823,5609,13003,,,0.508148032,0.339638126,0.986283169,0.013677752,72.9002849,0.019539646,0.354292315,0.519282726,0.986301179,0.00133122,0.372313928
West Bengal,Purba Bardhaman,Criminal,20707,11524,6695,12021,4981,1454,159,57541,52522,445,1561,2997,27761,2970,21791,4096,2443,511,527,8049,28238,,,0.490737201,0.323502833,0.991102151,0.00888047,112.3847656,0.012686386,0.342153088,0.494613002,0.99112025,0.00205224,0.37887547
West Bengal,Purba Bardhaman,Total,28777,17166,9880,18049,7224,1778,255,83129,75443,1421,1929,4322,35955,8165,31836,6139,2905,861,6350,13658,41241,,,0.49610249,0.328473475,0.989630699,0.010357272,96.43735499,0.014796102,0.34589389,0.502212764,0.98964877,0.001761027,0.376856984
West Bengal,Bankura,Civil,3726,2727,1534,2338,781,150,39,11295,10342,459,10,483,3107,2266,4709,1173,163,53,2897,2023,5878,,,0.52036119,0.292847025,0.995219547,0.004691926,209.1666667,0.006702752,0.362807604,0.447742436,0.99523772,0.003819559,0.383455544
West Bengal,Bankura,Criminal,8422,7433,4546,8412,2072,110,2,30997,28175,262,1847,713,10844,1589,13341,4150,387,279,280,2524,16717,,,0.539292858,0.341828505,0.990967159,0.009000581,110.7035714,0.012857972,0.376007192,0.522631662,0.990985255,0.00202154,0.363901324
West Bengal,Bankura,Total,12148,10160,6080,10750,2853,260,41,42292,38517,721,1857,1196,13951,3855,18050,5323,550,332,3177,4547,22595,,,0.534249167,0.328754167,0.992126357,0.007849999,127.003003,0.011214284,0.372490616,0.502641922,0.992144474,0.002319181,0.369130485
West Bengal,South Twenty Four Parganas,Civil,35349,26237,15488,36870,29672,4672,1436,149724,129823,5632,472,13457,52586,28462,55241,7740,1929,1454,32056,18991,75903,,,0.506949407,0.485222909,0.990282184,0.009711137,102.9030928,0.013873053,0.353456606,0.741871586,0.990300267,0.001879097,0.314708768
West Bengal,South Twenty Four Parganas,Criminal,33007,31176,24125,80965,66935,13679,5379,255266,247114,3167,1783,3200,96378,15738,70395,30622,1900,1130,25668,26273,190934,,,0.747977608,0.654052424,0.995569345,0.004426737,225.6993811,0.006323911,0.521506925,1,0.995587525,0.00412146,0.207358317
West Bengal,South Twenty Four Parganas,Total,68356,57413,39613,117835,96607,18351,6815,404990,376937,8799,2255,16657,148964,44200,125636,38362,3829,2584,57724,45264,266837,,,0.658871432,0.591637839,0.993617142,0.006380389,156.6692456,0.009114841,0.459380082,0.904572505,0.993635286,0.002860912,0.247084005
West Bengal,North Dinajpur,Civil,4733,3086,1373,1495,547,85,20,11339,10545,238,16,536,4097,2339,3992,883,231,122,2520,2398,4475,,,0.394620811,0.189329806,0.989153439,0.010758377,92.18699187,0.015369111,0.275138565,0.289471913,0.989171502,0.001683412,0.447130795
West Bengal,North Dinajpur,Criminal,10696,6615,4561,9813,5529,1060,102,38376,37033,251,328,766,10366,2027,11723,4539,958,1139,333,3958,23739,,,0.618573625,0.430049248,0.970294708,0.029679235,33.66315789,0.042398907,0.431283538,0.657514953,0.970312426,0.000614717,0.327591252
West Bengal,North Dinajpur,Total,15429,9701,5934,11308,6076,1145,122,49715,47578,489,344,1302,14463,4366,15715,5422,1189,1261,2853,6356,28214,,,0.567503419,0.375150857,0.974615818,0.025364068,39.39381933,0.036234383,0.395676234,0.573579186,0.974633615,0.000719364,0.354860948
West Bengal,Nadia,Civil,9654,6707,3420,4693,961,116,63,25614,21728,1742,862,1281,7338,5357,9855,2646,634,483,5998,6667,10083,,,0.393636541,0.227718134,0.981104821,0.018856139,52.9214876,0.026937341,0.27445231,0.348164957,0.981122737,0.000966391,0.436739304
West Bengal,Nadia,Criminal,25586,22452,8979,33604,22114,3984,973,117692,107875,899,7740,1104,41860,4855,39158,12429,1688,811,1892,14160,74218,,,0.630606748,0.515536183,0.993100694,0.006890809,144.9408867,0.009844013,0.439673304,0.788218443,0.993118829,0.002646742,0.281172163
West Bengal,Nadia,Total,35240,29159,12399,38297,23075,4100,1036,143306,129603,2641,8602,2385,49198,10212,49013,15075,2322,1294,7890,20827,84301,,,0.588254586,0.464094566,0.990963456,0.009029566,110.6610039,0.01289938,0.410144418,0.709567841,0.990981552,0.002020763,0.309004916
West Bengal,kalimpong,Civil,151,64,25,34,19,0,0,293,256,7,10,20,32,64,174,22,15,7,83,98,66,,,0.224489796,0.180272109,0.972789116,0.023809524,36.625,0.034013605,0.156519369,0.275623333,0.97280688,0.000668803,0.486138289
West Bengal,kalimpong,Criminal,541,322,83,85,8,1,0,1040,894,138,1,7,152,83,589,43,135,109,13,53,187,,,0.179634966,0.090297791,0.894332373,0.104707012,9.454545455,0.149581446,0.125245566,0.13805895,0.894348704,0.000172648,0.568353083
West Bengal,kalimpong,Total,692,386,108,119,27,1,0,1333,1150,145,11,27,184,147,763,65,150,116,96,151,253,,,0.189655172,0.110194903,0.912293853,0.086956522,11.39316239,0.124223602,0.132231881,0.16848023,0.912310512,0.000208049,0.550064859
West Bengal,Paschim Bardhaman,Civil,7642,5427,3490,5268,907,139,22,22895,19991,1007,18,1764,9446,4015,6901,1740,334,169,3241,5574,10923,,,0.477070231,0.27672956,0.992575122,0.007381202,134.6764706,0.010544574,0.332624167,0.423099968,0.992593248,0.002459305,0.398254231
West Bengal,Paschim Bardhaman,Criminal,19393,26669,9345,27811,2833,1167,137,87355,80175,497,3951,2722,41059,3233,36749,5046,1747,1323,791,5434,50925,,,0.582959385,0.365721874,0.984843628,0.015144924,65.97809668,0.021635606,0.406452483,0.559162936,0.984861612,0.001204815,0.350709868
West Bengal,Paschim Bardhaman,Total,27035,32096,12835,33079,3740,1306,159,110250,100166,1504,3969,4486,50505,7248,43650,6786,2081,1492,4032,11008,61848,,,0.560974504,0.347244016,0.986458173,0.013532757,73.84460817,0.01933251,0.391124127,0.530911596,0.986476186,0.001348464,0.360590145
West Bengal,Jhargram,Civil,798,622,363,565,126,16,1,2491,2349,73,4,63,707,581,989,208,43,53,655,457,961,,,0.385634029,0.284109149,0.978330658,0.021268058,46.12962963,0.03038294,0.268872777,0.43438284,0.978348523,0.000842366,0.41778067
West Bengal,Jhargram,Criminal,2664,2441,1592,4052,1349,212,47,12357,11996,20,3,338,7420,366,3440,1070,1665,1646,62,675,7991,,,0.646625668,0.458002913,0.866726007,0.133193073,7.50273224,0.190275819,0.450842058,0.700254133,0.866741835,0.000137006,0.364580583
West Bengal,Jhargram,Total,3462,3063,1955,4617,1475,228,48,14848,14345,93,7,401,8127,947,4429,1278,1708,1699,717,1132,8952,,,0.60286888,0.428850428,0.885514176,0.114418479,8.734117647,0.163454971,0.420333834,0.65568204,0.885530346,0.000159492,0.373488088
West Bengal,Alipurduar,Civil,695,623,294,758,208,2,0,2580,2439,3,3,135,871,612,1003,94,17,4,542,611,1376,,,0.533126695,0.375048431,0.998062766,0.001549787,516,0.002213981,0.371708004,0.573422584,0.998080992,0.009422592,0.34783612
West Bengal,Alipurduar,Criminal,142,68,49,73,7,0,0,339,339,0,0,0,37,4,256,5,2,0,0,1,100,,,0.294117647,0.235294118,0.997058824,0,339,0,0.205065483,0.359748101,0.997077031,0.006190424,0.440929935
West Bengal,Alipurduar,Total,837,691,343,831,215,2,0,2919,2778,3,3,135,908,616,1259,99,19,4,542,612,1476,,,0.505479452,0.35890411,0.998287671,0.001369863,583.8,0.001956947,0.35243172,0.548739056,0.998305901,0.010660677,0.358371626
Maharashtra,Nandurbar,Civil,3641,2016,1130,1213,273,35,8,8316,3957,441,1773,2145,2698,2150,2842,626,333,235,1846,1301,1647,,,0.198028135,0.183840327,0.971624384,0.028255381,35.23728814,0.040364829,0.1380697,0.281078887,0.971642126,0.000643462,0.49065997
Maharashtra,Nandurbar,Criminal,8710,6039,3654,1814,213,21,2,20453,17977,198,2278,0,10709,1354,6581,1809,635,384,557,866,5705,,,0.278918549,0.100224895,0.981177276,0.018773834,53.12467532,0.026819763,0.194468328,0.153236792,0.981195193,0.000970101,0.504473343
Maharashtra,Nandurbar,Total,12351,8055,4784,3027,486,56,10,28769,21934,639,4051,2145,13407,3504,9423,2435,968,619,2403,2167,7352,,,0.255543969,0.124400417,0.978449774,0.021515468,46.4016129,0.030736382,0.178171042,0.190199459,0.978467641,0.000847332,0.500472336
Maharashtra,Dhule,Civil,8097,5238,2265,2596,548,51,17,18812,8942,924,3631,5315,5039,6316,6487,970,651,337,4140,3500,5140,,,0.27321533,0.170733004,0.9820337,0.017913145,55.65680473,0.025590207,0.190491915,0.261038714,0.982051633,0.00101634,0.477981287
Maharashtra,Dhule,Criminal,11294,8672,4910,4553,705,109,25,30268,25518,474,4276,0,16734,2938,8492,2104,799,458,808,2605,15737,,,0.519904853,0.178136047,0.984835971,0.015130992,65.94335512,0.021615703,0.362489436,0.272357445,0.984853955,0.001204181,0.432952238
Maharashtra,Dhule,Total,19391,13910,7175,7149,1253,160,42,49080,34460,1398,7907,5315,21773,9254,14979,3074,1450,795,4948,6105,20877,,,0.425358082,0.175302052,0.983781912,0.016197714,61.65829146,0.023139591,0.296569286,0.268024466,0.983799876,0.001125932,0.450205147
Maharashtra,Jalgaon,Civil,13860,11096,5938,8087,1897,195,46,41119,19143,2093,4910,14969,12091,13810,12772,2184,1247,851,9040,6549,11512,,,0.279961089,0.248662451,0.979280156,0.020695525,48.26173709,0.029565036,0.195195211,0.38018734,0.979298038,0.0008813,0.448439354
Maharashtra,Jalgaon,Criminal,25907,23015,13223,12051,2218,296,198,76908,64402,1484,10972,24,39881,9512,22745,4762,3825,2803,2969,6745,25979,,,0.337788815,0.191954128,0.963541328,0.03644567,27.42796006,0.052065242,0.235514011,0.293484315,0.963558923,0.000500858,0.468581604
Maharashtra,Jalgaon,Total,39767,34111,19161,20138,4115,491,244,118027,83545,3577,15882,14993,51972,23322,35517,6946,5072,3654,12009,13294,37491,,,0.317644966,0.211712475,0.969032772,0.030958756,32.29192886,0.044226794,0.221469263,0.323693434,0.969050467,0.000589678,0.461565403
Maharashtra,Buldhana,Civil,7714,7751,3131,4419,1409,102,16,24542,14496,1462,2465,6119,5024,7450,10127,1932,753,431,5350,4418,6116,,,0.24919529,0.242268671,0.98239824,0.017561015,56.81018519,0.025087165,0.173744599,0.370411702,0.982416179,0.001037402,0.45437823
Maharashtra,Buldhana,Criminal,24069,28372,18501,14950,2106,218,65,88281,80233,1302,6240,506,50449,9972,18246,9614,1877,1249,1338,3625,37082,,,0.420040325,0.196404703,0.985840828,0.014147844,70.6248,0.020211206,0.292861626,0.300288931,0.985858831,0.001289668,0.441951793
Maharashtra,Buldhana,Total,31783,36123,21632,19369,3515,320,81,112823,94729,2764,8705,6625,55473,17422,28373,11546,2630,1680,6688,8043,43198,,,0.382879529,0.206383394,0.985100688,0.014890449,67.11659726,0.02127207,0.266952278,0.315545645,0.985118677,0.001225605,0.444652609
Maharashtra,Akola,Civil,7975,4887,2905,3978,1145,127,25,21042,8546,1373,3575,7548,7182,5789,7018,1051,883,473,4540,3819,5130,,,0.243786532,0.250677185,0.977474695,0.022477784,44.39240506,0.032111119,0.169973491,0.383267726,0.977492544,0.000810643,0.454557817
Maharashtra,Akola,Criminal,24831,20520,11583,10967,2189,305,139,70534,63544,1219,5772,0,45503,8372,13308,3351,2197,732,1397,3745,14080,,,0.199617211,0.192812079,0.989607996,0.010377827,96.22646658,0.014825467,0.13917764,0.294796062,0.989626067,0.001757176,0.477808209
Maharashtra,Akola,Total,32806,25407,14488,14945,3334,432,164,91576,72090,2592,9347,7548,52685,14161,20326,4402,3080,1205,5937,7564,19210,,,0.209768828,0.206110705,0.986830754,0.013158326,75.93366501,0.018797608,0.146255577,0.315128722,0.986848775,0.001386612,0.472476171
Maharashtra,Amravati,Civil,14744,11127,4022,4979,931,47,14,35864,16672,2419,7145,9628,11395,9527,12620,2311,1496,935,8005,7568,8382,,,0.233709745,0.166485431,0.973902133,0.026069985,38.31623932,0.037242835,0.162947726,0.254544476,0.973919917,0.000699687,0.490278835
Maharashtra,Amravati,Criminal,38204,33693,19595,17339,1465,177,205,110678,101033,1842,7396,408,77021,6121,22155,5379,3178,955,1982,4679,36990,,,0.334209742,0.173348151,0.991362408,0.008628556,115.7719665,0.012326509,0.2330186,0.26503709,0.991380512,0.002114093,0.462100629
Maharashtra,Amravati,Total,52948,44820,23617,22318,2396,224,219,146542,117705,4261,14541,10036,88416,15648,34775,7690,4674,1890,9987,12247,45372,,,0.309615608,0.171669749,0.987095938,0.012897238,77.49444738,0.018424626,0.215871013,0.262470931,0.987113963,0.001415114,0.469027143
Maharashtra,Wardha,Civil,4696,3814,2822,2040,320,16,5,13713,7026,1063,1562,4062,2955,4688,5277,787,346,217,2964,3093,3214,,,0.234359049,0.1736182,0.984103835,0.015823246,62.90366972,0.022604638,0.163400436,0.265449976,0.984121806,0.001148674,0.482234832
Maharashtra,Wardha,Criminal,19738,19678,13067,8233,141,3,0,60860,56433,471,3956,0,39411,4268,15509,1672,1781,627,1010,2914,17738,,,0.291451011,0.137641511,0.989681405,0.010302164,96.91082803,0.014717377,0.203206245,0.210444157,0.989699478,0.001769673,0.483717026
Maharashtra,Wardha,Total,24434,23492,15889,10273,461,19,5,74573,63459,1534,5518,4062,42366,8956,20786,2459,2127,844,3974,6007,20952,,,0.280955829,0.144259393,0.988668973,0.011317617,88.25207101,0.016168025,0.195888766,0.220562432,0.988687027,0.001611557,0.483444222
Maharashtra,Nagpur,Civil,22161,17261,13028,17661,6882,642,261,77896,45879,3052,8095,20870,25046,21220,26882,4423,1684,960,13916,12090,10211,,,0.131083354,0.326662131,0.987663196,0.012323966,81.05723205,0.017605666,0.091394282,0.499443346,0.987681232,0.001480173,0.438892616
Maharashtra,Nagpur,Criminal,61005,52416,32404,40447,18680,7947,5645,218544,202289,2048,14193,14,156477,15424,37507,9060,7125,3762,3306,6959,30497,,,0.139545631,0.332741541,0.982781578,0.017213846,58.07706617,0.024591209,0.097294374,0.508738335,0.982799525,0.001060536,0.437672491
Maharashtra,Nagpur,Total,83166,69677,45432,58108,25562,8589,5906,296440,248168,5100,22288,20884,181523,36644,64389,13483,8809,4722,17222,19049,40708,,,0.137322435,0.331145152,0.984067656,0.015928971,62.76519162,0.022755672,0.095744311,0.506297569,0.984085626,0.001146145,0.437994148
Maharashtra,Bhandara,Civil,3142,2450,1744,1515,135,15,0,9001,5354,472,1019,2156,1712,2786,3667,740,197,93,1968,1730,2434,,,0.270384359,0.184958898,0.989557876,0.010331038,95.75531915,0.014758625,0.188518098,0.282789103,0.989575946,0.001748572,0.469118939
Maharashtra,Bhandara,Criminal,9626,4724,2551,1353,39,3,1,18297,16568,182,1546,1,8084,1883,6643,1679,790,253,323,806,4333,,,0.236801836,0.076292491,0.986118701,0.013826648,72.03543307,0.019752354,0.165103602,0.116645835,0.986136709,0.001315427,0.51806821
Maharashtra,Bhandara,Total,12768,7174,4295,2868,174,18,1,27298,21922,654,2565,2157,9796,4669,10310,2419,987,346,2291,2536,6767,,,0.247884538,0.112128649,0.987288912,0.012674457,78.6685879,0.018106367,0.172830713,0.171436792,0.98730694,0.001436554,0.501918484
Maharashtra,Gondia,Civil,3051,2423,1367,1684,177,19,2,8723,5418,653,778,1874,1880,2427,3844,571,305,145,1909,1939,1737,,,0.199105915,0.215726731,0.983264558,0.016620816,59.74657534,0.023744023,0.138821152,0.329830948,0.983282513,0.001091023,0.47235532
Maharashtra,Gondia,Criminal,11280,6288,2835,1772,145,69,37,22426,20015,378,2033,0,8680,2192,10325,1223,980,539,411,1166,4043,,,0.180273777,0.090203772,0.97592188,0.024033531,41.52962963,0.034333616,0.12569096,0.137915202,0.975939701,0.000758366,0.527286856
Maharashtra,Gondia,Total,14331,8711,4202,3456,322,88,39,31149,25433,1031,2811,1874,10560,4619,14169,1794,1285,684,2320,3105,5780,,,0.185553772,0.125361156,0.978009631,0.021958266,45.4729927,0.031368952,0.129372292,0.19166836,0.97802749,0.000830375,0.511895605
Maharashtra,Gadchiroli,Civil,1869,945,443,413,49,8,2,3729,1905,296,647,881,657,1143,1406,523,149,68,860,1076,689,,,0.184718499,0.126541555,0.98150134,0.018230563,54.04347826,0.026043661,0.12878992,0.193473108,0.981519264,0.000986879,0.509737554
Maharashtra,Gadchiroli,Criminal,6063,4671,2721,719,24,3,0,14201,12761,286,1154,0,3981,1500,7238,1481,514,325,129,791,4122,,,0.290240811,0.052527813,0.977045487,0.022884101,43.56134969,0.032691573,0.202362466,0.080311319,0.977063328,0.000795467,0.522961295
Maharashtra,Gadchiroli,Total,7932,5616,3164,1132,73,11,2,17930,14666,582,1801,881,4638,2643,8644,2004,663,393,989,1867,4811,,,0.268306285,0.067927054,0.978026881,0.02191735,45.50761421,0.0313105,0.187069218,0.103855672,0.97804474,0.000831007,0.520195289
Maharashtra,Chandrapur,Civil,6352,4439,2787,5658,1319,138,12,20705,10208,1684,2102,6711,5345,6093,8087,1170,631,310,4218,4192,6945,,,0.335410026,0.344199749,0.984980199,0.014971506,66.5755627,0.021387865,0.233855465,0.526257126,0.984998186,0.001215726,0.399779963
Maharashtra,Chandrapur,Criminal,27828,18862,17503,14208,1605,267,161,80434,74985,776,4631,42,48315,5136,22445,4537,1895,935,920,2974,31602,,,0.392888668,0.201914589,0.988363275,0.011624293,85.93376068,0.016606133,0.273930876,0.308713158,0.988381323,0.001569222,0.44302937
Maharashtra,Chandrapur,Total,34180,23301,20290,19866,2924,405,173,101139,85193,2460,6733,6753,53660,11229,30532,5707,2526,1245,5138,7166,38547,,,0.381125173,0.231046075,0.987680443,0.01230967,81.17094703,0.017585243,0.265729101,0.353253144,0.987698479,0.001482249,0.434172876
Maharashtra,Yavatmal,Civil,8094,6649,4726,6546,2029,88,42,28174,12626,1960,2604,10984,8290,8075,9985,1747,791,358,5370,5111,6195,,,0.219875776,0.308961846,0.987258208,0.0127063,78.47910864,0.018151857,0.15330237,0.472380859,0.987276236,0.001433094,0.431198487
Maharashtra,Yavatmal,Criminal,33902,26680,18125,14536,3165,305,107,96820,88234,1393,7193,0,61855,7356,20161,7440,2632,890,1314,3178,21755,,,0.22469299,0.187077184,0.990797451,0.009192221,108.664422,0.013131744,0.156661041,0.286027812,0.990815544,0.001984303,0.475239534
Maharashtra,Yavatmal,Total,41996,33329,22851,21082,5194,393,149,124994,100860,3353,9797,10984,70145,15431,30146,9187,3423,1248,6684,8289,27950,,,0.223608944,0.214552582,0.9900076,0.009984399,100.0752602,0.014263428,0.155905219,0.328035757,0.990025679,0.001827458,0.465312667
Maharashtra,Nanded,Civil,13203,10750,6347,5903,1626,149,34,38012,19097,2048,5900,10967,11423,10679,13301,1752,1358,721,7510,8062,16644,,,0.437850209,0.202877963,0.981006498,0.018967195,52.64819945,0.027095993,0.30527908,0.310186088,0.981024412,0.0009614,0.438997246
Maharashtra,Nanded,Criminal,21217,17594,10270,9130,3219,916,226,62572,54749,1297,6526,0,37972,5419,17635,1504,1872,767,1463,3386,29110,,,0.465216627,0.215604174,0.987726336,0.012257683,81.47395833,0.017510976,0.324359567,0.329643568,0.987744372,0.001487783,0.426163057
Maharashtra,Nanded,Total,34420,28344,16617,15033,4845,1065,260,100584,73846,3345,12426,10967,49395,16098,30936,3256,3230,1488,8973,11448,45754,,,0.454878958,0.210796838,0.9851966,0.014793458,67.55137676,0.021133512,0.31715191,0.32229349,0.98521459,0.001233545,0.431014694
Maharashtra,Parbhani,Civil,12818,12415,3652,4612,888,31,13,34429,18656,1823,3829,10121,11293,10222,10993,1871,1055,448,5794,7396,9796,,,0.284519315,0.161022364,0.986959047,0.013011908,76.67928731,0.01858844,0.198373309,0.246191832,0.98697707,0.001400228,0.477315528
Maharashtra,Parbhani,Criminal,23795,17825,10516,9000,939,14,1,62090,53178,1325,7587,0,36306,7138,15811,2833,2039,972,1343,4741,20476,,,0.329774041,0.160313089,0.984329452,0.015654443,63.81294964,0.02236349,0.229925929,0.2451074,0.984347427,0.001165278,0.471461488
Maharashtra,Parbhani,Total,36613,30240,14168,13612,1827,45,14,96519,71834,3148,11416,10121,47599,17360,26804,4704,3094,1420,7137,12137,30272,,,0.31363448,0.160567758,0.985277663,0.014711977,67.92329346,0.02101711,0.218673061,0.245496771,0.985295655,0.001240336,0.473547078
Maharashtra,Jalna,Civil,9082,9058,4611,4843,1353,46,13,29006,16354,939,1850,9863,12342,7711,7783,1168,490,292,4882,4466,9193,,,0.316923501,0.215637605,0.98989899,0.010066536,98.99658703,0.014380765,0.220966241,0.32969468,0.989917066,0.001807761,0.449525302
Maharashtra,Jalna,Criminal,16211,15937,7992,8630,2210,381,234,51595,46748,408,4418,21,32974,5346,11466,1809,1216,607,1138,3017,19496,,,0.377858749,0.222013334,0.988216141,0.011764478,84.86019737,0.016806397,0.263451676,0.339442721,0.988234186,0.001549618,0.437891808
Maharashtra,Jalna,Total,25293,24995,12603,13473,3563,427,247,80601,63102,1347,6268,9884,45316,13057,19249,2977,1706,899,6020,7483,28689,,,0.355934096,0.219721595,0.988834024,0.011153569,89.55666667,0.015933671,0.248165311,0.335938813,0.988852081,0.00163538,0.442074595
Maharashtra,Aurangabad,Civil,22232,18274,10291,16429,3841,301,65,71433,39694,1885,6581,23273,34561,17249,17393,2209,1410,725,10431,10013,28743,,,0.40237142,0.288882045,0.989836772,0.010149229,98.39256198,0.014498898,0.280542465,0.441680261,0.989854848,0.001796731,0.407398078
Maharashtra,Aurangabad,Criminal,52457,44548,29357,29852,6709,711,180,163814,144762,1761,16198,1093,111822,19917,27945,4130,4240,1743,3420,10890,89203,,,0.544534994,0.228623752,0.989353844,0.010640051,93.93004587,0.015200073,0.379662128,0.349549584,0.989371911,0.001715241,0.407229892
Maharashtra,Aurangabad,Total,74689,62822,39648,46281,10550,1012,245,235247,184456,3646,22779,24366,146383,37166,45338,6339,5650,2468,13851,20903,117946,,,0.501368768,0.246922397,0.989504693,0.010491056,95.28027542,0.014987223,0.349565658,0.37752692,0.989522762,0.001739898,0.40727929
Maharashtra,Nashik,Civil,26055,19596,12231,18229,6522,662,90,83385,51060,4036,5664,22625,35608,21078,21873,4600,2375,1426,15074,10730,55984,,,0.671383686,0.305842707,0.982886816,0.017101192,58.43377715,0.024430274,0.468103908,0.467611917,0.982904764,0.00106705,0.360024532
Maharashtra,Nashik,Criminal,47416,46004,37792,35149,9583,1695,935,178574,157374,2559,18641,0,116146,20095,36218,6113,4178,2311,4410,9893,123225,,,0.690046199,0.265221896,0.987053059,0.012941341,77.23788927,0.01848763,0.481115835,0.405505562,0.987071083,0.001410429,0.370359875
Maharashtra,Nashik,Total,73471,65600,50023,53378,16105,2357,1025,261959,208434,6595,24305,22625,151754,41173,58091,10713,6553,3737,19484,20623,179209,,,0.684108261,0.278153153,0.985730646,0.014265537,70.0799893,0.020379338,0.47697577,0.425276542,0.985748646,0.001279719,0.367070293
Maharashtra,Thane,Civil,38296,23122,20886,21066,9228,737,80,113415,69237,4182,13882,26099,27982,43737,34254,7383,1915,1044,18381,15359,32992,,,0.290893701,0.27430874,0.990786132,0.00920505,108.5311005,0.013150072,0.202817675,0.419398705,0.990804225,0.001981869,0.430905774
Maharashtra,Thane,Criminal,107712,71567,46138,75562,40867,9418,2632,353896,316805,4222,32821,0,225157,36272,64079,28228,12109,5519,6892,12106,115101,,,0.325238699,0.363040659,0.984402241,0.015594933,64.1115942,0.022278476,0.226763786,0.555063548,0.984420217,0.001170731,0.394555743
Maharashtra,Thane,Total,146008,94689,67024,96628,50095,10155,2712,467311,386042,8404,46703,26099,253139,80009,98333,35611,14024,6563,25273,27465,148093,,,0.31690391,0.341506317,0.98595371,0.01404415,71.19302255,0.020063072,0.220952582,0.522139059,0.985971714,0.001300044,0.403383194
Maharashtra,Mumbai CMM Courts,Civil,0,0,0,0,0,0,0,0,0,0,0,0,0,0,0,0,0,0,0,0,0,,,0,0,0,0,0,0,0,0,0,0,0.802794471
Maharashtra,Mumbai CMM Courts,Criminal,155753,126687,82687,123345,73619,18447,7555,588093,520613,1537,66049,61,29151,433010,92992,14697,15237,6453,9154,13001,120234,,,0.204446908,0.379133268,0.989025564,0.010972736,91.12070034,0.015675337,0.142545014,0.579668012,0.989043624,0.00166394,0.405976323
Maharashtra,Mumbai CMM Courts,Total,155753,126687,82687,123345,73619,18447,7555,588093,520613,1537,66049,61,29151,433010,92992,14697,15237,6453,9154,13001,120234,,,0.204446908,0.379133268,0.989025564,0.010972736,91.12070034,0.015675337,0.142545014,0.579668012,0.989043624,0.00166394,0.405976323
Maharashtra,Raigad,Civil,11445,9780,7561,10897,5452,450,63,45648,26788,2215,5600,11045,18506,10914,13424,2685,513,497,11481,7466,12046,,,0.263883108,0.369383776,0.98909067,0.010887424,91.6626506,0.015553462,0.183985278,0.564761727,0.989108732,0.001673837,0.399847393
Maharashtra,Raigad,Criminal,19068,14179,9995,10421,3774,830,220,58487,50250,1382,6856,0,22815,6574,17047,12021,1460,750,1851,3049,29405,,,0.502752701,0.260651758,0.987159759,0.012823143,77.87882823,0.018318776,0.350530568,0.398518144,0.987177786,0.001422133,0.403003569
Maharashtra,Raigad,Total,30513,23959,17556,21318,9226,1280,283,104135,77038,3597,12456,11045,41321,17488,30471,14706,1973,1247,13332,10515,41451,,,0.398046785,0.308317969,0.988015672,0.011974725,83.44150641,0.017106751,0.277527232,0.471396417,0.988033714,0.001523712,0.401616998
Maharashtra,Pune,Civil,44674,43592,25688,45733,16471,1702,280,178140,100187,8812,16250,52891,69268,35574,64485,8783,2756,934,31738,23660,57489,,,0.322716275,0.360310091,0.994751349,0.005243038,190.5240642,0.007490054,0.225005095,0.550888703,0.994769514,0.003479129,0.390578673
Maharashtra,Pune,Criminal,191035,104464,98802,79349,33478,6995,4202,518325,481310,4906,31866,249,245436,78883,91878,101828,19103,3613,8643,14942,146630,,,0.282891462,0.239277983,0.993027554,0.006970517,143.4214167,0.009957881,0.197238333,0.365839151,0.993045688,0.002618995,0.444452442
Maharashtra,Pune,Total,235709,148056,124490,125082,49949,8697,4482,696465,581497,13718,48116,53140,314704,114457,156363,110611,21859,4547,40381,38602,204119,,,0.293078198,0.270235733,0.993469889,0.006528675,153.1365435,0.009326678,0.204340756,0.413171366,0.993488031,0.002796402,0.430676101
Maharashtra,Ahmednagar,Civil,23201,20197,13501,19869,5781,442,68,83059,48030,5245,3840,25944,28190,25442,24358,4998,1589,736,17725,12351,33981,,,0.409113894,0.314953046,0.991126896,0.008861064,112.6987788,0.012658663,0.28524347,0.481540982,0.991144995,0.002057974,0.395626586
Maharashtra,Ahmednagar,Criminal,50211,36150,19623,18987,4118,389,142,129620,112202,2468,14951,0,75500,17348,29616,7136,4153,1204,3957,10867,46501,,,0.358745882,0.182346996,0.990703667,0.009288618,107.5684647,0.013269455,0.250125752,0.278795689,0.990721758,0.00196429,0.454947073
Maharashtra,Ahmednagar,Total,73412,56347,33124,38856,9899,831,210,212679,160232,7713,18791,25944,103690,42790,53974,12134,5742,1940,21682,23218,80482,,,0.378418281,0.234135791,0.990873613,0.009121685,109.5718702,0.013030979,0.263841794,0.357977102,0.990891707,0.002000874,0.431778429
Maharashtra,Beed,Civil,15097,10792,9236,11143,2839,226,36,49369,26946,2286,6318,13819,14260,16935,15847,2327,1437,1016,10772,9468,13152,,,0.266396597,0.288515293,0.979400446,0.020579299,48.54375615,0.029398999,0.18573774,0.441119522,0.97941833,0.00088645,0.435361812
Maharashtra,Beed,Criminal,21443,17414,11532,11715,2198,222,89,64613,54004,1113,9496,0,35339,8087,18936,2219,1578,933,2105,5960,20426,,,0.316123441,0.220138051,0.985544928,0.014439595,69.17880086,0.020627993,0.220408421,0.336575544,0.985562925,0.001263263,0.450188552
Maharashtra,Beed,Total,36540,28206,20768,22858,5037,448,125,113982,80950,3399,15814,13819,49599,25022,34783,4546,3015,1949,12877,15428,33578,,,0.294587789,0.249756543,0.982892186,0.017099041,58.45230769,0.024427202,0.205393277,0.381860129,0.982910134,0.001067388,0.443766491
Maharashtra,Latur,Civil,14789,12530,7106,10119,4129,213,38,48924,26973,1903,3685,16363,16996,14339,14510,3068,1375,1028,10884,8702,14013,,,0.286417987,0.296351559,0.978967808,0.021011753,47.5451895,0.03001679,0.199697106,0.45310062,0.978985685,0.000868215,0.42927278
Maharashtra,Latur,Criminal,18731,17578,9999,10869,2259,308,142,59886,53816,600,5405,65,37765,6487,13445,2136,1381,743,2226,4102,23775,,,0.396997679,0.226727003,0.987576603,0.012406699,80.49193548,0.017723856,0.276795771,0.346649587,0.987594637,0.00146985,0.433255168
Maharashtra,Latur,Total,33520,30108,17105,20988,6388,521,180,108810,80789,2503,9090,16428,54761,20826,27955,5204,2756,1771,13110,12804,37788,,,0.347281065,0.258034574,0.983714882,0.016275928,61.40519187,0.023251326,0.242132223,0.394516654,0.983732845,0.00112131,0.431468346
Maharashtra,Osmanabad,Civil,14950,12337,7114,8898,1759,173,53,45284,26155,1473,5027,12629,11943,15736,14713,2888,1472,983,11302,8141,12831,,,0.283338854,0.240322403,0.978270951,0.021706967,46.0203252,0.031009953,0.197550265,0.367435994,0.978288815,0.00084037,0.451588466
Maharashtra,Osmanabad,Criminal,14435,11047,7404,7939,2014,171,23,43033,36762,531,5740,0,24091,5051,11795,2096,881,577,1645,2873,16375,,,0.380513083,0.235790305,0.98656876,0.013408003,74.45155709,0.01915429,0.265302338,0.360506737,0.986586775,0.001359548,0.433026438
Maharashtra,Osmanabad,Total,29385,23384,14518,16837,3773,344,76,88317,62917,2004,10767,12629,36034,20787,26508,4984,2353,1560,12947,11014,29206,,,0.330691365,0.238116805,0.982325234,0.017663443,56.57719411,0.025233491,0.230565508,0.364063792,0.982343172,0.001033147,0.442545464
Maharashtra,Solapur,Civil,27186,23332,13017,20431,6074,790,100,90930,52653,4043,7518,26671,37461,24386,25088,3992,1243,624,15127,10492,30892,,,0.339730125,0.301272393,0.993126656,0.006862346,145.488,0.009803352,0.236867536,0.460624229,0.993144792,0.002656733,0.411266384
Maharashtra,Solapur,Criminal,53265,37647,27120,28488,7548,874,227,155169,138499,1260,15335,1,104958,14824,27988,7393,2917,1391,3927,5844,60945,,,0.392762776,0.239331056,0.991029194,0.008964362,111.4719828,0.012806231,0.273843101,0.365920296,0.991047291,0.002035572,0.427336413
Maharashtra,Solapur,Total,80451,60979,40137,48919,13622,1664,327,246099,191152,5303,22853,26672,142419,39210,53076,11385,4160,2015,19054,16336,91837,,,0.373169443,0.26221861,0.991808208,0.008187729,122.0729167,0.011696755,0.260182186,0.400913751,0.991826319,0.002229154,0.421400514
Maharashtra,Satara,Civil,15674,13481,11021,15417,4370,437,104,60504,38075,4119,3309,14721,20466,16687,20032,2956,946,386,13743,7657,21742,,,0.359342203,0.335972234,0.993603834,0.006379638,156.3410853,0.009113769,0.250541521,0.513677836,0.993621978,0.002854919,0.394478412
Maharashtra,Satara,Criminal,24002,17964,12486,10926,1697,191,89,67355,58305,1180,6844,0,36685,6733,19395,3512,1676,806,2475,4113,25190,,,0.373983016,0.191564226,0.988018885,0.011966269,83.46344486,0.01709467,0.260749427,0.292888183,0.988036927,0.001524112,0.450294112
Maharashtra,Satara,Total,39676,31445,23507,26343,6067,628,193,127859,96380,5299,10153,14721,57151,23420,39427,6468,2622,1192,16218,11770,46932,,,0.367057719,0.259901455,0.990669482,0.009322697,107.1743504,0.013318138,0.255920954,0.397370983,0.990687573,0.001957093,0.423896769
Maharashtra,Ratnagiri,Civil,4193,3146,2660,2479,529,20,11,13038,7991,824,1439,2784,3162,3749,5536,591,337,153,3618,1903,3800,,,0.291433392,0.233070021,0.988189278,0.011734029,84.66233766,0.016762898,0.20319396,0.356347614,0.988207323,0.001546005,0.447938719
Maharashtra,Ratnagiri,Criminal,7078,4903,2850,1987,239,19,12,17088,14274,355,2459,1,4801,2866,8253,1168,597,297,745,1560,4960,,,0.290245187,0.132073264,0.982561882,0.017379601,57.34228188,0.024828001,0.202365517,0.2019307,0.982579824,0.001047118,0.489698185
Maharashtra,Ratnagiri,Total,11271,8049,5510,4466,768,39,23,30126,22265,1179,3898,2785,7963,6615,13789,1759,934,450,4363,3463,8760,,,0.290769078,0.175789159,0.985030039,0.014936768,66.79822616,0.02133824,0.202730785,0.268769219,0.985048027,0.001219792,0.471618233
Maharashtra,Sindhudurg,Civil,2467,2358,1387,2865,855,80,38,10050,6727,1024,585,1470,2156,3265,4247,382,115,61,3492,1604,3668,,,0.364938812,0.381852552,0.99383146,0.006069048,162.0967742,0.008670068,0.254443603,0.583825605,0.993849608,0.002960023,0.375838547
Maharashtra,Sindhudurg,Criminal,3844,2531,1319,846,123,29,23,8715,7730,252,718,0,2728,1267,3869,843,248,154,362,687,2280,,,0.261587884,0.11714089,0.982216613,0.017668655,56.22580645,0.025240936,0.182384996,0.179100155,0.982234549,0.00102673,0.500311883
Maharashtra,Sindhudurg,Total,6311,4889,2706,3711,978,109,61,18765,14457,1276,1303,1470,4884,4532,8116,1225,363,215,3854,2291,5948,,,0.316956197,0.258925717,0.988489822,0.01145689,86.875,0.016366986,0.220989038,0.395879149,0.988507873,0.00158641,0.433672128
Maharashtra,Kolhapur,Civil,16556,12682,9098,15688,5222,457,153,59856,36536,4307,3945,15068,14586,16482,25575,3202,950,765,15264,9790,18844,,,0.31481698,0.359523531,0.987202833,0.01278046,78.14099217,0.0182578,0.219497527,0.549686108,0.987220861,0.00142692,0.396182958
Maharashtra,Kolhapur,Criminal,37193,25435,15068,14463,2390,448,185,95182,86171,1896,7114,1,54351,9632,25367,5735,3013,1073,3003,3479,28402,,,0.298393621,0.183709276,0.988716472,0.011273021,88.62383613,0.016104316,0.208046789,0.280878519,0.988734527,0.001618345,0.465433822
Maharashtra,Kolhapur,Total,53749,38117,24166,30151,7612,905,338,155038,122707,6203,11059,15069,68937,26114,50942,8937,3963,1838,18267,13269,47246,,,0.304736228,0.25158831,0.988138468,0.011855082,84.30560087,0.016935831,0.212468998,0.384660772,0.988156513,0.001539491,0.438695933
Maharashtra,Sangli,Civil,13764,11874,10175,10624,2371,249,62,49119,28479,3648,3576,13417,16294,13273,17428,1999,972,589,11629,8176,15582,,,0.317223127,0.270887622,0.987988599,0.011991042,83.25254237,0.01713006,0.221175147,0.414168058,0.988006641,0.001520261,0.429316432
Maharashtra,Sangli,Criminal,21818,17255,10999,8948,1318,254,98,60690,54005,1295,5326,64,27485,9100,18415,5684,1688,788,1852,3193,23634,,,0.389415235,0.174951805,0.98699972,0.012983803,76.92015209,0.01854829,0.271509119,0.267488964,0.987017743,0.001404626,0.454629667
Maharashtra,Sangli,Total,35582,29129,21174,19572,3689,503,160,109809,82484,4943,8902,13481,43779,22373,35843,7683,2660,1377,13481,11369,39216,,,0.357125945,0.217867225,0.987451052,0.012539842,79.68722787,0.017914059,0.248996295,0.333103613,0.987469084,0.001455156,0.44330354
Maharashtra,Washim,Civil,4188,3191,2456,3005,1057,26,10,13933,6675,972,1897,4389,4338,3208,5181,1197,453,210,2847,2163,3656,,,0.26237979,0.294100761,0.984857184,0.015071049,66.03317536,0.02153007,0.182937131,0.449659309,0.984875168,0.001205821,0.431087577
Maharashtra,Washim,Criminal,12758,11994,6524,4660,625,7,1,36569,32022,733,3779,35,23205,3077,7071,3215,1149,293,629,2163,8229,,,0.225020509,0.144736123,0.991960623,0.008012032,124.3843537,0.01144576,0.156889394,0.221291317,0.991978737,0.002271363,0.490778643
Maharashtra,Washim,Total,16946,15185,8980,7665,1682,33,11,50502,38697,1705,5676,4424,27543,6285,12252,4412,1602,503,3476,4326,11885,,,0.235332555,0.18594935,0.990020395,0.009959804,100.202381,0.014228292,0.164079186,0.284303433,0.990038473,0.001829779,0.474317033
Maharashtra,Mumbai City Civil Court,Civil,26481,20997,11866,23042,7485,175,116,90162,54607,18,33311,2226,13345,17101,30408,7253,1118,415,17236,4224,38089,,,0.422446014,0.341803179,0.995386134,0.004602775,216.7355769,0.006575393,0.294538927,0.52259294,0.995404311,0.003957773,0.380817259
Maharashtra,Mumbai City Civil Court,Criminal,14351,10492,7482,8635,1292,983,1046,44281,30459,7930,5896,0,11843,11741,12932,6889,1603,361,1801,784,13474,,,0.304277133,0.269996838,0.991825121,0.008152297,122.3232044,0.011646138,0.212148907,0.412806113,0.991843232,0.002233724,0.429793268
Maharashtra,Mumbai City Civil Court,Total,40832,31489,19348,31677,8777,1158,1162,134443,85066,7948,39207,2226,25188,28842,43340,14142,2721,776,19037,5008,51563,,,0.383527714,0.318154771,0.994220642,0.00577192,173.028314,0.0082456,0.267404207,0.486436193,0.994238797,0.003159642,0.396966623
Maharashtra,Mumbai Small Causes Court,Civil,5292,4910,2857,7335,5417,566,201,26578,20032,1674,2269,2603,3494,3603,18887,594,461,319,9242,3392,19245,,,0.724067873,0.508634636,0.98796042,0.012001956,83.05625,0.017145652,0.504836517,0.777666465,0.987978461,0.001516677,0.271060908
Maharashtra,Mumbai Small Causes Court,Criminal,0,0,0,0,0,0,0,0,0,0,0,0,0,0,0,0,0,0,0,0,0,,,0,0,0,0,0,0,0,0,0,0,0.802794471
Maharashtra,Mumbai Small Causes Court,Total,5292,4910,2857,7335,5417,566,201,26578,20032,1674,2269,2603,3494,3603,18887,594,461,319,9242,3392,19245,,,0.724067873,0.508634636,0.98796042,0.012001956,83.05625,0.017145652,0.504836517,0.777666465,0.987978461,0.001516677,0.271060908
Maharashtra,Mumbai Motor Accident Claims T,Civil,3461,1906,1210,1285,50,0,0,7912,6761,0,278,873,2413,1599,2832,1068,291,106,899,1591,464,,,0.058637685,0.168709718,0.986477948,0.013395678,73.94392523,0.019136683,0.040883522,0.257945253,0.986495962,0.001350278,0.51192137
Maharashtra,Mumbai Motor Accident Claims T,Criminal,0,0,0,0,0,0,0,0,0,0,0,0,0,0,0,0,0,0,0,0,0,,,0,0,0,0,0,0,0,0,0,0,0.802794471
Maharashtra,Mumbai Motor Accident Claims T,Total,3461,1906,1210,1285,50,0,0,7912,6761,0,278,873,2413,1599,2832,1068,291,106,899,1591,464,,,0.058637685,0.168709718,0.986477948,0.013395678,73.94392523,0.019136683,0.040883522,0.257945253,0.986495962,0.001350278,0.51192137
Maharashtra,Maharashtra Industrial and Lab,Civil,21746,15379,9416,10141,1623,230,27,58562,51468,0,6788,0,5832,13370,29148,6477,1504,949,10187,4240,14088,,,0.240561447,0.205266124,0.983778153,0.016204771,61.64421053,0.023149673,0.167724888,0.313837418,0.983796118,0.001125675,0.469274562
Maharashtra,Maharashtra Industrial and Lab,Criminal,14,16,22,24,13,3,0,92,92,0,0,0,9,44,32,7,0,2,13,13,26,,,0.279569892,0.430107527,0.967741935,0.021505376,30.66666667,0.030721966,0.19492246,0.657604056,0.967759607,0.000559999,0.381864754
Maharashtra,Maharashtra Industrial and Lab,Total,21760,15395,9438,10165,1636,233,27,58654,51560,0,6788,0,5841,13414,29180,6484,1504,951,10200,4253,14114,,,0.240627397,0.205626119,0.9837695,0.016213452,61.61134454,0.023162074,0.16777087,0.314387825,0.983787464,0.001125075,0.469130259
Maharashtra,Mah State Cooperative Appellat,Civil,6867,3493,2290,3754,2017,352,57,18830,5418,346,364,0,1698,2060,4119,989,399,300,1505,497,2690,,,0.142849557,0.328182253,0.984015719,0.015931177,62.55813953,0.022758825,0.099597946,0.501767505,0.984033688,0.001142364,0.438227759
Maharashtra,Mah State Cooperative Appellat,Criminal,0,0,0,0,0,0,0,0,0,0,0,0,0,0,0,0,0,0,0,0,0,,,0,0,0,0,0,0,0,0,0,0,0.802794471
Maharashtra,Mah State Cooperative Appellat,Total,6867,3493,2290,3754,2017,352,57,18830,5418,346,364,0,1698,2060,4119,989,399,300,1505,497,2690,,,0.142849557,0.328182253,0.984015719,0.015931177,62.55813953,0.022758825,0.099597946,0.501767505,0.984033688,0.001142364,0.438227759
Maharashtra,Maharashtra Family Courts,Civil,26691,13027,3712,2461,90,1,0,45982,42042,0,1214,2721,8927,13258,15558,7424,2163,1823,560,18792,5183,,,0.112715569,0.055498771,0.960333167,0.039645086,25.20942982,0.056635837,0.078587847,0.084853705,0.960350703,0.000460345,0.559645402
Maharashtra,Maharashtra Family Courts,Criminal,6523,5061,1802,1000,21,0,0,14407,0,0,10591,3809,3569,4973,4268,968,404,331,553,12489,2802,,,0.194475292,0.070863409,0.976957246,0.022973348,43.39457831,0.032819069,0.135592577,0.108345152,0.976975086,0.000792421,0.531812128
Maharashtra,Maharashtra Family Courts,Total,33214,18088,5514,3461,111,1,0,60389,42042,0,11805,6530,12496,18231,19826,8392,2567,2154,1113,31281,7985,,,0.132223878,0.059165425,0.964315284,0.035668157,28.02273782,0.05095451,0.092189482,0.090459759,0.964332893,0.000511719,0.553003408
Maharashtra,Maharashtra School Tribunals,Civil,181,221,108,216,80,0,0,806,0,218,12,0,35,50,143,9,9,6,7,198,50,,,0.061957869,0.366790582,0.991325898,0.007434944,115.1428571,0.010621349,0.043198429,0.560796917,0.991344001,0.002102605,0.432699226
Maharashtra,Maharashtra School Tribunals,Criminal,0,0,0,0,0,0,0,0,0,0,0,0,0,0,0,0,0,0,0,0,0,,,0,0,0,0,0,0,0,0,0,0,0.802794471
Maharashtra,Maharashtra School Tribunals,Total,181,221,108,216,80,0,0,806,0,218,12,0,35,50,143,9,9,6,7,198,50,,,0.061957869,0.366790582,0.991325898,0.007434944,115.1428571,0.010621349,0.043198429,0.560796917,0.991344001,0.002102605,0.432699226
Jharkhand,Bokaro,Civil,2506,1160,765,453,220,22,2,5128,4140,299,167,522,1565,1025,2237,287,283,332,998,844,393,,,0.076623123,0.135893936,0.935075063,0.064729967,15.3993994,0.092471381,0.053423377,0.207772239,0.935092139,0.000281206,0.547550211
Jharkhand,Bokaro,Criminal,7978,5875,3767,4385,760,9,4,22778,21332,469,977,0,11288,398,10345,591,1580,1909,1047,2275,1237,,,0.054304403,0.22643663,0.916150841,0.083805259,11.92565445,0.119721799,0.03786226,0.346205628,0.91616757,0.000217772,0.526175669
Jharkhand,Bokaro,Total,10484,7035,4532,4838,980,31,6,27906,25472,768,1144,522,12853,1423,12582,878,1863,2241,2045,3119,1630,,,0.058408285,0.209803992,0.919661734,0.080302433,12.44692239,0.114717762,0.040723579,0.320775498,0.919678527,0.000227291,0.53009436
Jharkhand,Dumka,Civil,1005,646,476,570,71,3,0,2771,2113,329,134,195,1337,242,727,465,17,13,654,644,34,,,0.012265512,0.232323232,0.994949495,0.004689755,197.9285714,0.00669965,0.008551793,0.355205827,0.994967664,0.003614342,0.490675574
Jharkhand,Dumka,Criminal,3235,2237,1566,2886,722,30,44,10720,10335,161,223,0,6504,220,3591,235,107,103,428,1800,82,,,0.00764854,0.343438112,0.990299412,0.009607313,103.0769231,0.013724733,0.005332735,0.525092637,0.990317496,0.001882271,0.451477181
Jharkhand,Dumka,Total,4240,2883,2042,3456,793,33,44,13491,12448,490,357,195,7841,462,4318,700,124,116,1082,2444,116,,,0.008597688,0.32063445,0.991328194,0.008597688,115.3076923,0.012282411,0.005994502,0.490227447,0.991346297,0.002105615,0.459516868
Jharkhand,Koderma,Civil,1255,816,359,136,45,3,2,2616,1727,89,616,183,585,664,1153,211,107,70,671,583,210,,,0.080244555,0.071073749,0.972869698,0.026748185,36.84507042,0.038211693,0.055948321,0.108666746,0.972887464,0.000672822,0.552596349
Jharkhand,Koderma,Criminal,5196,3968,2168,2802,341,0,0,14475,14006,138,330,0,6801,923,6286,389,787,763,983,2136,332,,,0.022934512,0.217117988,0.94722299,0.05270793,18.94633508,0.075297043,0.015990461,0.331958083,0.947240287,0.000345976,0.519218226
Jharkhand,Koderma,Total,6451,4784,2527,2938,386,3,2,17091,15733,227,946,183,7386,1587,7439,600,894,833,1654,2719,542,,,0.031710742,0.194769483,0.951205242,0.048736251,20.49280576,0.069623216,0.022109447,0.297788795,0.951222612,0.000374216,0.524314255
Jharkhand,West Singhbhum at Chaibasa,Civil,262,115,52,76,22,4,1,532,343,35,51,103,100,162,249,21,36,50,101,153,71,,,0.133208255,0.193245779,0.904315197,0.09380863,10.43137255,0.134012329,0.092875812,0.295459158,0.904331711,0.000190486,0.531307436
Jharkhand,West Singhbhum at Chaibasa,Criminal,3005,1618,992,974,209,10,5,6813,6644,75,94,0,2929,163,3519,123,425,509,110,342,2374,,,0.348400352,0.1758145,0.925154095,0.074699149,13.35882353,0.10671307,0.242912615,0.268807963,0.925170989,0.000243943,0.492378226
Jharkhand,West Singhbhum at Chaibasa,Total,3267,1733,1044,1050,231,14,6,7345,6987,110,145,103,3029,325,3768,144,461,559,211,495,2445,,,0.332834195,0.177103185,0.923768037,0.076095834,13.11607143,0.108708335,0.232059538,0.270778273,0.923784906,0.00023951,0.495160591
Jharkhand,Gumla,Civil,692,382,175,322,222,10,0,1803,1401,122,116,147,417,433,737,215,78,83,504,356,188,,,0.10421286,0.307095344,0.953436807,0.046008869,21.46428571,0.065726956,0.072659566,0.469527109,0.953454218,0.000391956,0.468056277
Jharkhand,Gumla,Criminal,2580,2390,1525,2183,372,22,0,9072,8575,111,383,0,2491,142,6052,257,394,431,124,338,1742,,,0.191998237,0.284029538,0.952386201,0.047503582,21,0.06786226,0.133865518,0.43426112,0.952403592,0.000383478,0.463036923
Jharkhand,Gumla,Total,3272,2772,1700,2505,594,32,0,10875,9976,233,499,147,2908,575,6789,472,472,514,628,694,1930,,,0.177454947,0.287881574,0.952648032,0.047260022,21.11650485,0.067514317,0.123725607,0.440150611,0.952665429,0.000385605,0.46383818
Jharkhand,Godda,Civil,632,373,141,184,103,23,1,1457,1211,98,58,90,527,14,427,482,111,172,207,97,234,,,0.160493827,0.213305898,0.881344307,0.117969822,8.421965318,0.168528317,0.11189993,0.326129666,0.881360401,0.000153792,0.531055948
Jharkhand,Godda,Criminal,4700,4323,1849,4154,1330,15,4,16375,15455,184,736,0,9828,41,6121,250,623,635,434,640,1078,,,0.065828041,0.336040547,0.961162677,0.038776258,25.74685535,0.055394654,0.045896801,0.513782283,0.961180229,0.000470159,0.459547374
Jharkhand,Godda,Total,5332,4696,1990,4338,1433,38,5,17832,16666,282,794,90,10355,55,6548,732,734,807,641,737,1312,,,0.073571469,0.326024786,0.954690742,0.045253182,22.06930693,0.064647403,0.051295694,0.49846889,0.954708175,0.000403004,0.465378367
Jharkhand,Hazaribagh,Civil,3035,1584,1544,708,703,11,10,7595,6228,259,390,718,1657,1151,4298,488,223,282,1375,726,2007,,,0.264218009,0.188520274,0.962743549,0.037124803,26.83745583,0.053035432,0.184218779,0.288234195,0.96276113,0.000490074,0.482425091
Jharkhand,Hazaribagh,Criminal,10997,8512,5073,8141,3185,31,2,35941,35221,157,544,19,21939,758,12488,481,1439,1444,836,1030,2144,,,0.059651661,0.316036948,0.959796339,0.040175839,24.87266436,0.057394056,0.041590489,0.483198192,0.959813865,0.000454196,0.468928
Jharkhand,Hazaribagh,Total,14032,10096,6617,8849,3888,42,12,43536,41449,416,934,737,23596,1909,16786,969,1662,1726,2211,1756,4151,,,0.09534419,0.293796081,0.960332591,0.03964444,25.20903301,0.056634915,0.066476128,0.449193476,0.960350127,0.000460338,0.471275212
Jharkhand,Lohardaga,Civil,598,390,267,320,49,3,0,1627,1309,105,119,94,610,261,505,251,39,40,619,188,123,,,0.075552826,0.228501229,0.974815725,0.024570025,39.68292683,0.035100035,0.052677141,0.349362253,0.974833526,0.000724643,0.492041911
Jharkhand,Lohardaga,Criminal,2092,1368,854,572,19,0,0,4905,4526,170,209,0,1958,162,2687,74,339,331,139,298,1545,,,0.314920506,0.120464737,0.932327762,0.067468406,14.77409639,0.096383437,0.219569707,0.184182082,0.932344787,0.000269787,0.5154628
Jharkhand,Lohardaga,Total,2690,1758,1121,892,68,3,0,6532,5835,275,328,94,2568,423,3192,325,378,371,758,486,1668,,,0.255319149,0.14740548,0.943058319,0.056788612,17.55913978,0.081126588,0.178014292,0.225372577,0.94307554,0.000320645,0.509588176
Jharkhand,Dhanbad,Civil,5026,3352,2188,2325,953,40,12,13896,10597,770,1130,1399,4516,2087,6370,841,383,509,3542,1576,3751,,,0.26991437,0.239620062,0.963301432,0.03662661,27.24705882,0.052323729,0.188190411,0.366362165,0.963319023,0.000497554,0.461652681
Jharkhand,Dhanbad,Criminal,17627,10252,6676,10481,3348,67,25,48476,45756,457,2263,0,24814,1425,20527,958,3220,2723,1622,3271,2965,,,0.061163026,0.28716711,0.943808404,0.056170968,17.7958884,0.08024424,0.042644247,0.439058246,0.943825639,0.000324968,0.487819574
Jharkhand,Dhanbad,Total,22653,13604,8864,12806,4301,107,37,62372,56353,1227,3393,1399,29330,3512,26897,1799,3603,3232,5164,4847,6716,,,0.107674795,0.276578007,0.948166675,0.051817293,19.29229818,0.074024704,0.075073305,0.422868254,0.948183989,0.000352294,0.481985442
Jharkhand,Giridih,Civil,2446,1572,1021,1439,863,90,18,7449,5971,248,895,335,1664,1593,3498,694,223,193,1636,1053,136,,,0.018255034,0.323489933,0.973959732,0.02590604,38.39690722,0.037008629,0.012727823,0.494593279,0.973977517,0.00070116,0.465710639
Jharkhand,Giridih,Criminal,10867,8746,5542,8131,3715,51,13,37065,35284,281,1500,0,19841,579,14330,582,1801,1788,957,4153,652,,,0.017590244,0.321318729,0.951734743,0.048238278,20.71827837,0.068911825,0.012264317,0.491273661,0.951752123,0.000378333,0.477934868
Jharkhand,Giridih,Total,13313,10318,6563,9570,4578,141,31,44514,41255,529,2395,335,21505,2172,17828,1276,2024,1981,2593,5206,788,,,0.017701898,0.321689318,0.955475682,0.044501853,22.45913219,0.063574076,0.012342164,0.491840266,0.95549313,0.000410123,0.47588378
Jharkhand,East Singhbhum at Jamshedpur,Civil,3206,1359,824,637,303,30,28,6387,4906,192,229,1051,2457,617,2352,934,567,627,717,1014,284,,,0.044458359,0.156230432,0.90169067,0.098152786,10.17038217,0.140218266,0.030997375,0.238865306,0.901707136,0.00018572,0.561957121
Jharkhand,East Singhbhum at Jamshedpur,Criminal,12862,11064,6550,10234,2991,69,70,43840,41414,435,1980,0,24079,1418,17354,943,1822,1864,1036,1824,2222,,,0.05068315,0.304828813,0.957459912,0.042517278,23.50670241,0.060738969,0.03533744,0.466061744,0.957477396,0.000429252,0.475885131
Jharkhand,East Singhbhum at Jamshedpur,Total,16068,12423,7374,10871,3294,99,98,50227,46320,627,2209,1051,26536,2035,19706,1877,2389,2491,1753,2838,2506,,,0.04989249,0.285936131,0.950386239,0.049593852,20.15529695,0.07084836,0.034786174,0.437176167,0.950403594,0.000368053,0.486828047
Jharkhand,Jamtara,Civil,479,175,85,132,16,2,0,889,657,56,56,120,260,169,390,70,55,38,331,53,94,,,0.105617978,0.168539326,0.956179775,0.042696629,22.79487179,0.060995185,0.073639246,0.257684736,0.956197236,0.000416253,0.519327607
Jharkhand,Jamtara,Criminal,1966,1610,1159,1092,85,0,0,5912,5603,12,297,0,2097,248,3390,108,339,413,354,296,307,,,0.051919499,0.199052934,0.929984779,0.069846102,14.28019324,0.099780145,0.036199451,0.30433789,0.930001762,0.000260768,0.530029606
Jharkhand,Jamtara,Total,2445,1785,1244,1224,101,2,0,6801,6260,68,353,120,2357,417,3780,178,394,451,685,349,401,,,0.058953249,0.19508968,0.933548956,0.066304028,15.04646018,0.09472004,0.04110354,0.298278353,0.933566004,0.000274761,0.528589803
Jharkhand,Chatra,Civil,1081,759,452,527,78,1,1,2899,1979,112,622,186,729,653,487,1030,83,133,970,687,193,,,0.066551724,0.209310345,0.953793103,0.045862069,21.63432836,0.065517241,0.046401369,0.320020746,0.953810521,0.000395061,0.511599551
Jharkhand,Chatra,Criminal,6105,5280,3240,4328,705,13,0,19671,18555,184,932,0,7761,3350,6596,1945,926,819,427,1034,1053,,,0.053527857,0.25650671,0.958316389,0.041632778,23.98902439,0.059475397,0.037320834,0.392180658,0.958333888,0.00043806,0.493475711
Jharkhand,Chatra,Total,7186,6039,3692,4855,783,14,1,22570,20534,296,1554,186,8490,4003,7083,2975,1009,952,1397,1721,1246,,,0.05520358,0.250454123,0.957777679,0.042178016,23.68310598,0.060254309,0.038489186,0.382926679,0.957795169,0.000432473,0.495790627
Jharkhand,Pakur,Civil,402,225,130,145,105,8,0,1015,754,65,154,42,331,198,437,49,70,51,157,342,354,,,0.348425197,0.253937008,0.948818898,0.05019685,19.51923077,0.071709786,0.242929937,0.388251765,0.948836224,0.000356438,0.450265564
Jharkhand,Pakur,Criminal,1995,1258,739,1246,449,14,2,5703,5386,123,194,0,2726,442,2340,147,344,372,207,1131,2812,,,0.492987377,0.299964937,0.934607293,0.065217391,15.28954424,0.093167702,0.343721963,0.45862522,0.93462436,0.0002792,0.416163319
Jharkhand,Pakur,Total,2397,1483,869,1391,554,22,2,6718,6140,188,348,42,3057,640,2777,196,414,423,364,1473,3166,,,0.471201072,0.293049561,0.936895371,0.062955797,15.84433962,0.089936853,0.328532057,0.448052099,0.93691248,0.000289331,0.421262624
Jharkhand,Seraikella,Civil,665,344,212,138,45,0,0,1404,908,119,258,119,607,96,520,77,46,24,122,68,294,,,0.209252669,0.13024911,0.982206406,0.017081851,56.16,0.024402644,0.145895699,0.199141698,0.982224342,0.001025529,0.503778887
Jharkhand,Seraikella,Criminal,2463,1481,907,1475,311,4,0,6641,6341,138,158,0,3580,107,2688,163,388,382,59,64,2770,,,0.417043059,0.269497139,0.942336646,0.057512797,17.33942559,0.082161139,0.290771864,0.412042108,0.942353853,0.000316632,0.436479954
Jharkhand,Seraikella,Total,3128,1825,1119,1613,356,4,0,8045,7249,257,416,119,4187,203,3208,240,434,406,181,132,3064,,,0.380810341,0.245215014,0.949415859,0.050459856,19.76658477,0.072085508,0.265509592,0.374916451,0.949433196,0.000360954,0.44819355
Jharkhand,Deoghar,Civil,1682,908,362,716,342,65,9,4084,2800,426,636,204,990,238,2455,352,173,165,1288,733,272,,,0.066585067,0.277111383,0.959363525,0.040391677,24.60240964,0.057702396,0.046424617,0.423683749,0.959381044,0.000449261,0.482844167
Jharkhand,Deoghar,Criminal,7727,6919,2573,4886,411,5,1,22522,20950,241,1317,0,10911,576,9763,461,1209,1128,1392,4173,325,,,0.014429694,0.235448208,0.949873463,0.050082138,19.9486271,0.071545912,0.010060709,0.359983696,0.949890808,0.000364279,0.512272168
Jharkhand,Deoghar,Total,9409,7827,2935,5602,753,70,10,26606,23750,667,1953,204,11901,814,12218,813,1382,1293,2680,4906,597,,,0.022437704,0.241853648,0.951366182,0.048596234,20.561051,0.069423192,0.015644076,0.36977716,0.951383555,0.000375462,0.507743311
Jharkhand,Daltonganj,Civil,2363,1498,720,921,509,69,14,6094,4625,272,981,216,1526,1182,2973,411,152,206,1879,563,2631,,,0.431665299,0.248236259,0.966037736,0.033798195,29.43961353,0.048283136,0.300966821,0.379535723,0.966055377,0.000537592,0.430211354
Jharkhand,Daltonganj,Criminal,8539,7117,4912,6372,1685,75,25,28725,5982,290,22452,0,11769,2300,13825,496,1452,1455,1617,4219,15602,,,0.543131658,0.283958783,0.94931421,0.050650978,19.72870879,0.07235854,0.37868369,0.434152941,0.949331545,0.000360263,0.406610514
Jharkhand,Daltonganj,Total,10902,8615,5632,7293,2194,144,39,34819,10607,562,23433,216,13295,3482,16798,907,1604,1661,3496,4782,18233,,,0.523635841,0.277713957,0.952268811,0.04770247,20.95006017,0.068146385,0.365090766,0.424605043,0.9522862,0.000382566,0.410731105
Jharkhand,Simdega,Civil,176,55,38,15,1,0,0,285,217,27,17,23,93,24,108,60,13,25,61,64,71,,,0.248251748,0.055944056,0.909090909,0.087412587,10.96153846,0.124875125,0.17308674,0.085534514,0.90910751,0.000200167,0.561997433
Jharkhand,Simdega,Criminal,1348,1100,590,403,14,0,0,3455,3149,187,118,0,1078,129,2149,83,215,225,25,142,1608,,,0.465277778,0.120659722,0.934606481,0.065104167,15.28761062,0.093005952,0.324402202,0.1844802,0.934623548,0.000279165,0.489364505
Jharkhand,Simdega,Total,1524,1155,628,418,15,0,0,3740,3366,214,135,23,1171,153,2257,143,228,250,86,206,1679,,,0.448810478,0.115744453,0.93290564,0.066827052,14.90039841,0.095467217,0.312920828,0.176965101,0.932922676,0.000272094,0.494833623
Jharkhand,Latehar,Civil,697,445,251,400,38,0,0,1831,1492,187,92,60,879,224,364,364,88,54,795,76,666,,,0.363537118,0.239082969,0.969978166,0.029475983,33.29090909,0.042108546,0.25346631,0.365540989,0.969995879,0.00060792,0.442871007
Jharkhand,Latehar,Criminal,2610,2160,1425,1850,137,2,1,8185,7774,246,165,0,3725,98,2723,1587,459,501,113,93,365,,,0.044588322,0.243097972,0.938675788,0.061202052,16.30478088,0.087431503,0.031087987,0.371679644,0.938692929,0.000297739,0.509997954
Jharkhand,Latehar,Total,3307,2605,1676,2250,175,2,1,10016,9266,433,257,60,4604,322,3087,1951,547,555,908,169,1031,,,0.102925027,0.242387941,0.94449436,0.05540581,18.01438849,0.079151157,0.07176166,0.370594056,0.944511607,0.000328958,0.49769429
Jharkhand,Garhwa,Civil,941,453,281,430,258,39,4,2406,2019,109,191,87,741,38,1451,174,80,70,862,258,267,,,0.110926464,0.303697549,0.9705027,0.029081845,33.88732394,0.041545492,0.077340443,0.464332121,0.970520423,0.000618811,0.459648117
Jharkhand,Garhwa,Criminal,4997,3990,2563,3584,1297,60,6,16497,15870,83,544,0,7619,177,7336,572,866,924,638,1216,8531,,,0.517092981,0.299854528,0.943932598,0.056006789,17.83459459,0.080009698,0.360528935,0.458456413,0.943949835,0.000325675,0.407540886
Jharkhand,Garhwa,Total,5938,4443,2844,4014,1555,99,10,18903,17889,192,735,87,8360,215,8787,746,946,994,1500,1474,8798,,,0.465404147,0.300359712,0.947365637,0.052581464,18.99798995,0.075116377,0.32449031,0.459228804,0.947382937,0.000346919,0.414156146
Jharkhand,Sahibganj,Civil,846,337,162,192,30,0,0,1567,1177,244,62,82,615,223,580,65,79,44,400,412,256,,,0.163265306,0.141581633,0.97130102,0.028061224,34.82222222,0.040087464,0.113832268,0.216468325,0.971318757,0.000635883,0.512603355
Jharkhand,Sahibganj,Criminal,4795,2980,1443,2132,116,0,2,11468,10706,137,625,0,5957,472,4662,271,830,485,272,1122,3065,,,0.267242131,0.19618101,0.957624902,0.042287907,23.59670782,0.060411295,0.186327265,0.29994692,0.957642389,0.000430896,0.481594901
Jharkhand,Sahibganj,Total,5641,3317,1605,2324,146,0,2,13035,11883,381,687,82,6572,695,5242,336,909,529,672,1534,3321,,,0.25475606,0.18962872,0.959343357,0.040579932,24.59433962,0.057971332,0.177621694,0.289928932,0.959360875,0.000449113,0.485300625
Jharkhand,Ranchi,Civil,6010,3103,2160,2401,1417,186,9,15286,11947,466,1705,1168,4346,3471,3657,1941,511,753,4981,2525,751,,,0.049126709,0.26251063,0.950677046,0.049257539,20.27320955,0.070367913,0.034252254,0.401360228,0.950694406,0.000370206,0.495764049
Jharkhand,Ranchi,Criminal,20936,14608,9470,10330,2150,93,5,57592,54234,405,2953,0,30165,3233,22921,954,4941,4980,10230,5083,1748,,,0.030350911,0.218394597,0.913513795,0.086468842,11.56233688,0.123526917,0.021161342,0.333909926,0.913530477,0.000211138,0.534553135
Jharkhand,Ranchi,Total,26946,17711,11630,12731,3567,279,14,72878,66181,871,4658,1168,34511,6704,26578,2895,5452,5733,15211,7608,2499,,,0.034289713,0.227651312,0.921321643,0.078664636,12.70980119,0.112378051,0.023907564,0.348062792,0.921338467,0.000232092,0.526414252
Jharkhand,Ramgarh,Civil,814,483,232,815,565,30,7,2946,2619,38,132,157,486,748,1469,242,62,73,540,443,536,,,0.181879878,0.480827961,0.974889718,0.024770954,39.81081081,0.035387076,0.126810769,0.73515202,0.974907521,0.000726979,0.37789761
Jharkhand,Ramgarh,Criminal,3045,3069,1902,2772,1193,21,4,12006,11560,37,409,0,5694,601,5313,346,472,601,433,1501,6307,,,0.525276922,0.332306155,0.94986258,0.050054135,19.94352159,0.071505907,0.366234964,0.50807266,0.949879925,0.000364185,0.390758672
Jharkhand,Ramgarh,Total,3859,3552,2134,3587,1758,51,11,14952,14179,75,541,157,6180,1349,6782,588,534,674,973,1944,6843,,,0.45763392,0.361599679,0.954858557,0.045074567,22.15111111,0.064392239,0.319072731,0.552860392,0.954875993,0.000404498,0.388199279
Jharkhand,Khunti,Civil,251,187,107,103,23,0,0,671,568,51,28,24,117,124,277,80,19,18,282,84,96,,,0.142857143,0.1875,0.97172619,0.026785714,35.31578947,0.038265306,0.099603235,0.286674268,0.971743935,0.000644896,0.497939366
Jharkhand,Khunti,Criminal,1780,1318,978,529,23,0,0,4628,4465,19,144,0,1796,190,2376,77,412,398,203,451,269,,,0.058111903,0.119248218,0.913804277,0.085979693,11.59899749,0.122828133,0.040516935,0.18232211,0.913820964,0.000211807,0.5677245
Jharkhand,Khunti,Total,2031,1505,1085,632,46,0,0,5299,5033,70,172,24,1913,314,2653,157,431,416,485,535,365,,,0.068867925,0.127924528,0.921320755,0.078490566,12.70743405,0.11212938,0.048016276,0.195587576,0.921337579,0.000232048,0.558835116
Chhattisgarh,Korba,Civil,2181,1130,405,205,26,2,0,3949,3447,122,0,380,1072,637,1491,651,119,113,483,774,834,,,0.211139241,0.058987342,0.971139241,0.028607595,34.64035088,0.040867993,0.147211059,0.090187483,0.971156974,0.000632562,0.536506351
Chhattisgarh,Korba,Criminal,6305,6236,2742,1141,23,1,0,16448,15270,249,929,0,3603,712,6590,5543,803,638,183,695,7139,,,0.434008146,0.070824974,0.961152654,0.038786552,25.74021909,0.055409361,0.302600307,0.108286387,0.961170205,0.000470038,0.500254805
Chhattisgarh,Korba,Total,8486,7366,3147,1346,49,3,0,20397,18717,371,929,380,4675,1349,8081,6194,922,751,666,1469,7973,,,0.390871654,0.068536131,0.963133641,0.036817335,27.12367021,0.052596193,0.272524568,0.104786908,0.963151228,0.000495301,0.50726053
Chhattisgarh,Bilaspur,Civil,6890,4198,1706,1025,58,11,1,13889,11921,719,0,1249,4382,597,6094,2473,636,328,2080,3518,3870,,,0.278617711,0.078833693,0.976313895,0.023614111,42.21580547,0.033734444,0.194258577,0.120531154,0.976331723,0.000770896,0.515181199
Chhattisgarh,Bilaspur,Criminal,21061,13831,6351,3217,33,20,0,44513,41877,634,2002,0,12297,846,24722,6402,3517,1031,357,1904,14690,,,0.330008537,0.073460035,0.976816283,0.023161253,43.13275194,0.033087504,0.230089424,0.11231521,0.97683412,0.00078764,0.508504594
Chhattisgarh,Bilaspur,Total,27951,18029,8057,4242,91,31,1,58402,53798,1353,2002,1249,16679,1443,30816,8875,4153,1359,2437,5422,18560,,,0.317791894,0.074739311,0.976713525,0.023269353,42.94264706,0.033241932,0.221571705,0.114271133,0.976731361,0.000784169,0.510087408
Chhattisgarh,Raipur,Civil,7112,4039,1643,1150,117,5,1,14067,9652,505,0,3911,5842,509,5041,2066,537,317,1608,2899,4425,,,0.314543645,0.090489053,0.977395508,0.022533409,44.23584906,0.032190585,0.219306952,0.138351377,0.977413356,0.000807784,0.50423208
Chhattisgarh,Raipur,Criminal,31687,22875,14040,7256,201,10,1,76070,72686,865,3664,0,31097,1264,27209,16545,3494,1416,1057,3522,33223,,,0.436736733,0.098171445,0.981372665,0.018614189,53.6838391,0.026591699,0.304502739,0.150097212,0.981390586,0.000980312,0.479089076
Chhattisgarh,Raipur,Total,38799,26914,15683,8406,318,15,2,90137,82338,1370,3664,3911,36939,1773,32250,18611,4031,1733,2665,6421,37648,,,0.417670683,0.096973529,0.98076283,0.019226076,51.98212226,0.027465822,0.291209458,0.148265683,0.98078074,0.000949237,0.483009982
Chhattisgarh,Surguja at Ambikapur,Civil,1868,1225,437,466,13,7,1,4017,2829,184,0,1004,1604,754,1261,394,147,92,847,695,1039,,,0.258586361,0.121204579,0.976854156,0.022896964,43.19354839,0.032709948,0.180292267,0.185313249,0.976871994,0.00078875,0.501944017
Chhattisgarh,Surguja at Ambikapur,Criminal,4669,4723,1794,1030,48,9,1,12274,11720,96,458,0,3707,480,6879,1205,606,302,172,577,4455,,,0.36293279,0.088635438,0.975315682,0.024602851,40.50825083,0.03514693,0.25304496,0.13551733,0.975333492,0.000739715,0.497998641
Chhattisgarh,Surguja at Ambikapur,Total,6537,5948,2231,1496,61,16,2,16291,14549,280,458,1004,5311,1234,8140,1599,753,394,1019,1272,5494,,,0.337220722,0.096673214,0.975754972,0.024183648,41.24303797,0.034548069,0.235117923,0.147806522,0.97577279,0.000753132,0.49895284
Chhattisgarh,Dhamtari,Civil,1225,654,336,298,15,3,0,2531,1758,197,0,576,506,270,1108,597,95,87,472,590,532,,,0.210110585,0.124802528,0.965244866,0.03436019,28.76136364,0.049085985,0.146493857,0.190814258,0.965262492,0.000525207,0.514423036
Chhattisgarh,Dhamtari,Criminal,3355,2422,973,246,5,0,0,7001,6594,204,203,0,1067,448,4332,1119,308,293,117,321,1877,,,0.268066267,0.035846901,0.958011997,0.041845187,23.81292517,0.059778839,0.186901871,0.054807382,0.958029491,0.000434844,0.542637031
Chhattisgarh,Dhamtari,Total,4580,3076,1309,544,20,3,0,9532,8352,401,203,576,1573,718,5440,1716,403,380,589,911,2409,,,0.252701143,0.059477604,0.960033568,0.039861534,25.0183727,0.056945048,0.176188959,0.090937059,0.960051099,0.000456856,0.535116187
Chhattisgarh,Raigarh,Civil,2674,1672,651,518,32,6,1,5554,4438,421,0,695,1632,725,1842,1331,171,136,1130,1064,1545,,,0.278127813,0.100270027,0.975337534,0.024482448,40.54014599,0.034974926,0.193917009,0.153305795,0.975355344,0.000740297,0.507519892
Chhattisgarh,Raigarh,Criminal,11894,7909,3539,1086,10,1,0,24439,23212,329,898,0,5630,233,12210,6327,1235,668,293,840,11064,,,0.452700491,0.044885434,0.972626841,0.027332242,36.53064275,0.03904606,0.315633033,0.068626661,0.972644602,0.00066708,0.501290886
Chhattisgarh,Raigarh,Total,14568,9581,4190,1604,42,7,1,29993,27650,750,898,695,7262,958,14052,7658,1406,804,1423,1904,12609,,,0.420384077,0.055144362,0.973161299,0.026805361,37.25838509,0.038293373,0.293101297,0.084311838,0.97317907,0.000680369,0.502434496
Chhattisgarh,Durg,Civil,4300,1891,667,495,50,2,2,7407,5321,411,0,1676,2181,1244,2772,1042,322,224,882,1961,1488,,,0.200863931,0.074109071,0.96962743,0.030237581,32.92,0.043196544,0.140046881,0.11330754,0.969645136,0.000601147,0.533214146
Chhattisgarh,Durg,Criminal,15084,10989,6462,3684,62,5,0,36286,32324,561,3401,0,10609,2642,14656,8304,2054,765,734,3578,16599,,,0.457436548,0.103370353,0.978890512,0.02108193,47.37075718,0.030117043,0.318935119,0.158045975,0.978908387,0.00086503,0.474937624
Chhattisgarh,Durg,Total,19384,12880,7129,4179,112,7,2,43693,37645,972,3401,1676,12790,3886,17428,9346,2376,989,1616,5539,18087,,,0.413946995,0.098411681,0.977342427,0.022634687,44.13434343,0.032335267,0.288613218,0.150464516,0.977360274,0.00080593,0.484811806
Chhattisgarh,Kawardha,Civil,555,301,95,36,4,0,0,991,781,51,0,159,241,22,458,247,51,37,141,214,166,,,0.16733871,0.040322581,0.961693548,0.037298387,26.07894737,0.05328341,0.116672338,0.06165038,0.96171111,0.000476223,0.555462879
Chhattisgarh,Kawardha,Criminal,4745,3082,1166,156,6,0,0,9155,8522,81,552,0,1970,340,4870,1938,608,269,41,499,2555,,,0.279051988,0.017693316,0.97051114,0.029379642,33.90740741,0.041970917,0.194561365,0.027051831,0.970528863,0.000619178,0.541453022
Chhattisgarh,Kawardha,Total,5300,3383,1261,192,10,0,0,10146,9303,132,552,159,2211,362,5328,2185,659,306,182,713,2721,,,0.268158076,0.019907362,0.969744752,0.030156697,33.04885993,0.043080995,0.186965883,0.030436951,0.96976246,0.0006035,0.542797073
Chhattisgarh,Rajnandgaon,Civil,2220,909,331,153,9,0,0,3622,2557,269,0,796,867,622,1405,672,204,132,543,698,518,,,0.142975435,0.044714325,0.963290091,0.036433895,27.23308271,0.052048421,0.099685711,0.068365048,0.963307682,0.000497299,0.55720568
Chhattisgarh,Rajnandgaon,Criminal,9055,6445,3028,353,6,0,0,18887,17682,446,759,0,3570,1412,9485,4376,1413,552,230,783,6314,,,0.334286319,0.019006777,0.970722152,0.029224905,34.15370705,0.041749864,0.233071991,0.02906002,0.970739878,0.000623675,0.531730996
Chhattisgarh,Rajnandgaon,Total,11275,7354,3359,506,15,0,0,22509,20239,715,759,796,4437,2034,10890,5048,1617,684,773,1481,6832,,,0.303509551,0.023145269,0.96956908,0.030386495,32.85985401,0.043409278,0.211613732,0.035387483,0.969586786,0.000600048,0.535819427
Chhattisgarh,Koriya,Civil,1370,508,153,145,6,1,0,2183,1732,292,0,154,1104,112,645,297,99,45,397,543,339,,,0.15521978,0.06959707,0.978937729,0.020604396,47.45652174,0.029434851,0.108222746,0.106409008,0.978955605,0.000866596,0.537667975
Chhattisgarh,Koriya,Criminal,4963,4096,1563,662,3,2,0,11289,9334,1306,649,0,2213,596,5134,3330,389,201,92,656,3723,,,0.32976085,0.059078831,0.98210806,0.017803366,55.88613861,0.02543338,0.229916732,0.090327363,0.982125994,0.001020528,0.511339607
Chhattisgarh,Koriya,Total,6333,4604,1716,807,9,3,0,13472,11066,1598,649,154,3317,708,5779,3627,488,246,489,1199,4062,,,0.301491873,0.060788243,0.981667038,0.01825874,54.54251012,0.026083914,0.210206961,0.092940934,0.981684964,0.000995992,0.515585824
Chhattisgarh,Mahasamund,Civil,1061,534,214,130,5,0,0,1944,1312,111,0,521,533,137,791,227,96,64,262,436,818,,,0.420565553,0.06940874,0.966580977,0.032904884,29.90769231,0.047006978,0.293227827,0.106121066,0.966598627,0.00054614,0.500142679
Chhattisgarh,Mahasamund,Criminal,5395,4246,2608,830,6,0,0,13085,12408,138,535,0,3123,864,7144,1652,890,331,137,397,6992,,,0.534311478,0.063885068,0.974629375,0.025294208,39.4126506,0.036134582,0.372534061,0.097675761,0.974647172,0.000719708,0.479503096
Chhattisgarh,Mahasamund,Total,6456,4780,2822,960,11,0,0,15029,13720,249,535,521,3656,1001,7935,1879,986,395,399,833,7810,,,0.519627412,0.064604125,0.973652695,0.026280772,37.9520202,0.03754396,0.362295998,0.098775148,0.973670474,0.000693036,0.482152903
Chhattisgarh,Kanker,Civil,940,579,134,52,1,0,0,1706,981,95,38,592,626,77,531,320,82,76,280,379,323,,,0.189220855,0.031048623,0.954891623,0.044522554,22.15584416,0.063603649,0.131929065,0.047471154,0.95490906,0.000404584,0.558957886
Chhattisgarh,Kanker,Criminal,2702,1428,411,56,3,0,0,4600,4292,83,225,0,733,80,2707,1055,211,86,50,229,1214,,,0.263855684,0.012823299,0.981091067,0.018691589,52.87356322,0.02670227,0.183966157,0.01960592,0.981108983,0.000965516,0.540424052
Chhattisgarh,Kanker,Total,3642,2007,545,108,4,0,0,6306,5273,178,263,592,1359,157,3238,1375,293,162,330,608,1537,,,0.243697479,0.017758047,0.9741557,0.025685746,38.68711656,0.036693923,0.169911401,0.0271508,0.974173489,0.000706459,0.545408555
Chhattisgarh,Bastar,Civil,1153,577,210,212,9,0,1,2162,1470,268,0,424,671,610,596,240,103,82,330,49,800,,,0.369856681,0.102635229,0.961627369,0.03791031,26.04819277,0.054157585,0.257872453,0.156922022,0.96164493,0.000475662,0.498323362
Chhattisgarh,Bastar,Criminal,3020,3233,1315,365,7,3,0,7943,7775,52,116,0,1894,786,3308,1931,287,169,145,11,4131,,,0.520015106,0.047205438,0.978600201,0.021273917,46.72352941,0.030391311,0.362566307,0.072173784,0.978618071,0.000853211,0.486220718
Chhattisgarh,Bastar,Total,4173,3810,1525,577,16,3,1,10105,9245,320,116,424,2565,1396,3904,2171,390,251,475,60,4931,,,0.487927964,0.059073818,0.975064318,0.024836731,40.09920635,0.035481044,0.340194425,0.090319698,0.975082124,0.000732245,0.488783443
Chhattisgarh,Jashpur,Civil,722,411,154,92,3,1,0,1383,999,124,0,260,208,181,520,443,31,14,353,223,407,,,0.294075145,0.069364162,0.98916185,0.010115607,92.2,0.014450867,0.20503585,0.106052909,0.989179913,0.001683649,0.509497225
Chhattisgarh,Jashpur,Criminal,2624,1566,521,164,5,0,0,4880,4602,149,129,0,851,581,2882,562,334,193,31,108,2182,,,0.447039541,0.034624052,0.960254046,0.039541078,25.15463918,0.056487254,0.311686091,0.052937733,0.960271581,0.000459345,0.512376271
Chhattisgarh,Jashpur,Total,3346,1977,675,256,8,1,0,6263,5601,273,129,260,1059,762,3402,1005,365,207,384,331,2589,,,0.413314176,0.042305236,0.966794381,0.033045977,30.11057692,0.047208539,0.288172003,0.064681721,0.966812035,0.000549844,0.51171038
Chhattisgarh,Dantewada,Civil,315,45,15,2,0,0,0,377,247,14,0,116,109,42,80,146,27,35,39,106,44,,,0.116402116,0.005291005,0.904761905,0.092592593,10.47222222,0.132275132,0.081158191,0.008089574,0.904778426,0.000191232,0.605607854
Chhattisgarh,Dantewada,Criminal,2304,257,50,12,0,0,0,2623,2485,78,60,0,922,22,1132,399,571,165,12,48,200,,,0.076219512,0.004573171,0.936737805,0.062881098,15.80120482,0.089830139,0.05314197,0.006992055,0.93675491,0.000288543,0.597005159
Chhattisgarh,Dantewada,Total,2619,302,65,14,0,0,0,3000,2732,92,60,116,1031,64,1212,545,598,200,51,154,244,,,0.081306231,0.004665112,0.933022326,0.066644452,14.92537313,0.09520636,0.056688546,0.007132626,0.933039364,0.00027255,0.598020517
Chhattisgarh,Janjgir,Civil,1997,1122,272,126,11,1,0,3529,2846,423,1,259,1014,295,1634,500,136,91,955,583,614,,,0.173937677,0.039093484,0.973937677,0.025779037,38.35869565,0.036827195,0.121273287,0.059771179,0.973955462,0.000700462,0.54884348
Chhattisgarh,Janjgir,Criminal,8993,6526,2028,311,6,1,1,17866,16865,199,802,0,2643,362,9347,5185,971,633,163,705,4835,,,0.270610623,0.017854145,0.964515587,0.035428443,28.17981073,0.050612062,0.188675854,0.027297727,0.9645332,0.000514587,0.545838705
Chhattisgarh,Janjgir,Total,10990,7648,2300,437,17,2,1,21395,19711,622,803,259,3657,657,10981,5685,1107,724,1118,1288,5449,,,0.254673771,0.021359133,0.966115162,0.033838101,29.51034483,0.048340144,0.17756432,0.032656606,0.966132804,0.000538884,0.546323025
Chhattisgarh,Balod,Civil,995,402,146,67,3,0,0,1613,1050,180,0,383,414,232,708,258,54,46,276,280,634,,,0.392812887,0.043370508,0.970879802,0.02850062,34.31914894,0.040715171,0.27387804,0.066310446,0.970897531,0.000626696,0.512490843
Chhattisgarh,Balod,Criminal,4236,1601,635,104,4,0,0,6580,6025,153,402,0,749,683,3567,1577,741,196,75,275,1608,,,0.244339766,0.01641088,0.97006534,0.029782708,33.40101523,0.042546725,0.170359218,0.025091077,0.970083054,0.000609931,0.547894509
Chhattisgarh,Balod,Total,5231,2003,781,171,7,0,0,8193,7075,333,402,383,1163,915,4275,1835,795,242,351,555,2242,,,0.27361484,0.021723212,0.970344154,0.029533805,33.71604938,0.04219115,0.190770462,0.033213258,0.970361874,0.000615683,0.540889601
Chhattisgarh,Bemetara,Civil,801,304,82,53,5,3,0,1248,910,38,0,300,330,236,435,246,82,42,201,355,193,,,0.154523619,0.048839071,0.965572458,0.033626902,29.02325581,0.048038431,0.107737366,0.074671493,0.96559009,0.000529989,0.552414569
Chhattisgarh,Bemetara,Criminal,3089,1746,786,157,6,0,0,5784,5338,43,403,0,728,381,3723,855,284,130,40,394,1412,,,0.244079516,0.028176318,0.977355229,0.02247191,44.15267176,0.032102729,0.170177765,0.043079602,0.977373076,0.000806265,0.539727491
Chhattisgarh,Bemetara,Total,3890,2050,868,210,11,3,0,7032,6248,81,403,300,1058,617,4158,1101,366,172,241,749,1605,,,0.228209868,0.031849851,0.975401678,0.024456135,40.64739884,0.034937336,0.159113087,0.048696174,0.975419489,0.000742256,0.541944589
Chhattisgarh,Surajpur,Civil,1526,976,403,350,16,5,0,3276,2347,180,0,749,996,712,1083,334,124,71,719,743,1075,,,0.328043943,0.113213305,0.978028685,0.021666158,45.5,0.030951654,0.228719665,0.173095154,0.978046544,0.000830868,0.492912398
Chhattisgarh,Surajpur,Criminal,4078,4048,1653,962,10,0,0,10751,9917,95,739,0,1946,574,6757,1468,327,210,61,633,4393,,,0.408575149,0.090401786,0.980375744,0.01953125,50.95260664,0.027901786,0.284867845,0.138217951,0.980393647,0.000930437,0.487203465
Chhattisgarh,Surajpur,Total,5604,5024,2056,1312,26,5,0,14027,12264,275,739,749,2942,1286,7840,1802,451,281,780,1376,5468,,,0.389791845,0.095737097,0.979897348,0.020031366,49.74113475,0.028616237,0.271771701,0.146375266,0.979915242,0.000908315,0.4885145
Chhattisgarh,Kondagaon,Civil,556,177,52,6,1,0,0,792,709,18,0,65,198,103,279,105,42,22,77,82,132,,,0.166456494,0.008827238,0.970996217,0.027742749,34.43478261,0.039632499,0.116057237,0.013496224,0.971013948,0.000628808,0.562884881
Chhattisgarh,Kondagaon,Criminal,1494,975,163,3,0,0,0,2635,2440,73,121,0,508,94,1321,646,211,114,13,77,768,,,0.291350531,0.001138088,0.956373293,0.043247344,22.91304348,0.061781921,0.203136188,0.001740056,0.956390757,0.000418411,0.552841013
Chhattisgarh,Kondagaon,Total,2050,1152,215,9,1,0,0,3427,3149,91,121,65,706,197,1600,751,253,136,90,159,900,,,0.262543757,0.002917153,0.960035006,0.039673279,25.01459854,0.056676113,0.183051453,0.004460121,0.960052537,0.000456788,0.555092507
Chhattisgarh,Balodabazar,Civil,1260,611,276,120,3,0,0,2270,1747,218,0,305,743,186,1065,269,113,81,469,535,502,,,0.221047996,0.054161162,0.963892558,0.035667107,27.68292683,0.05095301,0.154119669,0.082808595,0.96391016,0.000505513,0.540335089
Chhattisgarh,Balodabazar,Criminal,6856,5432,2049,296,4,0,0,14637,13986,198,444,0,3312,180,7958,3185,620,386,97,342,4707,,,0.321560322,0.020494603,0.973561962,0.026369723,37.82170543,0.037671032,0.224199138,0.031334802,0.97357974,0.000690656,0.531819883
Chhattisgarh,Balodabazar,Total,8116,6043,2325,416,7,0,0,16907,15733,416,444,305,4055,366,9023,3454,733,467,566,877,5209,,,0.308079016,0.025017743,0.972320795,0.027620062,36.12606838,0.039457231,0.214799666,0.038250364,0.97233855,0.000659692,0.532948143
Chhattisgarh,Mungeli,Civil,703,368,95,65,4,1,0,1236,1067,56,0,113,354,147,586,145,29,49,265,249,214,,,0.172999192,0.056588521,0.959579628,0.039611964,24.72,0.056588521,0.120618954,0.086519855,0.959597151,0.000451408,0.549425427
Chhattisgarh,Mungeli,Criminal,2445,2365,1308,220,6,0,0,6344,5842,47,110,0,1317,65,3652,1306,272,205,47,417,2150,,,0.338849488,0.035618597,0.967533491,0.032308905,30.7961165,0.046155578,0.236253536,0.054458322,0.967551159,0.000562363,0.526202799
Chhattisgarh,Mungeli,Total,3148,2733,1403,285,10,1,0,7580,6909,103,110,113,1671,212,4238,1451,301,254,312,666,2364,,,0.311832212,0.039044981,0.966363277,0.033504815,29.7254902,0.047864021,0.217416479,0.05969702,0.966380923,0.000542812,0.529955716
Chhattisgarh,Balrampur Ramanujganj,Civil,658,393,171,121,3,1,0,1347,1181,91,0,75,755,183,286,123,9,3,263,158,606,,,0.449554896,0.09272997,0.997032641,0.002225519,336.75,0.003179313,0.313439853,0.141777581,0.997050848,0.006149337,0.470464994
Chhattisgarh,Balrampur Ramanujganj,Criminal,3054,2542,1173,121,6,0,0,6896,6381,141,367,0,1294,345,2544,2707,483,97,36,202,2760,,,0.400173989,0.018413803,0.985790924,0.014064086,70.36734694,0.020091551,0.279010366,0.028153406,0.985808925,0.001284967,0.513373263
Chhattisgarh,Balrampur Ramanujganj,Total,3712,2935,1344,242,9,1,0,8243,7562,232,367,75,2049,528,2830,2830,492,100,299,360,3366,,,0.408296943,0.030567686,0.987748666,0.012130034,81.61386139,0.01732862,0.284673874,0.046735834,0.987766703,0.001490337,0.506376451
Andaman and Nicobar,Port Blair,Civil,848,832,701,980,495,17,0,3873,3383,286,0,197,840,960,1750,315,53,79,165,787,2503,,,0.64610222,0.385131647,0.97934951,0.020392359,48.4125,0.029131942,0.450477098,0.58883911,0.979367393,0.000884053,0.335577604
Andaman and Nicobar,Port Blair,Criminal,804,765,977,1636,809,66,5,5062,4688,47,2,13,2184,788,1648,235,69,73,3,31,3721,,,0.734939759,0.496938574,0.98538416,0.014418329,68.40540541,0.020597613,0.512416642,0.759784011,0.985402154,0.00124914,0.275023039
Andaman and Nicobar,Port Blair,Total,1652,1597,1678,2616,1304,83,5,8935,8071,333,2,210,3024,1748,3398,550,122,152,168,818,6224,,,0.696508505,0.448522829,0.982878245,0.017009848,58.39869281,0.024299783,0.485621501,0.685759754,0.982896193,0.001066409,0.3012183
Odisha,Cuttack,Civil,9276,8105,4989,7458,2922,158,27,32935,24756,2152,2768,3259,9144,7455,11893,4325,361,302,7809,6604,17527,,,0.532153267,0.320773622,0.99080034,0.009169298,108.6963696,0.013098997,0.371029308,0.490440231,0.990818433,0.001984887,0.373230999
Odisha,Cuttack,Criminal,35976,27858,29041,26127,12600,3547,227,135376,128851,793,4585,73,73630,25006,23045,3415,1438,1269,1625,4832,83705,,,0.618310348,0.3139455,0.99061879,0.009373823,106.5952756,0.013391175,0.431099976,0.480000515,0.99063688,0.001946519,0.361708798
Odisha,Cuttack,Total,45252,35963,34030,33585,15522,3705,254,168311,153607,2945,7353,3332,82774,32461,34938,7740,1799,1571,9434,11436,101232,,,0.601454442,0.315283521,0.990660202,0.009333856,107.0680662,0.01333408,0.419347656,0.482046255,0.990678293,0.001955153,0.363960788
Odisha,Kendrapada,Civil,2847,1957,1357,2277,1264,112,1,9815,6462,536,2256,561,2261,2702,3605,1245,164,167,3416,593,4315,,,0.439588427,0.372249389,0.982885086,0.01701304,58.42261905,0.024304343,0.306491005,0.569143046,0.982903034,0.001066846,0.372880242
Odisha,Kendrapada,Criminal,4230,5064,3946,8941,5106,407,0,27694,26362,127,1205,0,16050,3301,5833,2509,181,155,395,612,20991,,,0.757934645,0.52189926,0.994367214,0.005596678,177.525641,0.007995254,0.528449197,0.797947139,0.994385372,0.003241767,0.256991531
Odisha,Kendrapada,Total,7077,7021,5303,11218,6370,519,1,37509,32824,663,3461,561,18311,6003,9438,3754,345,322,3811,1205,25306,,,0.674646761,0.482751266,0.991388963,0.008584377,116.126935,0.012263396,0.470378998,0.738092619,0.991407067,0.002120575,0.287354767
Odisha,Nuapada,Civil,696,597,417,471,33,3,0,2217,1929,78,150,60,472,849,754,130,44,39,626,383,983,,,0.443192065,0.22858431,0.981965735,0.017583408,55.425,0.025119155,0.309003543,0.349489279,0.981983666,0.001012107,0.427663162
Odisha,Nuapada,Criminal,2862,2414,1527,2825,478,6,0,10112,9541,62,509,0,5216,1438,2904,550,184,249,453,865,6151,,,0.608227035,0.327202611,0.975279343,0.024621774,40.448,0.035173963,0.424069661,0.500269701,0.975297153,0.000738614,0.366130708
Odisha,Nuapada,Total,3558,3011,1944,3296,511,9,0,12329,11470,140,659,60,5688,2287,3658,680,228,288,1079,1248,7134,,,0.578588808,0.309489051,0.976561233,0.023357664,42.66089965,0.033368092,0.403405218,0.473186919,0.976579066,0.000779024,0.377164963
Odisha,Ganjam,Civil,4649,2104,915,1491,385,57,1,9602,6402,783,988,1272,2106,3753,3084,565,309,169,2494,2319,3769,,,0.392481516,0.201395397,0.982297199,0.017598667,56.48235294,0.025140953,0.273647,0.30791935,0.982315136,0.001031415,0.446382366
Odisha,Ganjam,Criminal,16912,22098,8372,16107,9540,1208,2,74239,72916,323,984,17,34693,9072,25645,3138,1964,1047,521,1423,43462,,,0.585425647,0.361759159,0.985883621,0.014102909,70.83874046,0.020147014,0.408172017,0.553104226,0.985901624,0.001293575,0.351285651
Odisha,Ganjam,Total,21561,24202,9287,17598,9925,1265,3,83841,79318,1106,1972,1289,36799,12825,28729,3703,2273,1216,3015,3742,47231,,,0.563333413,0.343395911,0.985484602,0.014503471,68.89153657,0.020719244,0.392768811,0.525028115,0.985502598,0.001258017,0.362172856
Odisha,Balasore,Civil,9769,8619,5382,7845,3141,524,64,35344,23729,2152,6509,2956,15834,9403,8809,886,367,327,12681,4711,26052,,,0.73707738,0.327457915,0.990720045,0.009251662,107.7560976,0.01321666,0.51390704,0.500660044,0.990738137,0.001967717,0.336848707
Odisha,Balasore,Criminal,20940,13028,10567,19704,12497,1143,13,77892,75316,275,2301,0,24761,20724,26055,4056,3729,512,4545,4855,55971,,,0.718562644,0.428241305,0.993414042,0.00657312,151.8362573,0.009390171,0.500998146,0.654750736,0.993432183,0.002772657,0.299889623
Odisha,Balasore,Total,30709,21647,15949,27549,15638,1667,77,113236,99045,2427,8810,2956,40595,30127,34864,4942,4096,839,17226,9566,82023,,,0.724348049,0.396787269,0.99258193,0.007409239,134.8047619,0.010584627,0.505031862,0.606659734,0.992600055,0.002461648,0.311426836
Odisha,Koraput,Civil,1490,850,463,981,99,13,0,3896,2826,263,311,496,1199,1279,1041,327,81,29,789,1051,1761,,,0.451886066,0.280472158,0.992301771,0.007441622,129.8666667,0.010630888,0.315065198,0.428822137,0.992319891,0.002371474,0.401069301
Odisha,Koraput,Criminal,10851,9329,5560,9698,4006,688,7,40139,36843,148,2793,0,18847,3478,10902,698,780,513,239,481,23708,,,0.590632785,0.358719482,0.987194818,0.012780269,78.09143969,0.018257527,0.411802552,0.548456773,0.987212845,0.001426015,0.35091143
Odisha,Koraput,Total,12341,10179,6023,10679,4105,701,7,44035,39669,411,3104,496,20046,4757,11943,1025,861,542,1028,1532,25469,,,0.578367699,0.35180307,0.98766918,0.012308112,81.09576427,0.017583016,0.403251056,0.537882068,0.987687215,0.001480877,0.355342584
Odisha,Dhenkanal,Civil,2328,2062,1301,1978,742,19,3,8433,6311,678,935,509,1603,3341,3119,365,101,73,2702,1462,3954,,,0.468816694,0.325112639,0.99122599,0.008655442,113.9594595,0.012364918,0.326869615,0.497074283,0.991244091,0.002080995,0.381787979
Odisha,Dhenkanal,Criminal,10377,8813,6666,6746,2158,157,6,34923,33583,203,1137,0,16788,8240,9353,375,462,353,252,684,18599,,,0.532556408,0.259620891,0.989863704,0.010107662,98.65254237,0.014439518,0.371310387,0.396942021,0.98988178,0.001801478,0.397069314
Odisha,Dhenkanal,Total,12705,10875,7967,8724,2900,176,9,43356,39894,881,2072,509,18391,11581,12472,740,563,426,2954,2146,22553,,,0.520169753,0.272366631,0.990151533,0.009825403,101.5362998,0.01403629,0.362674131,0.416429358,0.990169614,0.001854138,0.394087523
Odisha,Khurda,Civil,6982,7152,4590,6973,3787,330,17,29831,23913,1869,1034,3015,7358,10441,8749,1425,486,1050,6393,3248,17566,,,0.588830786,0.372318316,0.964769375,0.035197104,28.38344434,0.050281577,0.410546157,0.569248431,0.964786993,0.000518305,0.357407899
Odisha,Khurda,Criminal,18829,26441,20506,38942,33331,10107,2139,150295,141542,826,7916,10,55430,13290,22823,2208,1317,453,2906,4848,74647,,,0.496666578,0.562350295,0.996979294,0.003014052,331.0462555,0.004305789,0.346287185,0.859793917,0.9969975,0.006045182,0.283111502
Odisha,Khurda,Total,25811,33593,25096,45915,37118,10437,2156,180126,165455,2695,8950,3025,62788,23731,31572,3633,1803,1503,9299,8096,92213,,,0.511933247,0.53088099,0.991650336,0.008344113,119.7646277,0.011920161,0.356931452,0.811679569,0.991668444,0.002187002,0.295684336
Odisha,Gajapati,Civil,178,118,45,29,22,0,0,392,236,68,39,49,45,166,162,19,13,7,123,86,90,,,0.229007634,0.129770992,0.979643766,0.017811705,49,0.025445293,0.159669308,0.19841069,0.979661655,0.000894781,0.501487031
Odisha,Gajapati,Criminal,2807,2074,1062,347,86,1,0,6377,6144,39,195,0,2905,923,2440,94,232,140,33,71,2311,,,0.362339291,0.06804641,0.977892756,0.021950455,45.22695035,0.031357792,0.252631159,0.104038158,0.977910613,0.000825882,0.504649475
Odisha,Gajapati,Total,2985,2192,1107,376,108,1,0,6769,6380,107,234,49,2950,1089,2602,113,245,147,156,157,2401,,,0.35465288,0.071639586,0.978138848,0.021713442,45.73648649,0.031019202,0.247272019,0.109531872,0.978156709,0.000835187,0.504421378
Odisha,Kalahandi,Civil,1535,806,295,389,93,24,1,3143,2406,206,299,232,732,1077,1028,247,41,40,828,545,664,,,0.211195929,0.161259542,0.986959288,0.012722646,76.65853659,0.018175209,0.147250584,0.24655446,0.98697731,0.001399849,0.489260598
Odisha,Kalahandi,Criminal,9478,6719,5216,10333,2084,141,2,33973,31620,186,1717,0,20781,2701,9030,1177,471,301,211,381,18827,,,0.554159063,0.369694472,0.991110849,0.008859716,112.4933775,0.012656738,0.386372247,0.565236759,0.991128948,0.002054223,0.350700252
Odisha,Kalahandi,Total,11013,7525,5511,10722,2177,165,3,37116,34026,392,2016,232,21513,3778,10058,1424,512,341,1039,926,19491,,,0.525123259,0.352048926,0.990785893,0.009187165,108.5263158,0.013124521,0.366127827,0.538257965,0.990803986,0.001981781,0.362426415
Odisha,Sambalpur,Civil,1743,1129,523,1508,913,78,22,5916,3831,680,501,904,1862,3111,619,304,83,75,1263,997,3378,,,0.570897414,0.426060504,0.987155653,0.012675342,77.84210526,0.018107632,0.398042604,0.651416444,0.987173679,0.001421462,0.328368495
Odisha,Sambalpur,Criminal,15966,18874,11613,22685,10552,1017,4,80711,65845,266,1575,0,33354,31507,2491,124,767,1186,565,2598,54938,,,0.680667063,0.424447418,0.985293389,0.014694221,67.9957877,0.020991745,0.474576489,0.648950149,0.985311381,0.00124166,0.311846717
Odisha,Sambalpur,Total,17709,20003,12136,24193,11465,1095,26,86627,69676,946,2076,904,35216,34618,3110,428,850,1261,1828,3595,58316,,,0.673177264,0.424562497,0.985431962,0.014556494,68.64263074,0.020794992,0.469354432,0.649126097,0.985449957,0.001253472,0.31296959
Odisha,Jharsuguda,Civil,1020,725,267,639,375,64,42,3132,47,178,16,238,27,28,4,16,34,47,876,816,1477,,,0.471433131,0.357484839,0.984679221,0.015001596,65.25,0.021430851,0.328693854,0.546569091,0.984697202,0.00119152,0.372292054
Odisha,Jharsuguda,Criminal,9976,4998,5940,11360,3997,1145,16,37432,34539,73,25,2,692,2,3,0,872,572,87,332,24685,,,0.659444875,0.4412684,0.984692651,0.015280635,65.32635253,0.021829478,0.459779899,0.674668243,0.984710632,0.001192914,0.309217165
Odisha,Jharsuguda,Total,10996,5723,6207,11999,4372,1209,58,40564,34586,251,41,240,719,30,7,16,906,619,963,1148,26162,,,0.644940219,0.434808332,0.984715888,0.01525946,65.42580645,0.021799229,0.449666925,0.664791256,0.98473387,0.00119473,0.314076354
Odisha,Keonjhar,Civil,2235,1852,1211,2355,567,30,14,8264,5470,479,790,1525,1817,3020,2965,379,79,40,1940,1292,3784,,,0.457834241,0.358862674,0.995039322,0.004839685,201.5609756,0.006913836,0.3192124,0.548675704,0.995057493,0.003680672,0.368606846
Odisha,Keonjhar,Criminal,8505,8842,5259,13667,7481,663,9,44426,42584,313,1529,0,20666,5535,16165,475,991,350,345,875,29413,,,0.662052356,0.491142774,0.992099399,0.007878092,126.5698006,0.011254417,0.461597894,0.750922641,0.992117516,0.002311271,0.285847969
Odisha,Keonjhar,Total,10740,10694,6470,16022,8048,693,23,52690,48054,792,2319,1525,22483,8555,19130,854,1070,390,2285,2167,33197,,,0.630031694,0.470402915,0.992579378,0.007401644,134.7570332,0.010573776,0.439272364,0.719212862,0.992597503,0.002460776,0.29882556
Odisha,Jagatsinghpur,Civil,3651,2537,1288,1512,441,33,1,9463,6424,632,1722,685,2136,2933,3245,1141,159,112,2951,1542,4056,,,0.428571429,0.209953508,0.988060017,0.01183432,83.74336283,0.016906171,0.298809704,0.321004098,0.98807806,0.001529224,0.434185011
Odisha,Jagatsinghpur,Criminal,5395,4997,2991,4278,3002,299,0,20962,19732,242,988,0,11155,2517,5779,1396,270,245,215,596,11242,,,0.536278204,0.361541764,0.988265038,0.011687259,85.21138211,0.016696084,0.373905308,0.552771844,0.988283085,0.001556031,0.358254601
Odisha,Jagatsinghpur,Total,9046,7534,4279,5790,3443,332,1,30425,26156,874,2710,685,13291,5450,9024,2537,429,357,3166,2138,15298,,,0.502793663,0.314402156,0.988233747,0.011733386,84.98603352,0.01676198,0.350559127,0.48069871,0.988251793,0.001551916,0.381857742
Odisha,Puri,Civil,4370,3192,2186,4754,2647,247,19,17415,11437,1772,3189,1017,4565,5766,5891,1172,208,187,4452,2403,8653,,,0.496841984,0.440227377,0.989205328,0.010737253,92.63297872,0.015338933,0.346409482,0.673076593,0.989223392,0.001691556,0.33415408
Odisha,Puri,Criminal,8664,6452,5997,9292,7522,1595,18,39540,38554,318,668,0,20407,7033,9956,1962,812,558,202,651,27587,,,0.697680888,0.466022609,0.985862775,0.014111934,70.73345259,0.020159906,0.486438913,0.712515683,0.985880778,0.001291652,0.292820657
Odisha,Puri,Total,13034,9644,8183,14046,10169,1842,37,56955,49991,2090,3857,1017,24972,12799,15847,3134,1020,745,4654,3054,36240,,,0.636280638,0.458143128,0.98690217,0.013080272,76.34718499,0.018686104,0.443629268,0.700468512,0.986920192,0.001394164,0.305452456
Odisha,Sundargarh,Civil,2600,2669,1292,2941,661,29,1,10193,7754,441,834,1160,1560,4863,3021,586,108,83,2035,1988,5418,,,0.531489111,0.356288013,0.991759859,0.008142044,121.3452381,0.011631492,0.370566243,0.544739228,0.991777969,0.002215866,0.359217874
Odisha,Sundargarh,Criminal,20001,18695,14153,16407,11025,1675,4,81960,79293,322,2284,0,42315,16693,18669,3670,1514,1584,419,1080,52657,,,0.642464099,0.355181123,0.980661534,0.019326265,51.70977918,0.02760895,0.447940517,0.543046872,0.980679442,0.000944264,0.3470477
Odisha,Sundargarh,Total,22601,21364,15445,19348,11686,1704,5,92153,87047,763,3118,1160,43875,21556,21690,4256,1622,1667,2454,3068,58075,,,0.630195108,0.35530742,0.981899863,0.018089285,55.24760192,0.025841836,0.439386299,0.543239972,0.981917794,0.001008867,0.348396015
Odisha,Balangir,Civil,1843,1572,709,1467,470,39,13,6113,4463,521,777,352,1388,2318,1801,566,81,51,2017,1093,2383,,,0.389761204,0.32531894,0.99149493,0.008341511,117.5576923,0.011916445,0.271750337,0.497389702,0.991513035,0.002146702,0.394619133
Odisha,Balangir,Criminal,9581,9165,8871,9639,4185,257,7,41705,39377,178,2151,0,21098,7324,10713,1221,820,224,169,728,26232,,,0.628974248,0.337793123,0.994605093,0.00537093,185.3555556,0.007672757,0.438535088,0.516461848,0.994623255,0.003384748,0.348665433
Odisha,Balangir,Total,11424,10737,9580,11106,4655,296,20,47818,43840,699,2928,352,22486,9642,12514,1787,901,275,2186,1821,28615,,,0.598402309,0.336205274,0.994228236,0.005750852,173.2536232,0.008215503,0.41721964,0.514034138,0.994246391,0.003163756,0.354537225
Odisha,Bhadrak,Civil,4258,4183,4095,8477,4249,366,18,25646,18736,1741,4037,1135,9151,7894,6111,2211,171,1802,9279,2610,16963,,,0.661402893,0.511170897,0.92969938,0.070261629,14.22407099,0.100373756,0.461145074,0.781544229,0.929716357,0.000259743,0.309981617
Odisha,Bhadrak,Criminal,13637,14051,11871,21178,10842,1207,68,72854,69504,594,2742,0,27907,28187,13426,2471,727,390,904,2804,49593,,,0.680708256,0.457003637,0.994633175,0.005353099,186.3273657,0.007647284,0.47460521,0.698726311,0.994651338,0.003402494,0.294458817
Odisha,Bhadrak,Total,17895,18234,15966,29655,15091,1573,86,98500,88240,2335,6779,1135,37058,36081,19537,4682,898,2192,10183,5414,66556,,,0.675688572,0.471111968,0.977736267,0.022253581,44.91564067,0.03179083,0.471105372,0.720296954,0.977754121,0.000820197,0.298657826
Odisha,Jajpur,Civil,4238,3535,2559,5729,1492,83,0,17636,11626,914,2588,2422,4704,6774,4996,1112,155,152,5468,1058,11335,,,0.642682996,0.414129387,0.991325055,0.008618246,115.2679739,0.01231178,0.448093138,0.633174608,0.991343158,0.00210489,0.31893676
Odisha,Jajpur,Criminal,9965,10650,8322,10746,5409,1306,72,46470,44697,493,1207,1,19435,13271,11945,1147,525,232,662,1292,36900,,,0.794043597,0.377289062,0.99498612,0.004992361,199.4420601,0.007131944,0.553625176,0.576848351,0.99500429,0.003641979,0.306048256
Odisha,Jajpur,Total,14203,14185,10881,16475,6901,1389,72,64106,56323,1407,3795,2423,24139,20045,16941,2259,680,384,6130,2350,48235,,,0.752413933,0.38743039,0.993994416,0.005989985,166.5090909,0.008557122,0.524600032,0.592353726,0.994012567,0.003040596,0.309602812
Odisha,Sonepur,Civil,409,403,217,614,271,11,2,1927,1432,258,143,94,275,895,636,121,21,27,559,284,1030,,,0.534232365,0.465767635,0.985477178,0.014004149,68.82142857,0.020005928,0.372478902,0.712125845,0.985495174,0.001256737,0.319988655
Odisha,Sonepur,Criminal,4351,4211,1546,2399,708,35,1,13251,12635,170,444,2,9279,1056,2135,756,278,171,53,102,5578,,,0.420917597,0.237171748,0.987020827,0.012903713,77.04069767,0.018433875,0.29347328,0.362618865,0.987038851,0.001406828,0.425572919
Odisha,Sonepur,Total,4760,4614,1763,3013,979,46,3,15178,14067,428,587,96,9554,1951,2771,877,299,198,612,386,6608,,,0.435338296,0.266223071,0.986889782,0.013044338,76.27135678,0.018634768,0.303527718,0.407036289,0.986907803,0.001392779,0.412136555
Odisha,Rayagada,Civil,611,382,215,262,19,1,2,1492,800,103,139,450,301,509,594,88,22,21,274,245,492,,,0.329537843,0.190221031,0.985264568,0.01406564,67.81818182,0.020093771,0.229761246,0.290834533,0.98528256,0.001238417,0.459386057
Odisha,Rayagada,Criminal,5284,4771,2234,2278,371,31,0,14969,13686,303,843,38,7749,1542,5392,142,304,251,75,155,7020,,,0.468937876,0.179024716,0.983166333,0.016766867,59.40079365,0.023952667,0.326954106,0.273716157,0.983184286,0.001084708,0.441879378
Odisha,Rayagada,Total,5895,5153,2449,2540,390,32,2,16461,14486,406,982,488,8050,2051,5986,230,326,272,349,400,7512,,,0.456323654,0.180051027,0.983416353,0.016522901,60.2967033,0.023604145,0.318159185,0.275285314,0.983434311,0.001101068,0.443444983
Odisha,Nayagarh,Civil,2116,1003,371,449,217,8,1,4165,3066,215,367,517,659,1628,1569,307,210,95,1474,598,1996,,,0.479116659,0.162025924,0.976956313,0.022803649,43.38541667,0.032576641,0.334050983,0.247726204,0.976974153,0.000792254,0.449819893
Odisha,Nayagarh,Criminal,10558,7188,2892,3388,1761,178,1,25966,24414,279,1272,0,13159,3648,6456,700,3749,634,241,528,27013,,,1.040281896,0.205183502,0.975545885,0.024415604,40.89133858,0.034879435,0.725308094,0.313711095,0.975563699,0.00074671,0.341330685
Odisha,Nayagarh,Total,12674,8191,3263,3837,1978,186,2,30131,27480,494,1639,517,13818,5276,8025,1007,3959,729,1715,1126,29009,,,0.962730652,0.199223417,0.975773264,0.024193548,41.27534247,0.034562212,0.67123761,0.304598546,0.975791083,0.000753722,0.356314844
Odisha,Kandhamal,Civil,506,164,88,100,8,1,0,867,486,160,58,147,148,212,421,78,31,8,250,176,157,,,0.180875576,0.125576037,0.989631336,0.00921659,96.33333333,0.013166557,0.126110547,0.191996899,0.989649408,0.001759127,0.506316709
Odisha,Kandhamal,Criminal,7078,4117,1981,1805,570,16,0,15567,15211,45,310,1,6255,1776,7195,218,204,220,62,370,6532,,,0.419578623,0.153584275,0.985804214,0.014131552,70.43891403,0.020187931,0.292539717,0.234819519,0.985822215,0.001286274,0.458427373
Odisha,Kandhamal,Total,7584,4281,2069,1905,578,17,0,16434,15697,205,368,148,6403,1988,7616,296,235,228,312,546,6689,,,0.406997262,0.15211439,0.986066322,0.013872832,71.76419214,0.019818332,0.283767707,0.232572168,0.986084328,0.001310474,0.460935731
Odisha,Boudh,Civil,407,281,130,139,12,1,1,971,582,133,78,106,215,389,319,47,20,6,277,266,294,,,0.302469136,0.157407407,0.992798354,0.00617284,138.7142857,0.008818342,0.210888331,0.240664818,0.992816483,0.002533039,0.472398579
Odisha,Boudh,Criminal,6099,4756,2027,3167,612,10,0,16671,16198,56,410,7,11337,2824,2361,117,239,153,40,125,6496,,,0.389635317,0.227267274,0.990762956,0.009177063,108.2532468,0.01311009,0.271662566,0.347475625,0.990781048,0.001976795,0.432597094
Odisha,Boudh,Total,6506,5037,2157,3306,624,11,1,17642,16780,189,488,113,11552,3213,2680,164,259,159,317,391,6790,,,0.384855183,0.223431389,0.990931248,0.009012073,110.2625,0.01287439,0.268329748,0.341610827,0.990949343,0.002013486,0.434768335
Odisha,Mayurbhanj,Civil,4821,4876,1977,2577,1026,150,22,15449,10680,735,1428,2503,2889,5119,4770,437,323,123,4626,1474,6645,,,0.430097087,0.24433657,0.99197411,0.007961165,124.5887097,0.011373093,0.299873428,0.373573372,0.991992224,0.002275094,0.418734377
Odisha,Mayurbhanj,Criminal,12310,13973,11110,10824,10433,1683,18,60351,55846,276,3187,603,36007,9257,11535,2448,1783,663,355,1176,35687,,,0.59131429,0.380401644,0.988997879,0.010985551,90.89006024,0.015693645,0.412277712,0.581607269,0.989015939,0.001659729,0.341567313
Odisha,Mayurbhanj,Total,17131,18849,13087,13401,11459,1833,40,75800,66526,1011,4615,3106,38896,14376,16305,2885,2106,786,4981,2650,42332,,,0.558462289,0.352673448,0.989617551,0.010369256,96.31512071,0.014813223,0.389372554,0.539212814,0.989635622,0.001758795,0.357292093
Odisha,Anugul,Civil,2169,1969,1281,1908,594,25,1,7947,6082,514,786,565,1799,3491,2078,577,253,282,1967,1813,4648,,,0.584801208,0.318067438,0.964393558,0.035480624,28.08127208,0.050686606,0.407736644,0.486302668,0.964411169,0.000512788,0.379010062
Odisha,Anugul,Criminal,13294,18134,9909,10961,10313,1802,0,64413,62010,142,2262,0,34236,15669,12534,1635,687,455,265,795,42999,,,0.667541218,0.358245102,0.992920794,0.007063682,141.2565789,0.010090974,0.465424853,0.54773148,0.992938925,0.002579463,0.335388148
Odisha,Anugul,Total,15463,20103,11190,12869,10907,1827,1,72360,68092,656,3048,565,36035,19160,14612,2212,940,737,2232,2608,47647,,,0.658462431,0.353837012,0.989801136,0.010185044,98.04878049,0.014550063,0.459094917,0.540991821,0.989819211,0.001790453,0.340224799
Odisha,Bargarh,Civil,1471,1320,735,1556,558,58,18,5716,3864,414,317,1121,1342,1441,2100,449,78,48,1656,924,2686,,,0.469826832,0.383068043,0.991429071,0.008396012,116.6530612,0.011994303,0.327573906,0.585684005,0.991447176,0.002130183,0.359307722
Odisha,Bargarh,Criminal,7353,8020,7227,13164,5410,426,4,41604,40581,127,896,0,28245,3302,8586,1268,351,207,180,717,29186,,,0.701502223,0.456772023,0.995000601,0.004975364,200.0192308,0.007107662,0.489103235,0.698372189,0.99501877,0.003652519,0.290899627
Odisha,Bargarh,Total,8824,9340,7962,14720,5968,484,22,47320,44445,541,1213,1121,29587,4743,10686,1717,429,255,1836,1641,31872,,,0.673527609,0.447877264,0.99459014,0.005388728,184.84375,0.007698183,0.4695987,0.68477273,0.994608302,0.003375402,0.299161998
Odisha,Deogarh,Civil,328,200,38,99,16,0,0,681,570,41,14,56,168,225,258,29,7,6,155,62,196,,,0.287390029,0.168621701,0.98973607,0.008797654,97.28571429,0.012568077,0.200374836,0.257810681,0.989754144,0.001776519,0.472089544
Odisha,Deogarh,Criminal,3328,3253,1422,2062,502,1,0,10568,10487,37,44,0,2811,593,2324,272,143,49,10,38,4495,,,0.425300407,0.242690888,0.995269183,0.0046362,211.36,0.006623143,0.296529074,0.371057242,0.995287358,0.003859611,0.41833891
Odisha,Deogarh,Total,3656,3453,1460,2161,518,1,0,11249,11057,78,58,56,2979,818,2582,301,150,55,165,100,4691,,,0.416977778,0.238222222,0.995022222,0.004888889,200.875,0.006984127,0.290726349,0.364224967,0.995040392,0.003668146,0.421569253
Odisha,Malkangiri,Civil,247,153,16,6,2,0,0,424,334,42,25,23,89,120,184,31,13,8,73,133,110,,,0.258823529,0.018823529,0.978823529,0.018823529,47.11111111,0.026890756,0.180457625,0.028779848,0.978841404,0.000860288,0.539511353
Odisha,Malkangiri,Criminal,3866,2970,1419,437,122,10,0,8824,8594,37,193,0,3869,2259,2590,89,420,315,6,37,3793,,,0.4298017,0.064475921,0.964192635,0.035694051,27.92405063,0.050991501,0.299667477,0.098579133,0.964210242,0.000509917,0.501827343
Odisha,Malkangiri,Total,4113,3123,1435,443,124,10,0,9248,8928,79,218,23,3958,2379,2774,120,433,323,79,170,3903,,,0.421991567,0.062385123,0.964969186,0.034922694,28.54320988,0.049889563,0.294222076,0.09538245,0.964986807,0.000521223,0.503526864
Odisha,Nabarangpur,Civil,379,277,105,114,13,3,1,892,575,124,67,126,71,268,407,59,32,1,201,169,192,,,0.215005599,0.146696529,0.997760358,0.001119821,446,0.001599744,0.149906772,0.22428864,0.997778578,0.008144334,0.487905739
Odisha,Nabarangpur,Criminal,5042,2953,4496,3578,2366,343,1,18779,18122,85,571,1,12878,526,4713,639,267,214,56,52,10830,,,0.576677316,0.334824281,0.988551651,0.011395101,87.34418605,0.016278716,0.402072483,0.511922698,0.988569702,0.001594978,0.361658154
Odisha,Nabarangpur,Total,5421,3230,4601,3692,2379,346,2,19671,18697,209,638,127,12949,794,5120,698,299,215,257,221,11022,,,0.560288735,0.326301342,0.989019927,0.01092924,91.06944444,0.015613199,0.390645993,0.498891725,0.989037987,0.001663004,0.367387793
Gujarat,GANDHINAGAR,Civil,5190,3424,1782,2628,1321,54,1,14400,10753,653,1590,1404,5762,858,5647,1700,396,924,2947,1858,7450,,,0.517325186,0.278036247,0.935768349,0.064162211,15.56756757,0.091660301,0.360690834,0.425097802,0.935785437,0.000284277,0.419980525
Gujarat,GANDHINAGAR,Criminal,11237,5935,3687,2796,1224,324,16,25219,21660,696,2863,0,13620,297,10290,814,3297,6216,736,1666,10699,,,0.424226804,0.172878668,0.753489294,0.246471055,4.056458099,0.352101507,0.295780534,0.264319283,0.753503054,7.41E-05,0.567703771
Gujarat,GANDHINAGAR,Total,16427,9359,5469,5424,2545,378,17,39619,32413,1349,4453,1404,19382,1155,15937,2514,3693,7140,3683,3524,18149,,,0.458076729,0.211105502,0.819762746,0.180212014,5.548102507,0.257445734,0.319381468,0.322765416,0.819777716,0.000101313,0.514008209
Gujarat,Ahmedabad,Civil,21298,15035,9807,15566,8551,1092,33,71382,59922,1727,6407,3330,23305,2830,37293,7416,1662,2592,9865,6907,37045,,,0.518961097,0.353613605,0.963674825,0.036311167,27.5287312,0.051873095,0.361831428,0.540650249,0.963692422,0.000502698,0.376675981
Gujarat,Ahmedabad,Criminal,177845,111334,68050,63539,20549,5319,562,447198,427083,2567,17873,0,370801,2747,64988,7987,41181,48859,6989,12079,143452,,,0.320778893,0.201183366,0.890742153,0.109255611,9.152640196,0.156079444,0.223654308,0.307595169,0.890758419,0.000167135,0.504654539
Gujarat,Ahmedabad,Total,199143,126369,77857,79105,29100,6411,595,518580,487005,4294,24280,3330,394106,5577,102281,15403,42843,51451,16854,18986,180497,,,0.348059416,0.222165872,0.900783098,0.099214973,10.0789085,0.141735676,0.242674906,0.33967594,0.900799548,0.000184049,0.487040331
Gujarat,SURAT,Civil,12099,7049,3593,5397,2434,230,21,30823,24031,1858,2754,2180,9416,2404,15814,3039,841,1123,4952,4353,14750,,,0.478523229,0.262198287,0.963534908,0.03643265,27.42259786,0.052046643,0.333637231,0.400882678,0.963552503,0.00050076,0.418426097
Gujarat,SURAT,Criminal,46418,28720,15903,12935,4282,926,97,109281,99836,2066,7379,0,59714,1707,43623,3955,36588,54226,3132,5664,51286,,,0.46929961,0.166907633,0.503788364,0.496202485,2.015250705,0.708860693,0.327206315,0.255189993,0.503797564,3.68E-05,0.688646408
Gujarat,SURAT,Total,58517,35769,19496,18332,6716,1156,118,140104,123867,3924,10133,2180,69130,4111,59437,6994,37429,55349,8084,10017,66036,,,0.471332215,0.187873381,0.604939153,0.39505371,2.531237579,0.564362442,0.328623493,0.287245141,0.604950199,4.62E-05,0.629203921
Gujarat,Mahesana,Civil,3722,2412,1318,2266,525,39,2,10284,6966,1131,796,1391,3148,682,5248,1008,326,813,2280,971,5228,,,0.508313077,0.275352455,0.920855615,0.079047156,12.63390663,0.112924509,0.354407388,0.420994472,0.920872431,0.000230706,0.430025136
Gujarat,Mahesana,Criminal,19165,6566,3147,2645,782,113,0,32418,28935,928,2555,0,19549,460,11507,643,4838,8991,1173,1565,9514,,,0.293469879,0.109195225,0.72263179,0.277337364,3.605204626,0.396196234,0.204613845,0.166951793,0.722644986,6.58E-05,0.629281718
Gujarat,Mahesana,Total,22887,8978,4465,4911,1307,152,2,42702,35901,2059,3351,1391,22697,1142,16755,1651,5164,9804,3453,2536,14742,,,0.345221647,0.149216683,0.770390839,0.229585743,4.355124936,0.327979633,0.24069635,0.228141778,0.770404907,7.95E-05,0.581289185
Gujarat,RAJKOT,Civil,10947,5369,3552,3320,1073,133,7,24401,15667,1154,2952,4628,9720,1068,10653,2165,1160,1727,2263,1685,10182,,,0.41726088,0.185763462,0.929186132,0.070772887,14.12094907,0.101104125,0.290923734,0.284019224,0.9292031,0.00025786,0.47518147
Gujarat,RAJKOT,Criminal,38168,19113,9438,7373,2508,796,34,77430,70532,1507,5391,0,46613,1083,27276,2310,7012,13782,491,4213,28587,,,0.369193217,0.13832961,0.821996358,0.177990727,5.617790031,0.254272467,0.257409871,0.211496211,0.822011368,0.000102586,0.555437434
Gujarat,RAJKOT,Total,49115,24482,12990,10693,3581,929,41,101831,86199,2661,8343,4628,56333,2151,37929,4475,8172,15509,2754,5898,38769,,,0.380715296,0.149697541,0.847690313,0.152299866,6.565506125,0.217571238,0.265443325,0.228876976,0.847705793,0.000119892,0.536205102
Gujarat,Amreli,Civil,2466,1484,793,994,144,13,1,5895,3206,270,763,1657,2097,190,2689,446,234,534,992,499,2190,,,0.371438263,0.195386703,0.909260516,0.090569878,11.01869159,0.12938554,0.258975168,0.29873248,0.909277119,0.000201211,0.489100431
Gujarat,Amreli,Criminal,8068,3378,1421,1009,238,42,0,14156,12613,281,1288,0,6851,174,6499,520,2827,4011,227,739,3086,,,0.217984036,0.091050364,0.716606626,0.283322738,3.528414756,0.404746768,0.151983406,0.139209581,0.716619712,6.44E-05,0.651735393
Gujarat,Amreli,Total,10534,4862,2214,2003,382,55,1,20051,15819,551,2051,1657,8948,364,9188,966,3061,4545,1219,1238,5276,,,0.263115899,0.121733493,0.773289447,0.226660682,4.410690717,0.323800975,0.183450362,0.18612192,0.773303568,8.05E-05,0.603909626
Gujarat,Anand,Civil,4930,3292,2263,2089,858,65,4,13501,8739,1177,1316,2269,4107,1113,6183,1599,401,835,3363,902,6854,,,0.507628499,0.223374315,0.938083247,0.06184269,16.14952153,0.0883467,0.353930084,0.341523564,0.938100377,0.000294904,0.441341085
Gujarat,Anand,Criminal,11215,5499,2582,1909,618,40,0,21863,18898,783,2182,0,9633,469,10939,710,4808,7741,890,1011,8115,,,0.371158068,0.117407611,0.645901939,0.354052323,2.8239473,0.505789034,0.258779809,0.179507951,0.645913734,5.16E-05,0.652042472
Gujarat,Anand,Total,16145,8791,4845,3998,1476,105,4,35364,27637,1960,3498,2269,13740,1582,17122,2309,5209,8576,4253,1913,14969,,,0.423271596,0.157867949,0.757472077,0.242499647,4.123119972,0.346428066,0.295114541,0.241368953,0.757485909,7.53E-05,0.571600918
Gujarat,Banaskanth at Palanpur,Civil,3805,2052,955,1134,322,17,7,8292,5635,673,1111,873,2518,431,4173,1029,364,819,1458,1110,2703,,,0.325937538,0.178463765,0.901121428,0.098757989,10.11219512,0.141082841,0.227251032,0.272858502,0.901137883,0.000184657,0.507224817
Gujarat,Banaskanth at Palanpur,Criminal,14249,5511,2790,1993,379,31,1,24954,21767,877,2310,0,10446,338,13197,821,4848,7325,503,1272,6552,,,0.262552595,0.0963334,0.706431577,0.293528351,3.406224406,0.419326216,0.183057614,0.147286971,0.706444477,6.22E-05,0.647494182
Gujarat,Banaskanth at Palanpur,Total,18054,7563,3745,3127,701,48,8,33246,27402,1550,3421,873,12964,769,17370,1850,5212,8144,1961,2382,9255,,,0.278370981,0.11682257,0.75501549,0.244954432,4.081767956,0.349934903,0.194086551,0.178613466,0.755029277,7.45E-05,0.612502953
Gujarat,Bharuch,Civil,4860,3220,2446,3330,943,27,3,14829,11002,1025,1688,1114,5145,723,7428,1458,329,876,2526,1632,7870,,,0.530681052,0.290155091,0.940863115,0.059069454,16.90877993,0.084384934,0.370002846,0.443626658,0.940880296,0.000308768,0.410558767
Gujarat,Bharuch,Criminal,11142,5137,2435,2110,464,165,0,21453,17918,1016,2519,0,9791,357,10283,916,6641,9781,979,2008,7007,,,0.326605761,0.1276685,0.54404773,0.455905659,2.193109793,0.651293798,0.227716932,0.195196127,0.544057665,4.00E-05,0.706911201
Gujarat,Bharuch,Total,16002,8357,4881,5440,1407,192,3,36282,28920,2041,4207,1114,14936,1080,17711,2374,6970,10657,3505,3640,14877,,,0.410026734,0.194085384,0.706253617,0.293718821,3.404203415,0.419598316,0.285879924,0.296742856,0.706266514,6.22E-05,0.585788103
Gujarat,Bhavnagar,Civil,7256,2334,1274,1974,1060,186,1,14085,9898,550,862,2775,4940,734,6739,1077,713,866,1420,933,5441,,,0.386270055,0.228666761,0.938449524,0.061479483,16.24567474,0.087827833,0.269316229,0.349615341,0.938466661,0.00029666,0.459186065
Gujarat,Bhavnagar,Criminal,12852,4947,3032,2973,1248,238,2,25292,21952,434,2906,0,11012,460,12491,1069,3830,5652,607,2067,9452,,,0.373700233,0.17637291,0.776499427,0.223461037,4.474084557,0.319230052,0.260552265,0.269661732,0.776513606,8.17E-05,0.563095627
Gujarat,Bhavnagar,Total,20108,7281,4306,4947,2308,424,3,39377,31850,984,3768,2775,15952,1194,19230,2146,4543,6518,2027,3000,14893,,,0.378206105,0.195083549,0.834450709,0.165523897,6.040343611,0.236462709,0.26369386,0.29826898,0.834465946,0.000110302,0.525924245
Gujarat,Dahod,Civil,2207,1153,654,936,230,10,0,5190,3439,305,1051,395,2030,351,2239,480,212,147,1057,817,2044,,,0.393758428,0.226545945,0.971489116,0.028318243,35.06756757,0.040454633,0.274537292,0.346372763,0.971506856,0.000640363,0.442010433
Gujarat,Dahod,Criminal,8876,2874,1137,1044,205,8,0,14144,12785,206,1153,0,6551,190,6546,729,3256,2941,144,742,2812,,,0.198798162,0.088865323,0.792011311,0.207917992,4.807613868,0.297025703,0.13860658,0.135868808,0.792025774,8.78E-05,0.617662906
Gujarat,Dahod,Total,11083,4027,1791,1980,435,18,0,19334,16224,511,2204,395,8581,541,8785,1209,3468,3088,1201,1559,4856,,,0.251150763,0.12583398,0.840237911,0.15971037,6.25898349,0.228157671,0.175107999,0.192391275,0.840253254,0.000114294,0.570505929
Gujarat,Jamnagar,Civil,3155,1675,774,1071,533,39,3,7250,4374,791,701,1384,2330,492,3565,688,329,421,1215,625,3146,,,0.43387119,0.227003172,0.941801131,0.058060957,17.18009479,0.082944224,0.302504818,0.347071831,0.941818329,0.000313723,0.450243581
Gujarat,Jamnagar,Criminal,10418,3889,2151,1744,688,120,10,19020,16319,730,1971,0,7766,367,10071,671,3389,4933,636,1195,6230,,,0.327532727,0.134693234,0.740602492,0.259344935,3.854884475,0.370492764,0.228363234,0.205936449,0.740616016,7.04E-05,0.604808329
Gujarat,Jamnagar,Total,13573,5564,2925,2815,1221,159,13,26270,20693,1521,2672,1384,10096,859,13636,1359,3718,5354,1851,1820,9376,,,0.356895436,0.160176621,0.79616307,0.203798866,4.905695612,0.291141237,0.248835579,0.244898749,0.796177608,8.96E-05,0.56214414
Gujarat,Junagadh,Civil,3080,1617,943,1018,361,47,12,7078,4728,505,706,1139,1931,338,3712,782,277,627,1284,721,3139,,,0.443424212,0.203136036,0.911286905,0.088571832,11.27070064,0.126531189,0.309165402,0.310580664,0.911303546,0.000205812,0.473221226
Gujarat,Junagadh,Criminal,8162,4453,2208,1314,354,64,14,16569,14578,290,1701,0,7108,250,8400,743,2325,4652,436,1163,6353,,,0.383403742,0.105371153,0.71919131,0.28074834,3.560928433,0.401069058,0.26731777,0.161105057,0.719204443,6.50E-05,0.617612596
Gujarat,Junagadh,Total,11242,6070,3151,2332,715,111,26,23647,19306,795,2407,1139,9039,588,12112,1525,2602,5279,1720,1884,9492,,,0.401387009,0.134641407,0.776725304,0.223232409,4.478598485,0.318903441,0.279856112,0.20585721,0.776739488,8.18E-05,0.574383723
Gujarat,Kheda at Nadiad,Civil,4726,2929,1601,1719,474,22,4,11475,8913,836,982,744,3040,1017,6231,1139,465,789,2432,1199,4388,,,0.382363193,0.193360056,0.931160683,0.068752178,14.52531646,0.098217398,0.266592276,0.29563388,0.931177687,0.000265244,0.477029225
Gujarat,Kheda at Nadiad,Criminal,10150,4134,1966,1892,474,94,4,18714,15350,865,2499,0,8944,238,8942,481,3974,5920,664,1747,5629,,,0.30077478,0.131659097,0.683622762,0.316323804,3.160614761,0.451891149,0.209706987,0.201297468,0.683635246,5.77E-05,0.639166415
Gujarat,Kheda at Nadiad,Total,14876,7063,3567,3611,948,116,8,30189,24263,1701,3481,744,11984,1255,15173,1620,4439,6709,3096,2946,10017,,,0.331798609,0.155117589,0.777740974,0.222225903,4.499105812,0.317465575,0.231337503,0.237163847,0.777755176,8.22E-05,0.577533469
Gujarat,kachchh at Bhuj,Civil,7457,4516,2416,2561,996,49,2,17997,13062,915,1308,2713,7466,707,7945,1255,771,1334,2842,2046,6399,,,0.355539504,0.200466719,0.925825092,0.074119347,13.48089888,0.105884781,0.247890193,0.306499466,0.925841998,0.000246173,0.481446049
Gujarat,kachchh at Bhuj,Criminal,21893,10201,4772,4289,1515,202,4,42876,39409,335,3134,0,23220,299,17221,1583,5359,7439,726,2042,13333,,,0.310959256,0.140168389,0.826480397,0.17349628,5.762903226,0.247851829,0.216807834,0.214307575,0.82649549,0.000105235,0.562089599
Gujarat,kachchh at Bhuj,Total,29350,14717,7188,6850,2511,251,6,60873,52471,1250,4442,2713,30686,1006,25166,2838,6130,8773,3568,4088,19732,,,0.324144955,0.157998489,0.855866215,0.144117357,6.937884659,0.205881939,0.226001203,0.241568539,0.855881844,0.000126692,0.538244444
Gujarat,Panchmahal at Godhra,Civil,4571,2483,1232,1135,341,11,0,9773,7560,372,1441,400,2578,1067,5112,909,317,555,1378,766,3071,,,0.314200941,0.152138326,0.943114385,0.056783303,17.57733813,0.081119004,0.219068011,0.232608765,0.943131607,0.000320977,0.498031207
Gujarat,Panchmahal at Godhra,Criminal,9639,3014,1371,1078,308,32,0,15442,12325,239,2878,0,6494,168,7555,605,2947,4699,330,1909,3014,,,0.195169332,0.091821537,0.695654989,0.304280256,3.285531915,0.434686081,0.136076478,0.140388651,0.695667693,6.00E-05,0.665792618
Gujarat,Panchmahal at Godhra,Total,14210,5497,2603,2213,649,43,0,25215,19885,611,4319,400,9072,1235,12667,1514,3264,5254,1708,2675,6085,,,0.241315038,0.115204632,0.791600571,0.208359772,4.798287345,0.297656817,0.168250309,0.176139752,0.791615026,8.76E-05,0.600767782
Gujarat,Patan,Civil,2167,1212,740,685,165,3,0,4972,3512,380,586,494,1323,391,2623,584,200,490,1159,503,1645,,,0.330786246,0.171526242,0.901266841,0.098532073,10.12627291,0.140760105,0.230631661,0.262251519,0.901283299,0.000184914,0.508983675
Gujarat,Patan,Criminal,7081,4050,1778,1551,461,31,0,14952,12993,365,1594,0,6428,103,7500,439,2412,5057,455,872,4120,,,0.275529994,0.136628101,0.661740119,0.338193005,2.956109134,0.483132864,0.192105751,0.208894725,0.661752203,5.40E-05,0.652482568
Gujarat,Patan,Total,9248,5262,2518,2236,626,34,0,19924,16505,745,2180,494,7751,494,10123,1023,2612,5547,1614,1375,5765,,,0.289335006,0.145345044,0.721555834,0.278393977,3.591204037,0.397705682,0.201730918,0.222222315,0.721569011,6.56E-05,0.616661659
Gujarat,Sabarkantha at Himmatnagar,Civil,1820,1147,741,716,114,3,0,4541,3402,394,361,384,1026,357,2808,260,161,379,921,538,1930,,,0.424922941,0.183399384,0.916336416,0.083443417,11.95,0.119204881,0.296265897,0.280404715,0.916353149,0.000218217,0.48126239
Gujarat,Sabarkantha at Himmatnagar,Criminal,10263,4890,2546,2737,190,5,0,20631,18575,523,1533,0,10514,480,8407,1092,4565,4286,810,907,7084,,,0.343350136,0.142109345,0.792215975,0.207735556,4.812456263,0.296765081,0.239391489,0.21727516,0.792230442,8.79E-05,0.57329077
Gujarat,Sabarkantha at Himmatnagar,Total,12083,6037,3287,3453,304,8,0,25172,21977,917,1894,384,11540,837,11215,1352,4726,4665,1731,1445,9014,,,0.358082072,0.14956501,0.814642673,0.185317602,5.394770682,0.264739432,0.249662929,0.228674346,0.814657549,9.85E-05,0.556678029
Gujarat,Surendranagar,Civil,4713,1852,662,723,223,56,0,8229,5060,433,672,2064,2623,618,3624,453,365,518,1129,500,2504,,,0.304252734,0.121749696,0.936938032,0.062940462,15.85549133,0.089914945,0.212131896,0.186146694,0.936955141,0.000289535,0.514427054
Gujarat,Surendranagar,Criminal,7221,3478,1836,1478,297,32,0,14342,12558,647,1137,0,6022,160,7408,512,3189,4212,334,735,5031,,,0.350763439,0.125984801,0.706267866,0.293662414,3.404225018,0.419517734,0.244560212,0.19262187,0.706280763,6.22E-05,0.621637681
Gujarat,Surendranagar,Total,11934,5330,2498,2201,520,88,0,22571,17618,1080,1809,2064,8645,778,11032,965,3554,4730,1463,1235,7535,,,0.333820663,0.124446217,0.79040404,0.209551657,4.770872966,0.29935951,0.232747325,0.190269483,0.790418474,8.71E-05,0.582544816
Gujarat,Vadodara,Civil,11893,6637,4604,4891,2115,416,49,30605,22662,1622,4210,2115,8116,3143,15944,3040,683,1382,4662,3079,12791,,,0.41792459,0.244102464,0.954812782,0.045154545,22.12942878,0.064506493,0.291386488,0.373215441,0.954830217,0.000404102,0.439782562
Gujarat,Vadodara,Criminal,35381,14475,8835,6223,2765,742,28,68449,59767,1448,7236,0,37865,1151,26987,1747,20744,26966,1807,6199,20951,,,0.306077429,0.142556611,0.606033601,0.39395179,2.538250454,0.562788271,0.213404114,0.217958998,0.606044668,4.64E-05,0.673310271
Gujarat,Vadodara,Total,47274,21112,13439,11114,4880,1158,77,99054,82429,3070,11446,2115,45981,4294,42931,4787,21427,28348,6469,9278,33742,,,0.340639039,0.173933673,0.713805462,0.286184443,3.494091502,0.408834919,0.237501251,0.265932312,0.713818496,6.38E-05,0.601162177
Gujarat,Navsari,Civil,1528,830,556,882,310,9,4,4119,3196,380,332,211,944,151,2548,447,122,218,1329,695,1814,,,0.440291262,0.292475728,0.94684466,0.052912621,18.80821918,0.075589459,0.306981038,0.447174749,0.94686195,0.000343454,0.421534889
Gujarat,Navsari,Criminal,4487,1704,1026,966,399,33,1,8616,6979,333,1304,0,3028,287,4882,287,4590,6026,234,795,2606,,,0.302425438,0.162353487,0.300568643,0.699315307,1.429566949,0.999021867,0.210857863,0.248227025,0.300574132,2.61E-05,0.820559734
Gujarat,Navsari,Total,6015,2534,1582,1848,709,42,5,12735,10175,713,1636,211,3972,438,7430,734,4712,6244,1563,1490,4420,,,0.347047739,0.204459799,0.509657663,0.490263819,2.039231385,0.700376884,0.241969542,0.312604604,0.50966697,3.72E-05,0.691488028
Gujarat,Narmada,Civil,1164,585,286,310,78,2,1,2426,1919,155,178,174,526,71,1521,245,63,87,775,382,693,,,0.285537701,0.161104244,0.963741244,0.035846724,27.56818182,0.051209606,0.199083351,0.24631702,0.963758843,0.000503418,0.488815015
Gujarat,Narmada,Criminal,5025,912,241,161,33,0,0,6372,5558,180,634,0,3037,100,2913,258,1928,1463,141,461,595,,,0.093362624,0.030440923,0.770280872,0.229562216,4.352459016,0.327946022,0.065094535,0.046542023,0.770294938,7.95E-05,0.668406916
Gujarat,Narmada,Total,6189,1497,527,471,111,2,1,8798,7477,335,812,174,3563,171,4434,503,1991,1550,916,843,1288,,,0.14638027,0.066484828,0.823729969,0.176156381,5.672469375,0.251651973,0.102059639,0.10165061,0.823745011,0.000103584,0.618863934
Gujarat,Tapi,Civil,527,240,140,169,32,3,1,1112,856,134,76,46,235,97,663,117,59,34,338,286,416,,,0.3737646,0.184186882,0.968553459,0.030548068,31.77142857,0.043640098,0.260597143,0.281608745,0.968571146,0.000580173,0.462822469
Gujarat,Tapi,Criminal,3149,577,268,200,56,4,0,4254,3898,77,279,0,1637,56,2345,197,1428,2535,40,239,815,,,0.191539365,0.061104583,0.4039953,0.595769683,1.677444795,0.851099547,0.133545583,0.093424595,0.404002677,3.06E-05,0.825389642
Gujarat,Tapi,Total,3676,817,408,369,88,7,1,5366,4754,211,355,46,1872,153,3008,314,1487,2569,378,525,1231,,,0.229364636,0.086640581,0.521147755,0.478665921,2.087937743,0.683808459,0.159918218,0.132467335,0.521157271,3.81E-05,0.750215049
Gujarat,Valsad,Civil,2385,1505,1046,1777,490,92,1,7296,5884,562,472,378,2322,581,3868,485,163,223,1284,964,3440,,,0.471426614,0.323420584,0.969302453,0.030560504,32.57142857,0.043657863,0.32868931,0.494487249,0.969320153,0.000594782,0.393207062
Gujarat,Valsad,Criminal,19924,5965,2738,2008,679,158,2,31474,29609,414,1451,0,18707,189,11846,683,6570,5025,366,869,6259,,,0.198856235,0.09045274,0.840317712,0.159650516,6.262236371,0.228072166,0.13864707,0.138295857,0.840333057,0.000114354,0.592660432
Gujarat,Valsad,Total,22309,7470,3784,3785,1169,250,3,38770,35493,976,1923,378,21029,770,15714,1168,6733,5248,1650,1833,9699,,,0.250161203,0.134301411,0.864615305,0.135358902,7.386168794,0.19336986,0.174418055,0.20533738,0.864631094,0.000134878,0.555122793
Gujarat,Porbandar,Civil,857,611,456,504,199,8,1,2636,1641,297,333,365,620,149,1572,192,130,124,539,245,1318,,,0.499810391,0.270003792,0.952597649,0.047023132,21.088,0.067175903,0.348479122,0.412816744,0.952615044,0.000385085,0.41735558
Gujarat,Porbandar,Criminal,2977,1576,790,553,151,48,4,6099,5601,157,341,0,2364,54,3265,392,1220,2301,210,265,2138,,,0.350491803,0.123934426,0.622622951,0.377213115,2.649435274,0.538875878,0.244370822,0.189486992,0.62263432,4.84E-05,0.664681074
Gujarat,Porbandar,Total,3834,2187,1246,1057,350,56,5,8735,7242,454,674,365,2984,203,4837,584,1350,2425,749,510,3456,,,0.395604396,0.168040293,0.722298535,0.277586996,3.600577082,0.396552852,0.275824343,0.25692175,0.722311725,6.57E-05,0.590016738
Gujarat,Gir Somnath at Veraval,Civil,2609,1337,847,550,266,35,1,5645,4065,211,205,1164,2481,179,2269,507,298,483,671,284,1486,,,0.263195182,0.150903294,0.914275593,0.08554729,11.66322314,0.122210414,0.183505641,0.230720488,0.914292289,0.00021298,0.521485058
Gujarat,Gir Somnath at Veraval,Criminal,6163,2822,1469,1315,626,80,7,12482,10808,152,1522,0,5876,195,5867,414,2159,3630,251,1102,3374,,,0.270287591,0.162460947,0.709124409,0.290795482,3.43762049,0.415422117,0.188450629,0.248391323,0.709137358,6.28E-05,0.619525377
Gujarat,Gir Somnath at Veraval,Total,8772,4159,2316,1865,892,115,8,18127,14873,363,1727,1164,8357,374,8136,921,2457,4113,922,1386,4860,,,0.268093557,0.158870256,0.773058252,0.226886584,4.40617404,0.324123692,0.186920899,0.24290141,0.773072369,8.05E-05,0.588983104
Gujarat,Aravalli at Modasa,Civil,1137,559,269,288,64,1,0,2318,1828,153,117,220,506,138,1423,193,96,199,587,344,757,,,0.326433808,0.152220785,0.913755929,0.08581285,11.59,0.122589786,0.227597042,0.232734838,0.913772615,0.000211643,0.510720773
Gujarat,Aravalli at Modasa,Criminal,6107,2442,957,982,267,25,1,10781,9881,125,775,0,4449,83,5896,260,1966,2784,409,367,3642,,,0.337785198,0.118252643,0.741699128,0.258208125,3.871095153,0.36886875,0.235511488,0.180799947,0.741712672,7.07E-05,0.608843776
Gujarat,Aravalli at Modasa,Total,7244,3001,1226,1270,331,26,1,13099,11709,278,892,220,4955,221,7319,453,2062,2983,996,711,4399,,,0.335801527,0.124274809,0.77221374,0.227709924,4.389745308,0.325299891,0.234128428,0.190007413,0.772227842,8.02E-05,0.591460378
Gujarat,Morbi,Civil,1933,1246,397,917,185,8,0,4686,3018,344,872,452,796,245,1546,243,205,239,773,366,1703,,,0.363345424,0.236825261,0.948794538,0.050992106,19.525,0.072845865,0.253332657,0.362089112,0.948811864,0.000356543,0.454581187
Gujarat,Morbi,Criminal,8083,5127,3142,1657,192,30,0,18231,16964,281,986,0,3103,91,2627,413,2757,4454,280,337,7238,,,0.396994296,0.103060553,0.755649408,0.244295744,4.092255892,0.34899392,0.276793412,0.157572313,0.755663206,7.47E-05,0.5978415
Gujarat,Morbi,Total,10016,6373,3539,2574,377,38,0,22917,19982,625,1858,452,3899,336,4173,656,2962,4693,1053,703,8941,,,0.390130029,0.130421503,0.795182826,0.20477354,4.88219003,0.292533629,0.27200749,0.199405274,0.795197346,8.92E-05,0.568538121
Gujarat,Devbhumi Dwarka at Khambhaliya,Civil,911,542,216,211,152,2,4,2038,1356,196,284,202,567,78,1121,243,109,114,495,277,739,,,0.362432565,0.180971064,0.943599804,0.05590976,17.72173913,0.079871085,0.252696191,0.276691986,0.943617035,0.000323614,0.478666079
Gujarat,Devbhumi Dwarka at Khambhaliya,Criminal,4030,1103,476,356,182,20,0,6167,4869,128,1170,0,2063,234,3517,277,1614,2155,82,808,1509,,,0.244649805,0.090466926,0.650453956,0.349383917,2.86038961,0.499119881,0.170575384,0.138317546,0.650465834,5.22E-05,0.680932899
Gujarat,Devbhumi Dwarka at Khambhaliya,Total,4941,1645,692,567,334,22,4,8205,6225,324,1454,202,2630,312,4638,520,1723,2269,577,1085,2248,,,0.273945893,0.112966122,0.723373142,0.276504996,3.614537445,0.395007138,0.19100128,0.172717229,0.723386351,6.60E-05,0.630664394
Gujarat,Chhota Udepur,Civil,1098,580,318,305,76,5,0,2382,1908,44,199,231,714,135,1176,302,112,214,405,377,564,,,0.236676458,0.161980697,0.909777591,0.08980277,11.07906977,0.128289671,0.165016186,0.247657054,0.909794205,0.000202313,0.523830182
Gujarat,Chhota Udepur,Criminal,4583,1594,633,537,83,12,0,7442,6868,45,529,0,3133,60,4043,178,3597,4756,115,284,1322,,,0.177616552,0.084911998,0.360875991,0.638989655,1.564431364,0.912842364,0.123838282,0.129824453,0.360882581,2.86E-05,0.840377758
Gujarat,Chhota Udepur,Total,5681,2174,951,842,159,17,0,9824,8776,89,728,231,3847,195,5219,480,3709,4970,520,661,1886,,,0.191959288,0.103613232,0.494045802,0.505852417,1.976262321,0.72264631,0.133838362,0.158417319,0.494054823,3.61E-05,0.763607889
Gujarat,Mahisagar at Lunawada,Civil,1282,336,169,152,65,6,0,2010,1529,27,198,256,756,80,882,244,113,240,337,219,419,,,0.208354053,0.110890104,0.880159125,0.11934361,8.340248963,0.170490872,0.145269163,0.169543144,0.880175197,0.0001523,0.563012017
Gujarat,Mahisagar at Lunawada,Criminal,3301,1263,569,473,45,7,0,5658,4782,55,821,0,2483,104,2690,232,1551,2216,189,518,1191,,,0.210461212,0.092772575,0.60823467,0.39158862,2.552097429,0.559412314,0.146738323,0.14184272,0.608245777,4.66E-05,0.707016245
Gujarat,Mahisagar at Lunawada,Total,4583,1599,738,625,110,13,0,7668,6311,82,1019,256,3239,184,3572,476,1664,2456,526,737,1610,,,0.209936106,0.097535533,0.679619246,0.320250359,3.120879121,0.457500512,0.146372207,0.149124946,0.679631657,5.70E-05,0.66924391
Gujarat,Botad,Civil,1562,419,182,165,79,2,0,2409,1157,165,155,932,1150,66,850,122,145,295,331,176,484,,,0.200829876,0.102074689,0.877178423,0.122406639,8.138513514,0.174866627,0.140023137,0.156064996,0.877194441,0.000148616,0.569159483
Gujarat,Botad,Criminal,3254,1353,656,433,121,8,0,5825,5217,71,537,0,2122,54,3399,220,1498,2853,55,262,1325,,,0.227428768,0.096464126,0.510127017,0.489701339,2.040995095,0.699573341,0.158568487,0.147486842,0.510136332,3.73E-05,0.75234309
Gujarat,Botad,Total,4816,1772,838,598,200,10,0,8234,6374,236,692,932,3272,120,4249,342,1643,3148,386,438,1809,,,0.219672131,0.09811779,0.617607772,0.382270795,2.614798349,0.546101136,0.153160384,0.150015177,0.61761905,4.77E-05,0.698729711
Madhya Pradesh,Jabalpur,Civil,20317,11050,4634,4870,891,69,8,41839,35047,1017,0,5776,0,4936,7624,29244,382,141,5187,10423,8690,,,0.207695985,0.139531549,0.996606119,0.003369981,294.6408451,0.004814258,0.144810344,0.213333891,0.996624317,0.005380389,0.493003242
Madhya Pradesh,Jabalpur,Criminal,28069,30619,22897,22420,1265,77,3,105350,94463,812,10075,0,0,1338,47376,56322,2424,2180,1129,6447,42418,,,0.402635001,0.225579254,0.979297776,0.020692732,48.30353049,0.029561046,0.28072624,0.344894761,0.979315659,0.000882063,0.436999777
Madhya Pradesh,Jabalpur,Total,48386,41669,27531,27290,2156,146,11,147189,129510,1829,10075,5776,0,6274,55000,85566,2806,2321,6316,16870,51108,,,0.347224676,0.201121,0.984224472,0.015768734,63.38888889,0.022526763,0.242092906,0.307499816,0.984242445,0.001157534,0.453009137
Madhya Pradesh,Narsinghpur,Civil,1776,523,220,178,37,5,0,2739,2030,226,0,483,0,510,700,1529,26,6,615,608,487,,,0.177737226,0.080291971,0.997445255,0.002189781,391.2857143,0.003128259,0.123922419,0.122760757,0.99746347,0.007145205,0.519953922
Madhya Pradesh,Narsinghpur,Criminal,8033,5240,2575,743,44,3,0,16638,14684,146,1808,0,0,131,8405,8101,943,710,224,916,3083,,,0.185287577,0.047478815,0.957269067,0.042670834,23.40084388,0.060958334,0.129186695,0.072591757,0.957286547,0.000427319,0.552262453
Madhya Pradesh,Narsinghpur,Total,9809,5763,2795,921,81,8,0,19377,16714,372,1808,483,0,641,9105,9630,969,716,839,1524,3570,,,0.184229539,0.052120962,0.962999278,0.036949118,27.0251046,0.052784454,0.128449006,0.079689273,0.963016863,0.000493501,0.547762564
Madhya Pradesh,Hoshangabad,Civil,2596,1263,398,288,60,0,0,4605,3324,454,0,827,0,863,877,2862,34,18,1103,1117,777,,,0.168693009,0.075553626,0.995874946,0.003907946,242.3684211,0.00558278,0.117616586,0.115516162,0.995893131,0.00442585,0.524347867
Madhya Pradesh,Hoshangabad,Criminal,8643,9284,5217,2242,85,2,0,25473,22587,358,2528,0,0,318,13434,11691,777,505,354,1605,8895,,,0.349179556,0.091426553,0.98013661,0.019824134,50.34189723,0.028320192,0.243455893,0.139784747,0.980154508,0.000919285,0.496763713
Madhya Pradesh,Hoshangabad,Total,11239,10547,5615,2530,145,2,0,30078,25911,812,2528,827,0,1181,14311,14553,811,523,1457,2722,9672,,,0.321553243,0.088998969,0.982579208,0.017387546,57.40076336,0.024839352,0.224194202,0.136073144,0.982597151,0.001048186,0.501015084
Madhya Pradesh,Harda,Civil,1187,476,211,243,82,7,2,2208,1625,119,0,464,102,309,428,1357,25,6,587,288,954,,,0.431869624,0.151199638,0.996831145,0.002716161,315.4285714,0.00388023,0.301109281,0.231173576,0.996849348,0.00575999,0.451219448
Madhya Pradesh,Harda,Criminal,4177,3615,1717,1169,27,0,0,10705,9651,55,999,0,705,91,6584,3272,331,243,131,415,5879,,,0.549131328,0.111713058,0.977209042,0.022697553,43.87295082,0.032425075,0.382866796,0.170801382,0.977226886,0.000801157,0.457426304
Madhya Pradesh,Harda,Total,5364,4091,1928,1412,109,7,2,12913,11276,174,999,464,807,400,7012,4629,356,249,718,703,6833,,,0.529115688,0.118476072,0.980641165,0.0192814,51.652,0.027544857,0.368911439,0.181141554,0.980659072,0.000943209,0.456402887
Madhya Pradesh,Umaria,Civil,929,604,217,305,60,4,0,2119,1532,187,0,400,0,220,432,1467,10,8,659,477,496,,,0.233962264,0.174056604,0.995754717,0.003773585,235.4444444,0.005390836,0.163123788,0.266120264,0.9957729,0.004299413,0.475846626
Madhya Pradesh,Umaria,Criminal,2981,3354,1308,1063,38,3,0,8747,7871,178,698,0,0,51,5312,3383,355,312,71,468,2800,,,0.32007316,0.126200274,0.964220393,0.035665295,27.9456869,0.050950421,0.223162255,0.192951314,0.964238001,0.000510312,0.496313254
Madhya Pradesh,Umaria,Total,3910,3958,1525,1368,98,7,0,10866,9403,365,698,400,0,271,5744,4850,365,320,730,945,3296,,,0.30330358,0.135547989,0.970461029,0.029446949,33.85046729,0.042067071,0.211470124,0.20724331,0.97047875,0.000618138,0.492350445
Madhya Pradesh,Dindori,Civil,950,578,158,90,3,0,0,1779,1349,205,0,225,0,314,361,1104,13,11,519,538,390,,,0.219101124,0.052247191,0.993258427,0.006179775,148.25,0.00882825,0.152762265,0.079882268,0.993276565,0.002707169,0.526323619
Madhya Pradesh,Dindori,Criminal,3265,3337,2199,1137,3,0,0,9941,9113,31,797,0,0,39,5596,4296,279,187,28,572,5019,,,0.504828002,0.114665057,0.981090324,0.018809093,52.87765957,0.026870132,0.351977515,0.175314781,0.981108239,0.00096559,0.461640451
Madhya Pradesh,Dindori,Total,4215,3915,2357,1227,6,0,0,11720,10462,236,797,225,0,353,5957,5400,292,198,547,1110,5409,,,0.461479396,0.105195802,0.983021926,0.016892757,58.89447236,0.024132509,0.321753885,0.160836958,0.983039877,0.001075462,0.471448646
Madhya Pradesh,Panna,Civil,1336,771,281,152,23,3,0,2566,1928,175,0,463,0,416,553,1597,12,3,659,583,867,,,0.337748344,0.069341644,0.998441761,0.001168679,641.5,0.001669542,0.235485794,0.10601848,0.998459993,0.011714327,0.496772373
Madhya Pradesh,Panna,Criminal,5374,5170,2363,382,24,0,0,13313,11933,170,1210,0,0,109,8930,4270,678,548,119,724,5817,,,0.436908517,0.030494217,0.95876521,0.041159682,24.24954463,0.058799545,0.304622512,0.046623505,0.958782717,0.000442817,0.516421688
Madhya Pradesh,Panna,Total,6710,5941,2644,534,47,3,0,15879,13861,345,1210,463,0,525,9483,5867,690,551,778,1307,6684,,,0.420906801,0.036775819,0.965239295,0.034697733,28.76630435,0.04956819,0.293465753,0.056227631,0.965256921,0.000525297,0.513387545
Madhya Pradesh,Alirajpur,Civil,863,232,35,32,1,0,0,1163,884,63,0,216,0,69,299,795,8,4,165,282,94,,,0.080756014,0.028350515,0.995704467,0.003436426,232.6,0.00490918,0.056304921,0.043345937,0.99572265,0.004247471,0.556875402
Madhya Pradesh,Alirajpur,Criminal,2538,2505,959,31,0,0,0,6033,5648,57,328,0,0,28,3882,2118,501,384,35,169,1954,,,0.323831621,0.005137554,0.936194896,0.063639377,15.67012987,0.090913396,0.225782739,0.007854957,0.936211991,0.00028615,0.55620384
Madhya Pradesh,Alirajpur,Total,3401,2737,994,63,1,0,0,7196,6532,120,328,216,0,97,4181,2913,509,388,200,451,2048,,,0.284563012,0.008892594,0.945949701,0.053911352,18.49871465,0.077016217,0.198403776,0.013596149,0.945966975,0.000337802,0.556332439
Madhya Pradesh,Jhabua,Civil,1874,755,324,216,2,0,0,3171,2246,202,0,723,0,377,740,2053,4,10,505,361,914,,,0.28814628,0.068726356,0.996532156,0.003152585,288.2727273,0.004503693,0.200902111,0.105077748,0.996550354,0.005264102,0.506784418
Madhya Pradesh,Jhabua,Criminal,6005,4891,2163,526,6,0,0,13591,12722,130,739,0,0,128,8621,4837,779,524,82,414,4596,,,0.338140082,0.039140671,0.961374338,0.038552089,25.88761905,0.055074414,0.235758922,0.059843324,0.961391893,0.00047273,0.528113634
Madhya Pradesh,Jhabua,Total,7879,5646,2487,742,8,0,0,16762,14968,332,739,723,0,505,9361,6890,783,534,587,775,5510,,,0.328700113,0.044741395,0.968084472,0.031855873,31.33084112,0.04550839,0.229177162,0.068406435,0.96810215,0.000572127,0.524135543
Madhya Pradesh,Khandwa,Civil,2005,840,338,222,10,0,0,3415,2304,293,0,818,0,544,920,1951,19,18,788,784,575,,,0.168325527,0.067915691,0.994437939,0.005269321,179.7368421,0.007527601,0.117360369,0.103838299,0.994456098,0.003282145,0.528142734
Madhya Pradesh,Khandwa,Criminal,7688,6316,3529,730,45,0,0,18308,15727,434,2147,0,0,204,10305,7797,655,502,300,1629,6439,,,0.351684964,0.042328909,0.972527172,0.02741821,36.39761431,0.039168871,0.24520272,0.064717915,0.972544932,0.000664651,0.519010225
Madhya Pradesh,Khandwa,Total,9693,7156,3867,952,55,0,0,21723,18031,727,2147,818,0,748,11225,9748,674,520,1088,2413,7014,,,0.322868717,0.046354263,0.976017308,0.02393666,41.69481766,0.034195228,0.22511138,0.070872396,0.976035131,0.000761382,0.520462205
Madhya Pradesh,Shahdol,Civil,3339,1696,660,596,100,11,2,6404,5177,421,0,806,91,797,1075,4426,40,10,1449,1626,2039,,,0.318345043,0.11069477,0.998282592,0.00156128,582.1818182,0.0022304,0.221957372,0.169244491,0.998300821,0.010631128,0.484391275
Madhya Pradesh,Shahdol,Criminal,6669,8981,4272,2799,149,27,0,22897,19645,323,2929,0,330,291,9323,12899,894,718,266,1927,10667,,,0.465848546,0.129924011,0.968599878,0.03135645,31.84561892,0.044794929,0.324800155,0.198644644,0.968617565,0.000581528,0.468598509
Madhya Pradesh,Shahdol,Total,10008,10677,4932,3395,249,38,2,29301,24822,744,2929,806,421,1088,10398,17325,934,728,1715,3553,12706,,,0.433622278,0.125725206,0.975121152,0.02484472,40.19341564,0.035492458,0.302331271,0.192224968,0.975138959,0.000733965,0.472227437
Madhya Pradesh,Sheopur,Civil,984,328,101,41,2,0,0,1456,1102,126,0,228,0,310,352,794,13,6,405,246,204,,,0.140013727,0.029512697,0.995195607,0.004118051,208,0.00588293,0.097620741,0.045122832,0.995213781,0.003798254,0.546984515
Madhya Pradesh,Sheopur,Criminal,5034,2356,835,77,3,0,0,8305,7489,155,661,0,0,76,4531,3697,414,312,79,479,2093,,,0.251986516,0.009631592,0.962316398,0.037563207,26.53354633,0.053661725,0.175690705,0.014726024,0.96233397,0.000484525,0.553159983
Madhya Pradesh,Sheopur,Total,6018,2684,936,118,5,0,0,9761,8591,281,661,228,0,386,4883,4491,427,318,484,725,2297,,,0.235300143,0.012599877,0.96732227,0.032575292,30.59874608,0.046536131,0.164056588,0.019264323,0.967339934,0.000558759,0.552251423
Madhya Pradesh,Datia,Civil,1428,934,270,117,38,1,0,2788,2254,212,0,322,0,380,326,2082,2,1,442,532,788,,,0.282538544,0.055934027,0.999282897,0.000358551,1394,0.000512216,0.196992271,0.085519179,0.999301145,0.025455608,0.509348463
Madhya Pradesh,Datia,Criminal,4803,6125,1968,1067,24,1,0,13988,12459,179,1350,0,0,113,6198,7676,79,40,118,743,6538,,,0.467367217,0.078061334,0.997069126,0.00285939,341.1707317,0.004084842,0.325859007,0.119350271,0.997087333,0.006230063,0.473300762
Madhya Pradesh,Datia,Total,6231,7059,2238,1184,62,2,0,16776,14713,391,1350,322,0,493,6524,9758,81,41,560,1275,7326,,,0.43666925,0.074387554,0.997496573,0.002443822,399.4285714,0.003491174,0.304455689,0.113733321,0.997514788,0.0072939,0.479470065
Madhya Pradesh,Rajgarh,Civil,2502,961,386,261,3,1,0,4114,2774,521,0,819,0,476,823,2814,32,9,856,904,1106,,,0.268772783,0.064398542,0.997569866,0.00218712,411.4,0.003124458,0.18739447,0.098460826,0.997588083,0.007512509,0.510932415
Madhya Pradesh,Rajgarh,Criminal,11271,11954,6690,3075,11,0,0,33001,29116,646,3239,0,0,172,16345,16463,630,479,209,2510,13341,,,0.404248227,0.093509484,0.985455427,0.014514272,68.75208333,0.020734674,0.281851018,0.142969403,0.985473422,0.001255471,0.484151246
Madhya Pradesh,Rajgarh,Total,13773,12915,7076,3336,14,1,0,37115,31890,1167,3239,819,0,648,17168,19277,662,488,1065,3414,14447,,,0.389239142,0.090284513,0.986825089,0.013147969,75.8997955,0.018782812,0.271386344,0.13803865,0.986843109,0.001385994,0.487163719
Madhya Pradesh,Morena,Civil,3714,1581,535,534,84,4,0,6452,5077,516,0,859,0,828,1098,4526,77,36,1168,1492,1732,,,0.268402294,0.096389276,0.994266233,0.005578801,174.3783784,0.007969715,0.187136157,0.147372401,0.994284389,0.003184295,0.500836457
Madhya Pradesh,Morena,Criminal,13571,15259,7885,7024,157,7,1,43904,38807,615,4482,0,0,291,20771,22835,2090,1090,310,2576,23194,,,0.528276962,0.163739893,0.975150894,0.02482633,40.24197984,0.035466185,0.36832666,0.250346741,0.975168701,0.000734852,0.442017613
Madhya Pradesh,Morena,Total,17285,16840,8420,7558,241,11,1,50356,43884,1131,4482,859,0,1119,21869,27361,2167,1126,1478,4068,24926,,,0.494985801,0.155112497,0.977619795,0.022360347,44.68145519,0.031943353,0.345115309,0.237156061,0.977637647,0.000815921,0.449569234
Madhya Pradesh,Mandleshwar,Civil,2504,1220,413,194,17,1,0,4349,2855,448,0,1046,0,561,1162,2623,20,36,884,958,1039,,,0.238850575,0.048735632,0.991494253,0.008275862,117.5405405,0.01182266,0.166532029,0.074513342,0.991512358,0.002146389,0.525440379
Madhya Pradesh,Mandleshwar,Criminal,8408,8310,3624,900,18,1,0,21261,18623,505,2133,0,0,260,12000,8983,1011,943,263,1392,8705,,,0.409415859,0.043222651,0.955601543,0.044351425,22.52224576,0.063359179,0.285454008,0.066084383,0.955618993,0.000411275,0.517699954
Madhya Pradesh,Mandleshwar,Total,10912,9530,4037,1094,35,2,0,25610,21478,953,2133,1046,0,821,13162,11606,1031,979,1147,2350,9744,,,0.38046152,0.044160712,0.961735192,0.038225762,26.13265306,0.054608232,0.265266387,0.067518613,0.961752754,0.000477204,0.519024595
Madhya Pradesh,Neemuch,Civil,2168,1412,648,626,20,0,0,4874,3524,409,0,794,0,556,1232,2937,66,26,1354,790,799,,,0.163897436,0.132512821,0.994461538,0.005333333,180.5185185,0.007619048,0.114273004,0.202602751,0.994479698,0.003296419,0.504152572
Madhya Pradesh,Neemuch,Criminal,5937,5951,3396,2482,28,0,0,17794,14461,350,1822,0,0,130,5612,10890,644,412,336,1131,4447,,,0.249901658,0.141050857,0.976791233,0.023152571,43.08474576,0.033075101,0.174237095,0.215656807,0.976809071,0.000786764,0.495866609
Madhya Pradesh,Neemuch,Total,8105,7363,4044,3108,48,0,0,22668,17985,759,1822,794,0,686,6844,13827,710,438,1690,1921,5246,,,0.231417354,0.139220963,0.980634346,0.01932154,51.63553531,0.027602201,0.161349419,0.212859027,0.980652254,0.000942908,0.497670303
Madhya Pradesh,Barwani,Civil,1646,572,228,142,25,1,0,2614,1827,167,0,620,0,263,707,1639,25,14,426,749,602,,,0.230210325,0.064244742,0.994263862,0.005353728,174.2666667,0.007648184,0.160507851,0.098225677,0.994282018,0.003182255,0.519393078
Madhya Pradesh,Barwani,Criminal,6502,5397,2439,265,21,2,0,14626,13071,175,1380,0,0,133,7418,7067,692,488,118,662,6077,,,0.415464552,0.019689615,0.966568674,0.033362959,29.91002045,0.04766137,0.289671293,0.030104032,0.966586325,0.000546182,0.520154264
Madhya Pradesh,Barwani,Total,8148,5969,2667,407,46,3,0,17240,14898,342,1380,620,0,396,8125,8706,717,502,544,1411,6679,,,0.387390523,0.026448582,0.970825358,0.029116641,34.27435388,0.041595201,0.270097444,0.040438015,0.970843086,0.000625878,0.520051902
Madhya Pradesh,Shajapur,Civil,3092,1823,734,801,108,4,0,6562,4709,552,0,1301,0,855,1132,3728,51,7,1493,1161,1587,,,0.241810148,0.13911321,0.998781045,0.001066585,820.25,0.001523693,0.168595511,0.212694282,0.998799284,0.014978452,0.485507355
Madhya Pradesh,Shajapur,Criminal,8625,10024,4438,2555,99,2,0,25743,22415,396,2932,0,0,127,10460,11765,466,324,330,2073,6995,,,0.271713797,0.103169671,0.987375699,0.012585457,79.20923077,0.017979224,0.189445012,0.157739146,0.987393729,0.001446427,0.501365388
Madhya Pradesh,Shajapur,Total,11717,11847,5172,3356,207,6,0,32305,27124,948,2932,1301,0,982,11592,15493,517,331,1823,3234,8582,,,0.265647248,0.110474834,0.989723271,0.010245775,97.30421687,0.014636821,0.185215277,0.168908226,0.989741344,0.001776857,0.498357216
Madhya Pradesh,Chhindwara,Civil,5205,3063,1011,637,40,2,0,9958,7611,787,0,1560,0,1633,2043,6282,83,49,2313,2876,3219,,,0.323225223,0.068179536,0.994979416,0.004920173,199.16,0.007028818,0.225359945,0.104241699,0.994997585,0.003636828,0.502191138
Madhya Pradesh,Chhindwara,Criminal,10218,9571,5506,1854,27,5,0,27181,22555,635,3991,0,0,466,14490,12207,1122,810,394,2995,12569,,,0.462401589,0.069384151,0.970164079,0.029799132,33.51541307,0.042570188,0.322396859,0.106083471,0.970181795,0.00061202,0.491557318
Madhya Pradesh,Chhindwara,Total,15423,12634,6517,2491,67,7,0,37139,30166,1422,3991,1560,0,2099,16533,18489,1205,859,2707,5871,15788,,,0.425094238,0.069063005,0.976844373,0.023128702,43.18488372,0.033041003,0.296385328,0.105592461,0.976862211,0.000788592,0.494458806
Madhya Pradesh,Sidhi,Civil,3412,2421,1179,1385,127,11,3,8538,6852,1011,0,675,0,1764,1542,5232,48,8,3176,1645,3975,,,0.465511184,0.178709451,0.998946012,0.000936878,948.6666667,0.001338397,0.324564938,0.273234139,0.998964254,0.017323448,0.433088408
Madhya Pradesh,Sidhi,Criminal,7084,7851,5344,3124,164,4,0,23571,20984,321,2266,0,0,103,9747,13718,569,404,201,929,11906,,,0.505090786,0.13965722,0.982818598,0.017138978,58.2,0.024484255,0.352160733,0.213526035,0.982836545,0.001062781,0.451162547
Madhya Pradesh,Sidhi,Total,10496,10272,6523,4509,291,15,3,32109,27836,1332,2266,675,0,1867,11289,18950,617,412,3377,2574,15881,,,0.494581127,0.150046714,0.987137963,0.012830894,77.74576271,0.018329848,0.344833161,0.229410838,0.987155989,0.001419703,0.446710499
Madhya Pradesh,Anuppur,Civil,1494,1038,459,315,12,1,0,3319,2693,266,0,360,17,482,946,1873,34,8,943,901,722,,,0.21746988,0.098795181,0.997289157,0.002409639,368.7777778,0.003442341,0.151624924,0.151050859,0.997307368,0.006734191,0.506437722
Madhya Pradesh,Anuppur,Criminal,3804,4379,1949,1276,41,0,0,11449,9231,297,1921,0,156,292,5183,5684,354,266,119,1392,3847,,,0.335982533,0.115021834,0.976681223,0.023231441,42.88014981,0.033187773,0.23425463,0.175860267,0.976699058,0.000783027,0.491654215
Madhya Pradesh,Anuppur,Total,5298,5417,2408,1591,53,1,0,14768,11924,563,1921,360,173,774,6129,7557,388,274,1062,2293,4569,,,0.309364209,0.111381949,0.981379917,0.018552373,53.70181818,0.02650339,0.215695732,0.170295139,0.981397838,0.00098064,0.495061414
Madhya Pradesh,Shivpuri,Civil,2421,842,283,139,24,2,0,3711,2611,417,0,683,0,465,957,2286,44,11,764,762,575,,,0.154903017,0.044450431,0.996767241,0.002963362,309.25,0.004233374,0.108001891,0.067961572,0.996785443,0.005647164,0.537958011
Madhya Pradesh,Shivpuri,Criminal,12360,12231,3759,495,29,1,0,28875,25902,605,2368,0,0,187,15908,12744,849,573,324,1243,8979,,,0.31095027,0.018181189,0.980121901,0.019843469,50.30487805,0.028347812,0.216801569,0.027797754,0.980139798,0.000918609,0.531134955
Madhya Pradesh,Shivpuri,Total,14781,13073,4042,634,53,3,0,32586,28513,1022,2368,683,0,652,16865,15030,893,584,1088,2005,9554,,,0.293184399,0.021174088,0.982048056,0.017921257,55.7025641,0.025601796,0.204414802,0.032373686,0.982065989,0.001017175,0.531944364
Madhya Pradesh,Raisen,Civil,1369,566,162,128,57,3,1,2286,1704,216,0,366,0,293,465,1528,24,20,494,384,356,,,0.15566244,0.082641014,0.990817665,0.008745081,108.8571429,0.012492973,0.108531378,0.126352279,0.990835758,0.001987823,0.526503932
Madhya Pradesh,Raisen,Criminal,7614,6932,3535,594,31,2,0,18708,16256,487,1965,0,0,140,9935,8621,423,246,135,914,4501,,,0.2405794,0.033513282,0.986797798,0.013148752,75.74089069,0.018783931,0.167737406,0.051239444,0.986815818,0.001383092,0.53347471
Madhya Pradesh,Raisen,Total,8983,7498,3697,722,88,5,1,20994,17960,703,1965,366,0,433,10400,10149,447,266,629,1298,4857,,,0.231340795,0.038866397,0.987282686,0.012669683,78.62921348,0.018099548,0.161296041,0.059423978,0.987300715,0.001435835,0.532703766
Madhya Pradesh,Sehore,Civil,2561,1022,237,97,11,1,1,3930,2932,372,0,629,109,738,877,2204,64,15,887,869,513,,,0.130501145,0.027982702,0.995929789,0.003815823,245.625,0.005451176,0.090988353,0.042783576,0.995947975,0.004485318,0.54883005
Madhya Pradesh,Sehore,Criminal,9100,8296,3109,464,4,1,0,20974,18769,446,1759,0,233,350,9568,10782,682,502,309,1355,5899,,,0.281239571,0.022359952,0.97601907,0.023933254,41.69781312,0.034190363,0.196086597,0.034186789,0.976036893,0.000761437,0.536527571
Madhya Pradesh,Sehore,Total,11661,9318,3346,561,15,2,1,24904,21701,818,1759,629,342,1088,10445,12986,746,517,1196,2224,6412,,,0.257458342,0.023248344,0.979200964,0.020758884,48.07722008,0.029655548,0.179505786,0.035545077,0.979218845,0.00087793,0.538502104
Madhya Pradesh,Balaghat,Civil,3011,1576,577,329,33,1,0,5527,4133,717,0,677,0,884,1379,3264,55,69,1205,1669,550,,,0.099493488,0.065665702,0.987337192,0.01248191,78.95714286,0.0178313,0.069369113,0.100398224,0.987355222,0.001441824,0.544166075
Madhya Pradesh,Balaghat,Criminal,6869,6696,3813,1071,53,8,0,18510,15229,696,2585,0,0,339,10629,7533,799,637,239,1741,3652,,,0.197288099,0.061152828,0.965534007,0.034411971,29.01253918,0.049159959,0.13755373,0.093498359,0.965551638,0.000529793,0.540862326
Madhya Pradesh,Balaghat,Total,9880,8272,4390,1400,86,9,0,24037,19362,1413,2585,677,0,1223,12008,10797,854,706,1444,3410,4202,,,0.174806556,0.062193194,0.970588235,0.029370164,33.99858557,0.041957377,0.121879089,0.095089005,0.970605959,0.000620843,0.541622122
Madhya Pradesh,Damoh,Civil,2075,964,271,96,16,1,0,3423,2514,423,0,486,0,450,751,2219,36,19,705,767,693,,,0.20239486,0.033002336,0.994158879,0.005549065,171.15,0.007927236,0.141114279,0.050458243,0.994177033,0.003125342,0.536035869
Madhya Pradesh,Damoh,Criminal,7194,7739,3188,507,11,0,0,18639,16704,391,1544,0,0,49,8439,10145,894,698,119,843,8016,,,0.430042918,0.0277897,0.9625,0.037446352,26.66523605,0.053494788,0.299835661,0.04248849,0.962517576,0.00048693,0.516707821
Madhya Pradesh,Damoh,Total,9269,8703,3459,603,27,1,0,22062,19218,814,1544,486,0,499,9190,12364,930,717,824,1610,8709,,,0.394733264,0.028599918,0.967456828,0.032497847,30.7270195,0.046425496,0.27521697,0.043727257,0.967474495,0.000561101,0.51972529
Madhya Pradesh,Vidisha,Civil,2967,1265,373,186,38,0,1,4830,3710,529,0,591,0,620,1258,2951,49,7,945,1119,1167,,,0.241564893,0.046574208,0.998344028,0.001448975,603.75,0.002069965,0.168424514,0.071208678,0.998362259,0.011024981,0.521549231
Madhya Pradesh,Vidisha,Criminal,9823,9823,5186,2203,25,1,1,27062,24607,500,1955,0,0,325,15756,10980,1117,916,327,1442,14545,,,0.537449655,0.082400325,0.966116099,0.03384695,29.51145038,0.048352785,0.374722069,0.125984282,0.966133742,0.000538904,0.476222005
Madhya Pradesh,Vidisha,Total,12790,11088,5559,2389,63,1,2,31892,28317,1029,1955,591,0,945,17014,13931,1166,923,1272,2561,15712,,,0.492647289,0.076976139,0.971028125,0.02894052,34.51515152,0.0413436,0.343484846,0.117691084,0.971045857,0.000630276,0.48321558
Madhya Pradesh,Bhind,Civil,3829,2403,886,729,130,12,1,7990,6724,701,0,565,0,1669,1191,5128,73,13,2473,1749,3068,,,0.383931923,0.109122763,0.998248029,0.00162683,570.7142857,0.002324043,0.267686031,0.166841004,0.998266258,0.010421721,0.474199783
Madhya Pradesh,Bhind,Criminal,8220,10322,6322,2458,113,6,0,27441,23512,654,3275,0,0,387,12046,15001,1353,752,311,2330,14466,,,0.527148167,0.09390715,0.972560309,0.02740325,36.44223108,0.039147501,0.367539639,0.143577405,0.972578069,0.000665466,0.470252927
Madhya Pradesh,Bhind,Total,12049,12725,7208,3187,243,18,1,35431,30236,1355,3275,565,0,2056,13237,20129,1426,765,2784,4079,17534,,,0.4948634,0.097341386,0.978381124,0.021590653,46.25456919,0.030843789,0.345029968,0.14882811,0.97839899,0.000844647,0.471319809
Madhya Pradesh,Guna,Civil,2477,1118,402,205,44,1,1,4248,3070,607,0,571,0,867,1012,2369,65,30,1060,852,1019,,,0.239821134,0.059072723,0.992704166,0.007060485,137.0322581,0.010086407,0.167208725,0.090318025,0.992722293,0.002502324,0.520676753
Madhya Pradesh,Guna,Criminal,9695,10958,5559,610,31,0,0,26853,23810,903,2140,0,0,438,14296,12111,858,767,342,1643,13015,,,0.484657779,0.023869815,0.971400909,0.028561853,34.96484375,0.040802647,0.337914378,0.036495262,0.971418647,0.000638487,0.50467898
Madhya Pradesh,Guna,Total,12172,12076,5961,815,75,1,1,31101,26880,1510,2140,571,0,1305,15308,14480,923,797,1402,2495,14034,,,0.451225002,0.028679828,0.974342486,0.025625362,38.97368421,0.03660766,0.314604289,0.043849433,0.974360278,0.000711692,0.50687164
Madhya Pradesh,Singrauli,Civil,2770,1931,1045,1422,143,6,1,7318,5841,725,0,752,0,873,963,5480,31,14,2209,1319,3243,,,0.443093319,0.21478344,0.99795054,0.00191283,487.8666667,0.002732614,0.308934695,0.328388723,0.997968763,0.008908854,0.424253012
Madhya Pradesh,Singrauli,Criminal,7502,9776,7415,7918,206,6,4,32827,29643,248,2936,0,0,114,10033,22639,970,725,188,1500,18748,,,0.571097843,0.247776289,0.977884733,0.022084806,45.21625344,0.031549722,0.398182348,0.37883246,0.97790259,0.000825687,0.40137356
Madhya Pradesh,Singrauli,Total,10272,11707,8460,9340,349,12,5,40145,35484,973,2936,752,0,987,10996,28119,1001,739,2397,2819,21991,,,0.547775619,0.241767548,0.981567279,0.018407811,54.25,0.026296874,0.381921565,0.36964552,0.981585204,0.00099065,0.405655223
Madhya Pradesh,Satna,Civil,7430,5053,2698,2565,343,32,1,18122,13589,1718,0,2815,22,2769,3459,11861,76,40,4578,3606,6539,,,0.360812228,0.162279976,0.997737681,0.00220714,442,0.003153057,0.251566455,0.248114631,0.997755901,0.00807129,0.458161208
Madhya Pradesh,Satna,Criminal,13808,13094,10653,5009,373,6,0,42943,38163,1037,3743,0,122,585,17374,24682,1464,1205,672,2379,19080,,,0.444299553,0.125465723,0.971916915,0.028059799,35.60779436,0.040085427,0.309775709,0.191828236,0.971934663,0.000650228,0.472191097
Madhya Pradesh,Satna,Total,21238,18147,13351,7574,716,38,1,61065,51752,2755,3743,2815,144,3354,20833,36543,1540,1245,5250,5985,25619,,,0.419529689,0.13639341,0.979595847,0.020387777,49.00882825,0.029125396,0.292505599,0.208535899,0.979613735,0.000894942,0.468202217
Madhya Pradesh,Seoni,Civil,3390,1816,734,560,73,1,0,6574,5098,594,0,741,0,1075,1286,4131,60,21,1463,1626,2084,,,0.316958175,0.096425856,0.996653992,0.003193916,298.8181818,0.004562738,0.220990417,0.147428328,0.996672192,0.00545667,0.49138391
Madhya Pradesh,Seoni,Criminal,6151,6644,2946,2477,50,0,0,18268,14800,331,1574,0,0,228,9411,7197,853,727,167,1193,5951,,,0.325743062,0.138321747,0.960151076,0.039794187,25.09340659,0.056848838,0.227115439,0.21148419,0.960168609,0.000458227,0.492811584
Madhya Pradesh,Seoni,Total,9541,8460,3680,3037,123,1,0,24842,19898,925,1574,741,0,1303,10697,11328,913,748,1630,2819,8035,,,0.323431148,0.127239061,0.969850662,0.030109085,33.16688919,0.043012979,0.22550352,0.194539546,0.969868372,0.000605655,0.492529506
Madhya Pradesh,Katni,Civil,3485,2101,694,778,94,3,1,7156,5661,358,0,1137,36,1049,1599,4465,82,82,1472,1658,2714,,,0.379209166,0.122397653,0.988402962,0.011457315,86.21686747,0.016367592,0.264393217,0.187137373,0.988421011,0.001574392,0.475679657
Madhya Pradesh,Katni,Criminal,8547,9814,6626,4994,50,2,0,30033,27871,104,2058,0,178,270,16638,12935,1059,919,285,1346,17987,,,0.598887927,0.168009589,0.96936805,0.030598655,32.64456522,0.043712364,0.417558224,0.256874806,0.969385751,0.000596117,0.431643676
Madhya Pradesh,Katni,Total,12032,11915,7320,5772,144,5,1,37189,33532,462,2058,1137,214,1319,18237,17400,1141,1001,1757,3004,20701,,,0.556628126,0.159236354,0.973057273,0.026915838,37.11477046,0.038451197,0.388093734,0.243461148,0.973075042,0.000677747,0.440117987
Madhya Pradesh,Mandsaur,Civil,3940,2299,1028,821,71,0,0,8159,6382,709,0,1068,0,1575,1830,4747,142,57,2178,1894,1862,,,0.228186275,0.109313725,0.992892157,0.006985294,140.6724138,0.009978992,0.159096638,0.167132972,0.992910288,0.002568796,0.503293628
Madhya Pradesh,Mandsaur,Criminal,11159,11213,4814,3160,96,3,0,30445,26847,350,3248,0,0,332,13272,16833,1314,963,529,2486,10349,,,0.339913289,0.107041976,0.968337384,0.031629771,31.58195021,0.045185387,0.236995242,0.163659627,0.968355067,0.000576713,0.498307796
Madhya Pradesh,Mandsaur,Total,15099,13512,5842,3981,167,3,0,38604,33229,1059,3248,1068,0,1907,15102,21580,1456,1020,2707,4380,12211,,,0.316306178,0.107524932,0.973552649,0.026421448,37.80999021,0.037744926,0.22053583,0.164398033,0.973570427,0.000690442,0.499382077
Madhya Pradesh,Tikamgarh,Civil,3068,1143,379,217,6,0,0,4813,3589,492,0,732,0,423,1080,3309,17,4,1044,1181,981,,,0.20378064,0.046323224,0.998961363,0.00083091,962.6,0.001187014,0.142080476,0.07082494,0.998979605,0.017577882,0.526974134
Madhya Pradesh,Tikamgarh,Criminal,9877,8903,5216,1430,10,0,0,25436,21962,584,2890,0,0,110,15974,9348,1138,808,228,2329,11031,,,0.43365963,0.056610449,0.968195935,0.031764752,31.44128554,0.045378217,0.302357314,0.086553382,0.968213615,0.000574144,0.50219473
Madhya Pradesh,Tikamgarh,Total,12945,10046,5595,1647,16,0,0,30249,25551,1076,2890,732,0,533,17054,12657,1155,812,1272,3510,12012,,,0.397090909,0.054975207,0.973123967,0.026842975,37.20664207,0.038347107,0.276860773,0.084053211,0.973141737,0.000679424,0.506367701
Madhya Pradesh,Betul,Civil,3533,1996,530,302,20,1,0,6382,4514,656,0,1212,240,992,1447,3672,45,22,1385,1731,1216,,,0.190506032,0.050603165,0.996396679,0.003446655,277.4782609,0.004923793,0.132825119,0.077368668,0.996414874,0.005066986,0.529990783
Madhya Pradesh,Betul,Criminal,8092,6184,3412,778,13,0,0,18479,15763,503,2213,0,182,434,10187,7672,878,690,246,1491,5945,,,0.321699134,0.04280303,0.962608225,0.037337662,26.74240232,0.053339518,0.224295921,0.065442813,0.962625803,0.000488339,0.52880935
Madhya Pradesh,Betul,Total,11625,8180,3942,1080,33,1,0,24861,20277,1159,2213,1212,422,1426,11634,11344,923,712,1631,3222,7161,,,0.288029925,0.044807336,0.971321696,0.028638082,34.86816269,0.040911546,0.200820986,0.068507256,0.971339433,0.000636722,0.529196238
Madhya Pradesh,Dhar,Civil,5062,2889,1041,803,9,0,0,9804,6036,451,0,3317,22,1243,2155,6384,67,17,1732,1875,1981,,,0.202039776,0.08281489,0.998164202,0.001733809,544.6666667,0.00247687,0.140866707,0.126618123,0.998182429,0.00994607,0.514424801
Madhya Pradesh,Dhar,Criminal,12242,13987,7122,2425,34,1,0,35811,32907,496,2408,0,62,235,21566,13758,1051,756,296,1272,8841,,,0.246872557,0.068692059,0.978861834,0.021110242,47.30647292,0.030157489,0.172125137,0.10502531,0.978879709,0.000863856,0.523027696
Madhya Pradesh,Dhar,Total,17304,16876,8163,3228,43,1,0,45615,38943,947,2408,3317,84,1478,23721,20142,1118,773,2028,3147,10822,,,0.237241319,0.071729218,0.983032269,0.016945808,58.93410853,0.024208298,0.16541002,0.109668912,0.98305022,0.001076186,0.521332627
Madhya Pradesh,Chhatarpur,Civil,3671,1787,573,505,38,6,0,6580,4725,698,0,1157,156,852,1460,4107,40,21,1376,1641,1660,,,0.252241301,0.083421972,0.996657043,0.003191004,299.0909091,0.004558578,0.175868347,0.127546309,0.996675243,0.005461651,0.507056051
Madhya Pradesh,Chhatarpur,Criminal,10387,10421,6502,2505,61,3,0,29879,25697,869,3313,0,129,586,17754,11190,1065,794,279,2268,12738,,,0.426305221,0.085977242,0.973393574,0.026572959,37.5836478,0.037961369,0.297229653,0.131453136,0.973411349,0.000686309,0.489532587
Madhya Pradesh,Chhatarpur,Total,14058,12208,7075,3010,99,9,0,36459,30422,1567,3313,1157,285,1438,19214,15297,1105,815,1655,3909,14398,,,0.394898519,0.085518376,0.977619309,0.022353264,44.68014706,0.031933234,0.275332189,0.130751562,0.977637161,0.000815897,0.492754411
Madhya Pradesh,Dewas,Civil,3371,1100,372,307,10,1,1,5162,3895,308,0,959,0,666,1212,3279,65,32,1051,1022,823,,,0.159403448,0.061785783,0.993608367,0.006197947,156.4242424,0.00885421,0.111139693,0.094466103,0.993626511,0.002856438,0.532450278
Madhya Pradesh,Dewas,Criminal,11665,12072,7394,3339,29,4,2,34505,31536,230,2739,0,0,279,19821,14346,1147,1023,431,1860,13754,,,0.398597345,0.097780096,0.970324002,0.029647018,33.69628906,0.042352883,0.277911095,0.149498867,0.970341721,0.000615322,0.491150284
Madhya Pradesh,Dewas,Total,15036,13172,7766,3646,39,5,3,39667,35431,538,2739,959,0,945,21033,17625,1212,1055,1482,2882,14577,,,0.367475043,0.093097711,0.973379046,0.026595745,37.56344697,0.037993921,0.256211921,0.14233983,0.973396821,0.00068594,0.496538201
Madhya Pradesh,Mandla,Civil,2446,952,289,168,18,1,0,3874,2881,283,0,710,83,441,1114,2234,12,16,709,1127,741,,,0.191225806,0.048258065,0.995612903,0.004129032,227.8823529,0.005898618,0.133326962,0.073783175,0.995631084,0.004161323,0.531220367
Madhya Pradesh,Mandla,Criminal,4061,3246,1592,452,32,1,0,9384,7781,174,1429,0,197,149,4966,4050,529,399,99,642,3102,,,0.330527437,0.05167821,0.957378796,0.042514651,23.46,0.060735216,0.230451214,0.079012336,0.957396278,0.000428399,0.526583683
Madhya Pradesh,Mandla,Total,6507,4198,1881,620,50,2,0,13258,10662,457,1429,710,280,590,6080,6284,541,415,808,1769,3843,,,0.289840863,0.050682555,0.968625085,0.031299495,31.87019231,0.044713564,0.202083613,0.07749005,0.968642773,0.000581976,0.528004269
Madhya Pradesh,Ratlam,Civil,3759,1897,805,686,103,2,4,7256,5543,587,0,1126,0,1665,2106,3480,89,33,1820,1658,1576,,,0.217169629,0.109549401,0.995314868,0.004547334,213.4117647,0.006496191,0.151415583,0.167493303,0.995333044,0.003897078,0.503673967
Madhya Pradesh,Ratlam,Criminal,13498,12635,7302,3424,64,1,0,36924,33433,684,2807,0,0,753,22818,13346,1141,871,597,2328,14356,,,0.388788084,0.094488829,0.976384563,0.023588355,42.3440367,0.03369765,0.271071856,0.144466751,0.976402393,0.000773238,0.490957093
Madhya Pradesh,Ratlam,Total,17257,14532,8107,4110,167,3,4,44180,38976,1271,2807,1126,0,2418,24924,16826,1230,904,2417,3986,15932,,,0.360607501,0.096964759,0.979516082,0.020461284,48.81767956,0.029230406,0.251423715,0.148252273,0.979533968,0.000891452,0.493075227
Madhya Pradesh,Sagar,Civil,5938,2719,1155,1109,214,18,0,11153,8385,708,0,2061,0,1430,1737,7960,115,94,2558,1944,3686,,,0.330464407,0.120225928,0.991482876,0.00842747,117.4,0.012039243,0.230407268,0.18381696,0.991500981,0.002143822,0.482973103
Madhya Pradesh,Sagar,Criminal,18733,19415,10665,7443,177,10,0,56443,51007,738,4698,0,0,506,23631,32109,1858,1426,658,2344,29958,,,0.530756148,0.13517823,0.974718305,0.025263978,39.55360897,0.036091398,0.370055205,0.206677974,0.974736104,0.000722282,0.452764822
Madhya Pradesh,Sagar,Total,24671,22134,11820,8552,391,28,0,67596,59392,1446,4698,2061,0,1936,25368,40069,1973,1520,3216,4288,33644,,,0.497714396,0.13271299,0.977499001,0.022486205,44.4418146,0.03212315,0.347017747,0.202908797,0.977516851,0.000811545,0.457757613
Madhya Pradesh,Gwalior,Civil,10439,6723,2186,2255,385,29,11,22028,17405,741,0,3882,0,3731,3716,14579,101,45,3538,5812,5572,,,0.252939307,0.121657815,0.997911843,0.002042762,478.8695652,0.002918231,0.176355013,0.186006213,0.997930066,0.008744559,0.491394744
Madhya Pradesh,Gwalior,Criminal,24678,24910,12105,9636,211,3,0,71543,62660,410,8473,0,0,1764,29900,39838,2236,2050,1007,6343,32529,,,0.454671251,0.137677513,0.971332327,0.028653696,34.88200878,0.040933851,0.317007092,0.210499202,0.971350064,0.000636975,0.466100386
Madhya Pradesh,Gwalior,Total,35117,31633,14291,11891,596,32,11,93571,80065,1151,8473,3882,0,5495,33616,54417,2337,2095,4545,12155,38101,,,0.407183773,0.133907579,0.977600137,0.022389176,44.64265267,0.031984537,0.283897747,0.204735239,0.977617989,0.000815212,0.472211022
Madhya Pradesh,Ujjain,Civil,6099,3213,1372,1450,163,3,0,12300,8933,813,0,2554,0,1991,2092,8206,154,78,2462,2847,4564,,,0.371026746,0.131371433,0.993577758,0.006340948,155.6962025,0.009058497,0.258688249,0.200857651,0.993595901,0.002843143,0.470882407
Madhya Pradesh,Ujjain,Criminal,18829,17232,12983,10695,274,5,0,60018,54533,539,4946,0,0,476,24424,35095,1475,1005,910,3846,36888,,,0.614605375,0.1828421,0.983238641,0.016744698,59.66003976,0.023920996,0.428516784,0.279552668,0.983256596,0.001089442,0.416321976
Madhya Pradesh,Ujjain,Total,24928,20445,14355,12145,437,8,0,72318,63466,1352,4946,2554,0,2467,26516,43301,1629,1083,3372,6693,41452,,,0.573182704,0.174089797,0.985010855,0.014975318,66.71402214,0.021393311,0.399635961,0.266171014,0.985028842,0.001218254,0.425612622
Madhya Pradesh,Rewa,Civil,8540,7497,3742,5737,1154,57,3,26730,21663,2020,0,3047,0,4207,3557,18966,111,36,8309,5374,12917,,,0.483221728,0.260035165,0.998615839,0.001346751,722.4324324,0.00192393,0.33691313,0.397575417,0.998634075,0.013192221,0.399592648
Madhya Pradesh,Rewa,Criminal,14955,17776,14267,12761,827,8,1,60595,55574,643,4378,0,0,583,20485,39489,1414,1064,769,2797,35101,,,0.579262658,0.224387748,0.982424582,0.017558915,56.89671362,0.025084164,0.403875042,0.343073033,0.982442522,0.001038982,0.406671185
Madhya Pradesh,Rewa,Total,23495,25273,18009,18498,1981,65,4,87325,77237,2663,4378,3047,0,4790,24042,58455,1525,1100,9078,8171,48018,,,0.5498706,0.235302201,0.987392071,0.012596478,79.31425976,0.017994968,0.383382233,0.35976046,0.987410102,0.001448345,0.404804763
Madhya Pradesh,Indore,Civil,18189,12559,6663,9866,1202,21,1,48501,34306,1447,0,12749,0,5726,5220,33542,120,75,6809,9132,19126,,,0.394334254,0.228650365,0.998433054,0.001546328,638.1710526,0.00220904,0.274938771,0.349590272,0.998451287,0.011653538,0.426537716
Madhya Pradesh,Indore,Criminal,38465,45821,39062,56609,3289,33,0,183279,168644,1144,13495,0,0,2388,43568,134029,3057,1709,3014,9169,95688,,,0.522086425,0.326991488,0.990670013,0.009324531,107.1807018,0.013320758,0.364010478,0.49994691,0.990688104,0.001957209,0.372589279
Madhya Pradesh,Indore,Total,56654,58380,45725,66475,4491,54,1,231780,202950,2591,13495,12749,0,8114,48788,167571,3177,1784,9823,18301,114814,,,0.49535553,0.306414244,0.992298765,0.007696921,129.8487395,0.010995601,0.345373092,0.468485757,0.992316885,0.002371147,0.384025294
Madhya Pradesh,Ashoknagr,Civil,1442,601,178,100,11,0,0,2332,1718,272,0,342,0,278,515,1538,28,8,644,442,538,,,0.230604372,0.047578225,0.996142306,0.003429061,259.1111111,0.004898659,0.16078259,0.072743749,0.996160496,0.004731586,0.524605078
Madhya Pradesh,Ashoknagr,Criminal,6221,5614,2357,688,8,0,0,14888,13459,288,1141,0,0,142,7117,7620,498,492,101,651,5664,,,0.380415072,0.04674592,0.966888307,0.03304453,30.19878296,0.047206471,0.265234002,0.071471213,0.966905963,0.000551455,0.515425468
Madhya Pradesh,Ashoknagr,Total,7663,6215,2535,788,19,0,0,17220,15177,560,1141,342,0,420,7632,9158,526,500,745,1093,6202,,,0.360141687,0.04686139,0.970907613,0.029034319,34.37125749,0.041477598,0.251098939,0.071647759,0.970925342,0.000627648,0.516697518
Madhya Pradesh,Burhanpur,Civil,1398,443,228,190,11,2,0,2272,1190,256,0,826,0,236,403,1633,15,25,520,422,563,,,0.247690277,0.089309283,0.988561373,0.01099868,87.38461538,0.0157124,0.17269527,0.136547591,0.988579425,0.001595716,0.509916981
Madhya Pradesh,Burhanpur,Criminal,4483,3008,997,82,22,0,0,8592,7184,245,1163,0,0,216,4533,3843,760,620,286,921,2025,,,0.23565693,0.012102874,0.927731875,0.072151751,13.83574879,0.103073931,0.164305348,0.018504441,0.927748816,0.000252652,0.572399238
Madhya Pradesh,Burhanpur,Total,5881,3451,1225,272,33,2,0,10864,8374,501,1163,826,0,452,4936,5476,775,645,806,1343,2588,,,0.238196042,0.028255867,0.940543028,0.059364933,16.81733746,0.084807048,0.166075674,0.043201227,0.940560203,0.000307099,0.559327366
Madhya Pradesh,Bhopal,Civil,12539,7175,2752,2629,356,20,0,25471,20614,611,0,4246,0,3913,3619,17936,135,43,3233,6569,5034,,,0.197628769,0.117972676,0.998272613,0.001688128,578.8863636,0.002411612,0.137791253,0.180371896,0.998290842,0.01057095,0.501597688
Madhya Pradesh,Bhopal,Criminal,31202,33606,23718,21832,514,18,0,110890,99870,1068,9952,0,0,1988,51596,57195,2944,1967,1092,7520,50326,,,0.453833043,0.201675519,0.982252843,0.017738139,56.34654472,0.025340199,0.316422674,0.308347637,0.98227078,0.001028935,0.436185606
Madhya Pradesh,Bhopal,Total,43741,40781,26470,24461,870,38,0,136361,120484,1679,9952,4246,0,5901,55215,75131,3079,2010,4325,14089,55360,,,0.405978205,0.186041566,0.98525249,0.014740177,67.80755843,0.021057396,0.283057197,0.284444425,0.985270481,0.001238223,0.448546563
Madhya Pradesh,Agar Malwa,Civil,1006,716,321,250,32,0,0,2325,1721,226,0,378,0,277,333,894,15,3,477,438,654,,,0.28116939,0.121238177,0.99828031,0.001289768,581.25,0.001842525,0.196037665,0.185364617,0.998298539,0.010614112,0.486423561
Madhya Pradesh,Agar Malwa,Criminal,3462,4012,1904,1032,48,1,0,10459,9045,224,1190,0,0,48,2879,3865,315,243,83,970,3223,,,0.308126195,0.10334608,0.97667304,0.023231358,42.8647541,0.033187654,0.21483256,0.158008864,0.976690875,0.000782746,0.500730065
Madhya Pradesh,Agar Malwa,Total,4468,4728,2225,1282,80,1,0,12784,10766,450,1190,378,0,325,3212,4759,330,246,560,1408,3877,,,0.303245991,0.106609308,0.980680485,0.019241298,51.75708502,0.027487569,0.211429972,0.162998108,0.980698393,0.000945128,0.498253397
Karnataka,Belagavi,Civil,33333,18479,9953,10613,1889,103,15,74385,49686,4097,741,19861,18681,11755,34259,1554,3196,1522,16830,9391,25314,,,0.340305972,0.16965558,0.979525717,0.020460839,48.84110309,0.029229771,0.237269029,0.25939141,0.979543604,0.000891879,0.468595568
Karnataka,Belagavi,Criminal,33942,17049,9521,8862,1219,10,0,70603,57298,1053,11161,0,18830,7523,23191,3669,6459,3228,2921,3043,21809,,,0.308891847,0.142923914,0.954266047,0.045719789,21.86528337,0.065313985,0.215366391,0.218520578,0.954283473,0.000399278,0.496822959
Karnataka,Belagavi,Total,67275,35528,19474,19475,3108,113,15,144988,106984,5150,11902,19861,37511,19278,57450,5223,9655,4750,19751,12434,47123,,,0.325010863,0.156639469,0.967231997,0.032761106,30.51736477,0.04680158,0.226604933,0.239490695,0.967249659,0.000557273,0.482347628
Karnataka,Bagalkot,Civil,13397,11208,6368,4564,494,15,1,36047,26329,1431,131,8156,12543,3380,17164,621,984,505,7609,5805,10394,,,0.288337772,0.140756769,0.98596316,0.014009099,71.23913043,0.020012999,0.201035624,0.215207166,0.985981165,0.001300886,0.484956338
Karnataka,Bagalkot,Criminal,12824,6795,2831,2715,274,0,0,25439,21113,399,3970,0,13417,1570,8276,1445,3172,905,923,1606,5833,,,0.229284591,0.117492138,0.964386792,0.035573899,28.07836645,0.050819856,0.159862409,0.179637188,0.964404403,0.000512734,0.514588046
Karnataka,Bagalkot,Total,26221,18003,9199,7279,768,15,1,61486,47442,1830,4101,8156,25960,4950,25440,2066,4156,1410,8532,7411,16227,,,0.263909444,0.13113341,0.97705206,0.022931677,43.5761871,0.032759538,0.18400364,0.20049373,0.977069902,0.000795738,0.497227661
Karnataka,Vijayapura,Civil,20369,14680,4943,4059,696,10,2,44759,31572,2084,656,10447,11478,5926,20001,1698,1803,1051,9790,5786,12598,,,0.281456658,0.10650134,0.976496872,0.023480786,42.54657795,0.033543981,0.196237955,0.162833034,0.976514704,0.000776936,0.504039489
Karnataka,Vijayapura,Criminal,17782,5735,3291,3052,311,0,0,30171,24530,5551,90,0,6997,7474,8321,1837,3188,856,795,1576,7930,,,0.262826462,0.111460957,0.971596182,0.028370675,35.20536756,0.040529535,0.18324856,0.170415938,0.971613924,0.00064288,0.50770337
Karnataka,Vijayapura,Total,38151,20415,8234,7111,1007,10,2,74930,56102,7635,746,10447,18475,13400,28322,3535,4991,1907,10585,7362,20528,,,0.273958709,0.10849982,0.974536574,0.025450081,39.27148847,0.036357258,0.191010215,0.165888568,0.97455437,0.00071713,0.505511352
Karnataka,Kalaburagi,Civil,11761,6203,2678,2572,300,3,2,23519,15044,2019,300,6148,11237,1242,10469,341,1168,781,5323,2891,6267,,,0.266454082,0.122321429,0.966751701,0.033205782,30.07544757,0.047436832,0.185777819,0.187020832,0.966769354,0.000549203,0.505397874
Karnataka,Kalaburagi,Criminal,15329,7057,3963,4156,193,1,0,30699,22399,3421,4879,0,17129,2557,8810,2136,4676,2848,820,2153,10381,,,0.338143322,0.141693811,0.907198697,0.09276873,10.77535978,0.132526757,0.235761181,0.216639838,0.907215263,0.000196767,0.51624123
Karnataka,Kalaburagi,Total,27090,13260,6641,6728,493,4,2,54218,37443,5440,5179,6148,28366,3799,19279,2477,5844,3629,6143,5044,16648,,,0.307051034,0.133292757,0.9330493,0.066932256,14.93608815,0.095617509,0.214082934,0.203795219,0.933066338,0.000272745,0.51153922
Karnataka,Bidar,Civil,6628,3975,1482,1554,290,12,0,13941,9863,833,197,3048,6770,462,5780,484,750,407,3059,2485,5203,,,0.373188926,0.133122938,0.970735906,0.029192368,34.16911765,0.041703383,0.260195769,0.203535578,0.970753632,0.000623957,0.481596118
Karnataka,Bidar,Criminal,14045,3489,2198,1305,222,9,0,21268,16762,248,4258,0,11156,2107,6109,1698,1785,541,398,1303,5582,,,0.262447694,0.072217782,0.974516903,0.025436081,39.2398524,0.036337258,0.182984475,0.110415892,0.974534698,0.000716553,0.521306076
Karnataka,Bidar,Total,20673,7464,3680,2859,512,21,0,35209,26625,1081,4455,3048,17926,2569,11889,2182,2535,948,3457,3788,10785,,,0.306305027,0.096336268,0.97304743,0.026924169,37.10115911,0.038463099,0.213562801,0.147291356,0.973065198,0.000677498,0.505574468
Karnataka,Raichur,Civil,8192,4016,1805,1536,306,3,1,15859,11868,758,121,3112,6493,1413,6167,605,895,455,2777,1374,4129,,,0.260340479,0.116393443,0.971248424,0.028688525,34.77850877,0.040983607,0.181515277,0.17795736,0.97126616,0.000635085,0.50639352
Karnataka,Raichur,Criminal,13364,4257,1832,1690,95,1,0,21239,16252,258,4729,0,11110,2880,5152,1595,3128,1300,515,1141,4721,,,0.222269303,0.084086629,0.938747646,0.061205273,16.32513451,0.087436104,0.154971191,0.128562522,0.938764788,0.000298111,0.541502663
Karnataka,Raichur,Total,21556,8273,3637,3226,401,4,1,37098,28120,1016,4850,3112,17603,4293,11319,2200,4023,1755,3292,2515,8850,,,0.238550904,0.097900213,0.952667188,0.047305857,21.12642369,0.067579796,0.166323092,0.149682517,0.952684584,0.000385786,0.526491487
Karnataka,Koppal,Civil,8299,4876,1989,1581,191,3,0,16939,12111,1148,101,3577,3828,3543,7196,1488,633,423,3198,1714,2028,,,0.119716647,0.104781582,0.974970484,0.024970484,39.9504717,0.03567212,0.083469157,0.160203645,0.974988288,0.000729529,0.532191869
Karnataka,Koppal,Criminal,11777,4344,2314,1810,85,0,0,20330,16415,153,3732,0,9201,2214,5714,1385,1944,715,472,1045,3006,,,0.147853032,0.093207417,0.964782844,0.03516797,28.39385475,0.050239957,0.103086482,0.142507563,0.964800462,0.000518496,0.537140384
Karnataka,Koppal,Total,20076,9220,4303,3391,276,3,0,37269,28526,1301,3833,3577,13029,5757,12910,2873,2577,1138,3670,2759,5034,,,0.13506842,0.09847062,0.969439227,0.030533942,32.72080773,0.043619916,0.094172761,0.150554629,0.96945693,0.000597509,0.53488561
Karnataka,Gadag,Civil,5758,3523,1221,944,122,6,0,11574,8531,547,63,2433,3470,1425,5306,375,518,494,2840,1422,954,,,0.082419006,0.092613391,0.957235421,0.042678186,23.38181818,0.060968837,0.057464398,0.141599339,0.957252901,0.000426972,0.551990647
Karnataka,Gadag,Criminal,5097,2175,1244,791,64,0,0,9371,7481,139,1751,0,3675,1185,3267,597,1782,1156,524,610,746,,,0.079598805,0.091229193,0.876547162,0.123346137,8.099394987,0.176208768,0.055498089,0.139482999,0.876563168,0.000147902,0.593752354
Karnataka,Gadag,Total,10855,5698,2465,1735,186,6,0,20945,16012,686,1814,2433,7145,2610,8573,972,2300,1650,3364,2032,1700,,,0.081161081,0.091998472,0.921178268,0.07877399,12.68625076,0.112534272,0.056587343,0.140659172,0.921195089,0.000231662,0.570670864
Karnataka,Dharwad,Civil,12033,5664,2520,2685,447,19,2,23370,17213,971,556,4630,5801,3363,10085,1472,1244,725,5388,2722,8377,,,0.358435668,0.134910787,0.968935861,0.031021351,32.19008264,0.044316216,0.249909464,0.206269073,0.968953554,0.000587818,0.484270152
Karnataka,Dharwad,Criminal,14581,8119,3068,2318,161,5,0,28252,24657,457,3138,0,11090,2245,7814,2219,5872,5584,979,924,10666,,,0.377517432,0.087919867,0.802321877,0.197642728,5.058549687,0.282346755,0.263213702,0.134423272,0.802336528,9.24E-05,0.583292766
Karnataka,Dharwad,Total,26614,13783,5588,5003,608,24,2,51622,41870,1428,3694,4630,16891,5608,17899,3691,7116,6309,6367,3646,19043,,,0.368885962,0.109195514,0.877767662,0.122212967,8.180982567,0.174589953,0.257195645,0.166952235,0.87778369,0.000149392,0.53847395
Karnataka,Uttara Kannada,Civil,7504,4442,2759,2360,299,12,1,17377,8747,839,86,7705,4622,3113,6233,398,900,390,4078,1060,7909,,,0.455115663,0.153757625,0.977500288,0.022442168,44.44245524,0.03206024,0.317316946,0.235084558,0.977518138,0.000811556,0.456727052
Karnataka,Uttara Kannada,Criminal,13688,5822,2544,1904,201,1,0,24160,20695,1217,2248,0,9528,3933,7245,942,3083,1093,735,668,7127,,,0.294979512,0.087165266,0.954720417,0.045238194,22.08409506,0.064625991,0.205666396,0.133269541,0.954737851,0.000403274,0.520233879
Karnataka,Uttara Kannada,Total,21192,10264,5303,4264,500,13,1,41537,29442,2056,2334,7705,14150,7046,13478,1340,3983,1483,4813,1728,15036,,,0.3619818,0.115027204,0.964273677,0.035702249,27.98989218,0.051003212,0.252381907,0.175868478,0.964291286,0.000511119,0.493663912
Karnataka,Haveri,Civil,10701,6426,3636,3127,450,6,0,24346,17365,1308,250,5423,4425,3637,11505,1042,903,448,5518,2545,6118,,,0.251283526,0.147163922,0.981558303,0.018400624,54.22271715,0.026286606,0.175200564,0.225003251,0.981576227,0.000990152,0.490875902
Karnataka,Haveri,Criminal,13667,3458,1695,1253,70,0,0,20143,17153,327,2662,0,9926,1660,5605,1245,2014,778,685,496,3277,,,0.162678713,0.065677125,0.961328435,0.038621922,25.85750963,0.055174175,0.113423283,0.100415689,0.96134599,0.00047218,0.546979819
Karnataka,Haveri,Total,24368,9884,5331,4380,520,6,0,44489,34518,1635,2912,5423,14351,5297,17110,2287,2917,1226,6203,3041,9395,,,0.21117105,0.110271971,0.972420769,0.027556754,36.25835371,0.039366792,0.147233238,0.168598062,0.972438526,0.000662108,0.516280007
Karnataka,Ballari,Civil,12023,7436,4410,4596,453,10,2,28930,22313,1280,458,4879,9993,2132,12409,2217,1119,662,6892,3068,10648,,,0.368048114,0.174933462,0.977083405,0.02288203,43.63499246,0.032688614,0.256611479,0.267460919,0.977101248,0.000796812,0.463226196
Karnataka,Ballari,Criminal,21495,7970,4308,5138,155,0,0,39066,31402,231,7434,0,26133,876,10375,818,4819,1653,1972,1408,12099,,,0.309698723,0.135485192,0.957662477,0.042311926,23.6191052,0.060445608,0.215928962,0.207147298,0.957679965,0.000431305,0.497816517
Karnataka,Ballari,Total,33518,15406,8718,9734,608,10,2,67996,53715,1511,7892,4879,36126,3008,22784,3035,5938,2315,8864,4476,22747,,,0.334529465,0.152271424,0.965939674,0.03404562,29.35924007,0.0486366,0.233241518,0.232812261,0.965957313,0.000536124,0.483099396
Karnataka,Chitradurga,Civil,12801,6717,2673,2212,270,9,2,24684,18973,980,282,4448,7254,2328,12370,602,1324,468,6907,4192,6259,,,0.25355479,0.100992506,0.981000608,0.018958882,52.63113006,0.027084117,0.176784141,0.154410414,0.981018522,0.000961089,0.508463443
Karnataka,Chitradurga,Criminal,13672,5107,2754,1501,36,0,0,23070,18997,363,3710,0,11388,2660,6808,1380,2714,1184,1230,1312,5296,,,0.229552252,0.066620433,0.948636817,0.051319839,19.46835443,0.073314055,0.160049028,0.10185794,0.94865414,0.000355508,0.541988633
Karnataka,Chitradurga,Total,26473,11824,5427,3713,306,9,2,47754,37970,1343,3992,4448,18642,4988,19178,1982,4038,1652,8137,5504,11555,,,0.241964192,0.084389069,0.965385823,0.034593236,28.8892922,0.049418909,0.168702914,0.129024932,0.965403452,0.000527543,0.524666677
Karnataka,Davangere,Civil,9500,6219,2721,2707,296,10,0,21453,15897,1631,149,3776,5493,2029,10876,693,846,605,5663,2813,9600,,,0.447469003,0.140440011,0.971753519,0.028199869,35.4009901,0.040285528,0.311985522,0.214722866,0.971771264,0.000646452,0.466010144
Karnataka,Davangere,Criminal,12464,4175,1898,1917,88,2,0,20544,16540,286,3718,0,6889,1298,8285,1161,3066,2464,1025,1265,4995,,,0.243124848,0.097688002,0.880019469,0.119931857,8.334279919,0.171331224,0.169512149,0.149358061,0.880035539,0.000152191,0.562517633
Karnataka,Davangere,Total,21964,10394,4619,4624,384,12,0,41997,32437,1917,3867,3776,12382,3327,19161,1854,3912,3069,6688,4078,14595,,,0.347516548,0.119529501,0.926901281,0.073074908,13.67980456,0.104392726,0.242296407,0.182752173,0.926918207,0.000249805,0.513226882
Karnataka,Shivamogga,Civil,10843,6661,3047,2409,312,12,0,23284,16310,1749,171,5054,3914,3401,12568,1426,865,607,6281,4078,4460,,,0.191539618,0.117371699,0.97388877,0.026068284,38.29605263,0.037240406,0.133545759,0.179453044,0.973906554,0.000699318,0.516055397
Karnataka,Shivamogga,Criminal,23510,7100,3119,2054,75,0,0,35858,31876,591,3392,0,10711,9921,10109,2195,7468,1242,1372,1419,5741,,,0.160099278,0.059371427,0.965336457,0.034635656,28.84794851,0.049479509,0.111624842,0.090774722,0.965354085,0.000526788,0.547797608
Karnataka,Shivamogga,Total,34353,13761,6166,4463,387,12,0,59142,48186,2340,3563,5054,14625,13322,22677,3621,8333,1849,7653,5497,10201,,,0.17248026,0.082207531,0.968719882,0.03126321,31.96864865,0.044661728,0.120257143,0.125689513,0.968737572,0.000583774,0.535297182
Karnataka,Udupi,Civil,8116,3195,1848,1778,453,25,3,15418,10768,722,98,3830,3514,2587,7363,1039,859,506,4422,2422,3621,,,0.234840132,0.146507556,0.96711849,0.032816655,30.41025641,0.046880935,0.163735858,0.223999714,0.967136151,0.000555317,0.501169754
Karnataka,Udupi,Criminal,13352,2999,1568,2088,333,3,0,20343,18526,358,1459,0,7471,1982,8112,1737,3111,2035,889,891,5432,,,0.267007471,0.11915061,0.899921353,0.100029493,9.991650295,0.142899275,0.186163655,0.182172874,0.899937786,0.000182456,0.540300143
Karnataka,Udupi,Total,21468,6194,3416,3866,786,28,3,35761,29294,1080,1557,3830,10985,4569,15475,2776,3970,2541,5311,3313,9053,,,0.253145797,0.130949052,0.928918964,0.071053073,14.06805665,0.10150439,0.176498982,0.20021186,0.928935927,0.000256895,0.523429452
Karnataka,Chikkamagaluru,Civil,7939,5342,2339,2156,131,4,0,17911,12472,1105,328,4006,3622,3291,10075,492,620,307,5175,2204,8542,,,0.476887003,0.127903082,0.982804824,0.017139348,58.1525974,0.024484783,0.332496417,0.195554786,0.98282277,0.001061915,0.460327258
Karnataka,Chikkamagaluru,Criminal,11742,5121,2439,1564,32,0,0,20898,17754,418,2726,0,8846,2739,6747,1413,2856,735,1067,735,6938,,,0.331977607,0.07636729,0.964783004,0.035169147,28.39402174,0.050241638,0.231462305,0.116760198,0.964800622,0.000518499,0.513160193
Karnataka,Chikkamagaluru,Total,19681,10463,4778,3720,163,4,0,38809,30226,1523,3054,4006,12468,6030,16822,1905,3476,1042,6242,2939,15480,,,0.398866272,0.100154599,0.973125483,0.02684875,37.20901246,0.038355358,0.278098596,0.153129315,0.973143253,0.000679468,0.488776991
Karnataka,Tumakuru,Civil,21954,16380,8943,9418,1754,65,14,58528,43065,6560,375,8528,14470,6955,29872,2343,1937,1449,18417,13477,11007,,,0.18806062,0.192229493,0.975225956,0.024756958,40.36413793,0.035367083,0.131120122,0.29390533,0.975243765,0.000737083,0.487296824
Karnataka,Tumakuru,Criminal,18901,10333,4705,5937,1074,16,0,40966,35375,217,5374,0,21764,3570,11007,2794,2950,1386,1984,2928,9185,,,0.224204848,0.171528303,0.966143481,0.033832109,29.53568854,0.048331584,0.156320697,0.262254671,0.966161124,0.000539346,0.493852441
Karnataka,Tumakuru,Total,40855,26713,13648,15355,2828,81,14,99494,78440,6777,5749,8528,36234,10525,40879,5137,4887,2835,20401,16405,20192,,,0.202944872,0.183707724,0.971496055,0.028493894,35.08251058,0.040705563,0.14149776,0.280876146,0.971513795,0.000640636,0.489994309
Karnataka,Kolar,Civil,10334,8080,4118,4892,1123,12,0,28559,22151,2315,128,3965,8765,3427,13483,2023,718,485,9111,6562,8432,,,0.295238095,0.211029412,0.982983193,0.016981793,58.76337449,0.024259704,0.205846685,0.322649079,0.983001143,0.001073068,0.458433261
Karnataka,Kolar,Criminal,16807,4739,2280,2554,298,2,0,26680,23037,222,3421,0,9675,7444,7041,1896,4227,818,1319,1740,5925,,,0.222068138,0.106967505,0.969303999,0.030658521,32.57631258,0.043797887,0.154830935,0.163545767,0.969321699,0.000594871,0.517320256
Karnataka,Kolar,Total,27141,12819,6398,7446,1421,14,0,55239,45188,2537,3549,3965,18440,10871,20524,3919,4945,1303,10430,8302,14357,,,0.259902245,0.16077118,0.976393917,0.02358798,42.36119632,0.033697114,0.18120973,0.245807789,0.976411747,0.000773551,0.486875845
Karnataka,Bengaluru,Civil,48658,26373,12900,13877,4837,446,65,107156,83818,352,4085,18903,43724,6036,52770,2010,4765,3342,15277,23632,29822,,,0.278301931,0.179409651,0.968802785,0.031187883,32.05384385,0.044554119,0.194038408,0.274304696,0.968820476,0.00058533,0.480551842
Karnataka,Bengaluru,Criminal,154549,80333,36216,32254,9878,624,0,313854,291953,6918,14983,0,177479,30033,87298,9318,31822,13327,11896,17625,103714,,,0.33045196,0.136228513,0.95753453,0.042462284,23.54846939,0.060660405,0.230398589,0.208283783,0.957552016,0.000430015,0.49417328
Karnataka,Bengaluru,Total,203208,106707,49116,46131,14715,1070,65,421012,375771,7270,19068,18903,221204,36069,140064,11329,36587,16669,27173,41256,133536,,,0.317177854,0.147218732,0.960405023,0.039592602,25.25566887,0.05656086,0.221143582,0.225087052,0.960422561,0.00046119,0.490706769
Karnataka,Bengaluru Rural,Civil,26561,23660,12807,20828,12520,330,14,96720,86700,4333,625,5060,31634,7957,39622,6820,1881,1345,24784,16369,52629,,,0.544132091,0.348342139,0.986083684,0.013905977,71.85735513,0.019865681,0.379381215,0.532590548,0.986101691,0.001312176,0.36314515
Karnataka,Bengaluru Rural,Criminal,28229,13622,11074,17715,4711,113,10,75474,70656,482,4335,0,17848,9815,19219,12049,6408,2116,2574,1688,44685,,,0.592050348,0.298761179,0.971950977,0.028035773,35.65139348,0.040051105,0.412790909,0.45678476,0.971968726,0.000651024,0.381406851
Karnataka,Bengaluru Rural,Total,54790,37282,23881,38543,17231,443,24,172194,157356,4815,4960,5060,49482,17772,58841,18869,8289,3461,27358,18057,97314,,,0.565138361,0.326612271,0.979894887,0.020099306,49.73830156,0.028713294,0.394027262,0.499367114,0.97991278,0.000908263,0.371157416
Karnataka,Mandya,Civil,16233,12546,6622,7446,1662,15,3,44527,31566,2492,1126,9179,10033,8138,21875,3116,1406,910,10733,10139,18299,,,0.410954905,0.204949695,0.979540963,0.020436579,48.87705818,0.029195113,0.286527065,0.31335362,0.97955885,0.000892536,0.443396201
Karnataka,Mandya,Criminal,17113,12331,6681,8706,961,28,0,45820,41268,974,3579,0,23313,4426,14646,3200,2730,1752,2660,2524,22298,,,0.486632767,0.211584208,0.961742433,0.038235743,26.13804906,0.054622491,0.339291384,0.323497323,0.961759995,0.000477303,0.437375697
Karnataka,Mandya,Total,33346,24877,13303,16152,2623,43,3,90347,72834,3466,4705,9179,33346,12564,36521,6316,4136,2662,13393,12663,40597,,,0.449340329,0.208316731,0.970525081,0.029463851,33.92677431,0.042091216,0.313290252,0.318501581,0.970542803,0.000619531,0.440344606
Karnataka,Hassan,Civil,19192,12181,6460,6399,837,10,1,45080,33071,4010,622,7377,14987,2977,24862,1017,1623,780,12967,8619,21197,,,0.470198088,0.160755085,0.982675628,0.017302189,57.72087068,0.024717413,0.327832754,0.245783181,0.982693573,0.001054031,0.448929508
Karnataka,Hassan,Criminal,18944,11339,6988,8719,683,12,0,46685,40506,595,5584,0,21516,4555,15126,2537,3389,1353,2782,3127,23973,,,0.513494409,0.201645033,0.97099773,0.028980851,34.47932053,0.041401215,0.35801993,0.308301025,0.971015461,0.000629621,0.432054513
Karnataka,Hassan,Total,38136,23520,13448,15118,1520,22,1,91765,73577,4605,6206,7377,36503,7532,39988,3554,5012,2133,15749,11746,45170,,,0.492230238,0.181559619,0.9767452,0.023243903,43.00140581,0.033205576,0.343194068,0.277591845,0.976763036,0.000785242,0.440345359
Karnataka,Dakshina Kannada,Civil,11561,6506,3602,2976,494,44,9,25192,16017,1457,190,7528,9413,452,10701,2408,1334,648,5487,3407,10801,,,0.428730203,0.139840432,0.974238876,0.025721431,38.81664099,0.036744901,0.298920405,0.213806152,0.974256666,0.000708824,0.46807764
Karnataka,Dakshina Kannada,Criminal,19526,8057,3323,3914,298,2,0,35120,29957,1045,4118,0,21473,47,11120,2479,3633,1980,1295,1614,12442,,,0.354260983,0.119985194,0.943595,0.056376527,17.72841999,0.080537896,0.246998779,0.183448894,0.943612231,0.000323736,0.503499764
Karnataka,Dakshina Kannada,Total,31087,14563,6925,6890,792,46,9,60312,45974,2502,4308,7528,30886,499,21821,4887,4967,2628,6782,5021,23243,,,0.385372971,0.128280802,0.956410724,0.043572696,22.94104222,0.062246708,0.268690762,0.196132293,0.956428189,0.000418923,0.488704875
Karnataka,Kodagu,Civil,2570,1606,922,720,82,7,1,5908,4025,558,71,1254,2375,544,2260,234,196,163,1826,672,2262,,,0.382805889,0.137079032,0.972245727,0.02758504,36.02439024,0.0394072,0.266900934,0.209584166,0.972263481,0.000657836,0.477699071
Karnataka,Kodagu,Criminal,6555,3418,1497,1254,151,8,0,12883,11229,490,1164,0,5248,1733,4471,731,1253,577,658,469,4055,,,0.31473145,0.10967091,0.955138156,0.044784229,22.28892734,0.063977469,0.219437894,0.167679082,0.955155597,0.000407014,0.508131067
Karnataka,Kodagu,Total,9125,5024,2419,1974,233,15,1,18791,15254,1048,1235,1254,7623,2277,6731,965,1449,740,2484,1141,6317,,,0.336153682,0.118295019,0.960568327,0.039378459,25.35897436,0.056254941,0.234373959,0.180864736,0.960585868,0.000463076,0.498548382
Karnataka,Mysuru,Civil,24141,15722,7484,13865,2200,46,1,63459,47156,4383,2728,9192,14931,8175,29499,2140,2660,1446,15806,15909,15084,,,0.237693035,0.253892216,0.977198235,0.022786007,43.85556323,0.032551438,0.165724966,0.388183281,0.97721608,0.000800839,0.454483289
Karnataka,Mysuru,Criminal,27199,14761,10464,11598,1142,0,27,65191,54632,983,9577,0,25566,4994,20449,3258,4165,2291,3944,5112,21943,,,0.336590379,0.195836913,0.964842312,0.035142349,28.44284468,0.050203355,0.234678434,0.299420819,0.964859931,0.00051939,0.466633659
Karnataka,Mysuru,Total,51340,30483,17948,25463,3342,46,28,128650,101788,5366,12305,9192,40497,13169,49948,5398,6825,3737,19750,21021,37027,,,0.287809656,0.224475519,0.970944649,0.029047578,34.41680043,0.04149654,0.200667409,0.343207228,0.970962379,0.00062848,0.460640342
Karnataka,Chamrajnagar,Civil,5457,3641,1595,1448,275,6,0,12422,9844,612,62,1904,1828,1946,5940,698,342,246,3670,3308,4442,,,0.357562586,0.139177332,0.980117524,0.01980198,50.29149798,0.028288543,0.249300731,0.21279232,0.980135422,0.000918365,0.477093292
Karnataka,Chamrajnagar,Criminal,7425,2938,1145,1417,67,0,0,12992,11023,120,1849,0,3979,1364,5317,1120,1774,567,660,1180,3236,,,0.249057185,0.114215347,0.956284153,0.043638882,22.87323944,0.062341261,0.173648309,0.174627205,0.956301616,0.000417685,0.516664863
Karnataka,Chamrajnagar,Total,12882,6579,2740,2865,342,6,0,25414,20867,732,1911,1904,5807,3310,11257,1818,2116,813,4330,4488,7678,,,0.302105056,0.126421405,0.96797167,0.031988983,31.22113022,0.045698547,0.210634486,0.193289406,0.967989346,0.000570124,0.497319292
Karnataka,Ramanagara,Civil,9812,8501,5071,6090,1205,52,6,30737,25722,1554,88,3373,9586,2543,15740,1353,672,381,9536,4278,14048,,,0.457023879,0.239215304,0.987572386,0.012395081,80.46335079,0.017707259,0.318647397,0.365743318,0.98759042,0.001469328,0.418551372
Karnataka,Ramanagara,Criminal,9750,5714,4232,4009,1318,13,0,25036,22162,310,2564,0,12216,1574,8098,1872,2370,1297,1224,683,16398,,,0.654950673,0.213284339,0.948156728,0.051803331,19.28813559,0.074004759,0.45664644,0.326096703,0.948174042,0.000352218,0.415775467
Karnataka,Ramanagara,Total,19562,14215,9303,10099,2523,65,6,55773,47884,1864,2652,3373,21802,4117,23838,3225,3042,1678,10760,4961,30446,,,0.545881594,0.227579159,0.969896367,0.030085703,33.2179869,0.042979576,0.380601008,0.347952474,0.969914079,0.000606588,0.417331648
Karnataka,Chikkaballapur,Civil,8043,6452,3435,4854,1009,27,4,23824,19126,1515,77,3106,5302,3357,11216,1048,587,362,7312,4720,10058,,,0.422161595,0.247387198,0.984763903,0.015194124,65.63085399,0.021705891,0.294340623,0.378237568,0.984781886,0.001198474,0.422624289
Karnataka,Chikkaballapur,Criminal,10246,5129,2446,2723,240,11,0,20795,18621,203,1971,0,6872,1980,6406,2124,1945,886,1083,1299,6864,,,0.330063474,0.143008271,0.957347567,0.042604347,23.44419391,0.060863353,0.230127728,0.218649554,0.957365049,0.000428111,0.491723539
Karnataka,Chikkaballapur,Total,18289,11581,5881,7577,1249,38,4,44619,37747,1718,2048,3106,12174,5337,17622,3172,2532,1248,8395,6019,16922,,,0.379246974,0.198744957,0.972008068,0.02796952,35.72377902,0.039956458,0.264419578,0.303867015,0.972025818,0.000652346,0.45483802
Karnataka,Yadgir,Civil,4237,2819,1211,783,45,2,0,9097,6955,620,44,1478,3582,713,4081,402,400,256,1723,915,4315,,,0.474280062,0.091228842,0.971752033,0.028138052,35.39688716,0.040197218,0.330678798,0.139482461,0.971769778,0.000646377,0.480404596
Karnataka,Yadgir,Criminal,8633,2703,1751,1088,30,0,0,14205,9657,148,4400,0,9050,394,3556,881,1832,396,247,1035,6057,,,0.42636914,0.078699141,0.972054062,0.027875546,35.78085642,0.039822208,0.297274219,0.120325433,0.972071812,0.000653388,0.492977765
Karnataka,Yadgir,Total,12870,5522,2962,1871,75,2,0,23302,16612,768,4444,1478,12632,1107,7637,1283,2232,652,1970,1950,10372,,,0.445092906,0.083594387,0.971977857,0.02797923,35.68453292,0.039970329,0.310328853,0.127809919,0.971995606,0.000651629,0.488055543
Karnataka,Vijayanagar,Civil,0,0,0,0,0,0,0,0,0,0,0,0,0,0,0,0,0,0,0,0,0,,,0,0,0,0,0,0,0,0,0,0,0.802794471
Karnataka,Vijayanagar,Criminal,0,0,0,0,0,0,0,0,0,0,0,0,0,0,0,0,0,0,0,0,0,,,0,0,0,0,0,0,0,0,0,0,0.802794471
Karnataka,Vijayanagar,Total,0,0,0,0,0,0,0,0,0,0,0,0,0,0,0,0,0,0,0,0,0,,,0,0,0,0,0,0,0,0,0,0,0.802794471
Diu and Daman,Diu,Civil,283,81,19,9,3,0,0,395,345,12,20,16,128,78,178,11,33,19,90,59,35,,,0.088383838,0.03030303,0.949494949,0.047979798,19.75,0.068542569,0.061623213,0.046331195,0.949512288,0.000360652,0.578090506
Diu and Daman,Diu,Criminal,200,125,22,12,3,0,1,363,197,95,67,4,29,150,138,42,14,5,8,81,35,,,0.096153846,0.043956044,0.983516484,0.013736264,60.5,0.019623234,0.067040639,0.067205689,0.983534443,0.001104781,0.554267734
Diu and Daman,Diu,Total,483,206,41,21,6,0,1,758,542,107,87,20,157,228,316,53,47,24,98,140,70,,,0.092226614,0.036890646,0.967061924,0.031620553,30.32,0.045172219,0.064302484,0.056403194,0.967079583,0.000553669,0.5663847
Diu and Daman,Daman,Civil,331,293,151,195,61,1,0,1032,228,43,28,0,185,230,384,36,19,15,216,31,23,,,0.022265247,0.248789932,0.984511133,0.014520813,64.5,0.020744019,0.015523834,0.38038225,0.984529111,0.001177824,0.488042554
Diu and Daman,Daman,Criminal,447,443,189,204,37,1,8,1329,117,30,94,0,277,155,523,41,55,40,50,15,82,,,0.061654135,0.187969925,0.969172932,0.030075188,32.41463415,0.042964554,0.042986659,0.28739275,0.96919063,0.000591918,0.512680636
Diu and Daman,Daman,Total,778,736,340,399,98,2,8,2361,345,73,122,0,462,385,907,77,74,55,266,46,105,,,0.044453853,0.214648603,0.976291279,0.023285351,42.16071429,0.033264788,0.030994233,0.328182566,0.976309106,0.00076989,0.501789792
Lakshadweep,Lakshadweep,Civil,3962103,2821544,1531756,1869099,684551,105603,30848,11005504,8210078,485107,661210,1430299,2608823,1921256,4386156,1478161,215686,189703,2213883,1771218,4353621,,,0.395585755,0.244432309,0.982762808,0.017237101,58.0140851,0.02462443,0.275811346,0.373719751,0.982780754,0.001059386,0.429182703
Lakshadweep,Lakshadweep,Criminal,11185389,8459190,5065824,6256119,3040720,446049,74120,34527411,31081033,421604,2654126,69559,15898192,2194458,10919784,2687819,1460580,1171574,686137,1934525,15275824,,,0.442425977,0.284325046,0.966068265,0.033931706,29.47093528,0.048473866,0.30846941,0.434712931,0.966085906,0.000538164,0.414645869
Lakshadweep,Lakshadweep,Total,15147492,11280728,6597577,8125215,3725271,551652,104968,45532903,39291109,906712,3315334,1499862,18507058,4115782,15305925,4165980,1676266,1361277,2900020,3705742,19629446,,,0.431104636,0.27468281,0.970103422,0.029896556,33.44864385,0.042709365,0.300575914,0.419970632,0.970121137,0.0006108,0.418164368
